Order ID,Order Date,Region,Product,Category,Sales,Profit,Customer Segment,Payment Mode
ORD00001,21-06-2022,East,Keyboard,Technology,127.01,12.08,Home Office,Credit Card
ORD00002,31-07-2022,North,Paper,Office Supplies,1017.56,228.82,Consumer,Prepaid
ORD00003,17-07-2024,West,Notebook,Office Supplies,1364.8,340.45,Home Office,Credit Card
ORD00004,16-09-2024,South,Cabinet,Furniture,564.85,77.05,Corporate,UPI
ORD00005,20-05-2022,East,Laptop,Technology,1076.21,302.13,Consumer,UPI
ORD00006,06-07-2022,North,Stapler,Office Supplies,315.58,37.22,Corporate,Cash on Delivery
ORD00007,12-11-2023,West,Stapler,Office Supplies,824.43,78.89,Home Office,Credit Card
ORD00008,21-07-2023,East,Laptop,Technology,1935.14,217.6,Home Office,Cash on Delivery
ORD00009,06-12-2024,North,Printer,Technology,393.04,31.91,Corporate,UPI
ORD00010,04-08-2023,South,Laptop,Technology,1420.71,310.47,Home Office,Cash on Delivery
ORD00011,26-11-2023,South,Mouse,Technology,225.02,66.43,Consumer,UPI
ORD00012,13-12-2022,South,Laptop,Technology,1228.87,229.38,Corporate,Prepaid
ORD00013,11-10-2024,West,Paper,Office Supplies,1351.99,220.01,Home Office,Credit Card
ORD00014,01-09-2023,South,Keyboard,Technology,1130.9,193.5,Consumer,Cash on Delivery
ORD00015,06-10-2022,East,Pen,Office Supplies,1990.3,428.27,Corporate,UPI
ORD00016,16-01-2024,North,Mouse,Technology,266.42,79.46,Consumer,Cash on Delivery
ORD00017,08-01-2024,West,Stapler,Office Supplies,1318.05,93.25,Corporate,Cash on Delivery
ORD00018,07-04-2022,South,Monitor,Technology,506.59,70.19,Home Office,Prepaid
ORD00019,08-07-2022,North,Mouse,Technology,1684.6,478.46,Consumer,UPI
ORD00020,25-09-2022,West,Laptop,Technology,1222.8,220.45,Corporate,Cash on Delivery
ORD00021,13-02-2024,North,Pen,Office Supplies,254.26,56.58,Home Office,Credit Card
ORD00022,27-07-2022,East,Notebook,Office Supplies,1276.82,97.08,Home Office,Credit Card
ORD00023,28-08-2022,East,Paper,Office Supplies,1819.66,337.37,Corporate,UPI
ORD00024,29-06-2024,West,Chair,Furniture,669.73,126.76,Consumer,UPI
ORD00025,02-01-2024,North,Pen,Office Supplies,1085.69,82.8,Corporate,Cash on Delivery
ORD00026,24-12-2024,North,Stapler,Office Supplies,1146.71,201.56,Consumer,UPI
ORD00027,08-12-2023,North,Pen,Office Supplies,1663.45,332.69,Corporate,Credit Card
ORD00028,02-05-2023,North,Table,Furniture,943.89,173.66,Home Office,UPI
ORD00029,04-09-2022,North,Keyboard,Technology,1483.72,75.2,Consumer,Prepaid
ORD00030,04-02-2024,West,Pen,Office Supplies,1813.86,479.71,Consumer,Cash on Delivery
ORD00031,14-12-2022,East,Chair,Furniture,1170.37,77,Consumer,Prepaid
ORD00032,02-07-2024,East,Stapler,Office Supplies,1052.47,126.64,Corporate,UPI
ORD00033,23-09-2022,East,Monitor,Technology,358.24,75.88,Home Office,UPI
ORD00034,20-12-2023,East,Notebook,Office Supplies,391.47,67.34,Consumer,Prepaid
ORD00035,06-03-2023,South,Stapler,Office Supplies,1248.72,180.19,Corporate,Prepaid
ORD00036,17-02-2024,North,Stapler,Office Supplies,1342.45,237.85,Corporate,UPI
ORD00037,07-11-2024,West,Printer,Technology,1621.74,340.08,Consumer,UPI
ORD00038,03-11-2023,West,Desk,Furniture,1343.44,343.59,Consumer,Cash on Delivery
ORD00039,03-02-2024,North,Laptop,Technology,654.63,70.01,Home Office,Credit Card
ORD00040,27-07-2022,West,Laptop,Technology,979.28,72.91,Corporate,Cash on Delivery
ORD00041,03-04-2024,South,Printer,Technology,824.64,93.65,Home Office,Credit Card
ORD00042,07-11-2022,West,Mouse,Technology,1798.68,161.43,Consumer,Credit Card
ORD00043,15-04-2023,South,Table,Furniture,1558.59,441.61,Corporate,Cash on Delivery
ORD00044,21-11-2023,South,Notebook,Office Supplies,1853.26,111.26,Corporate,Cash on Delivery
ORD00045,21-03-2023,East,Chair,Furniture,834.88,176.52,Consumer,Cash on Delivery
ORD00046,25-05-2022,North,Laptop,Technology,1520.25,254.22,Home Office,Cash on Delivery
ORD00047,20-04-2024,East,Cabinet,Furniture,1522.2,91.83,Home Office,Cash on Delivery
ORD00048,13-05-2022,West,Keyboard,Technology,1510.95,168.6,Home Office,UPI
ORD00049,05-04-2024,South,Monitor,Technology,741.56,166.14,Consumer,Cash on Delivery
ORD00050,22-12-2023,South,Chair,Furniture,170.08,25.09,Consumer,UPI
ORD00051,27-12-2024,South,Laptop,Technology,1008.56,131.28,Consumer,Cash on Delivery
ORD00052,04-07-2022,East,Monitor,Technology,1705.09,291.25,Home Office,Prepaid
ORD00053,21-12-2022,East,Printer,Technology,870,255.2,Corporate,Cash on Delivery
ORD00054,19-01-2024,North,Pen,Office Supplies,1213.26,167.93,Corporate,Cash on Delivery
ORD00055,16-08-2022,North,Printer,Technology,189.79,44.07,Corporate,Cash on Delivery
ORD00056,28-11-2024,West,Mouse,Technology,1566.23,393.82,Home Office,Cash on Delivery
ORD00057,04-03-2024,South,Chair,Furniture,1505.72,380.79,Home Office,Prepaid
ORD00058,16-06-2024,West,Cabinet,Furniture,439.11,87.69,Consumer,Prepaid
ORD00059,21-06-2023,East,File Folder,Office Supplies,1383.08,408.08,Consumer,Prepaid
ORD00060,09-12-2024,South,Bookshelf,Furniture,1715.39,279.6,Consumer,UPI
ORD00061,30-11-2024,East,Printer,Technology,928.32,117.72,Consumer,UPI
ORD00062,10-12-2023,South,Paper,Office Supplies,651.29,157.37,Consumer,Prepaid
ORD00063,31-12-2024,South,File Folder,Office Supplies,471.35,83.11,Corporate,UPI
ORD00064,21-07-2022,North,Desk,Furniture,470.71,63.98,Corporate,UPI
ORD00065,19-09-2023,West,Stapler,Office Supplies,780,126.9,Home Office,Cash on Delivery
ORD00066,11-02-2022,North,Stapler,Office Supplies,1572.31,183.32,Consumer,Credit Card
ORD00067,22-08-2024,East,Paper,Office Supplies,1163.31,299.69,Home Office,UPI
ORD00068,24-03-2022,North,Table,Furniture,1227.74,345.26,Home Office,Credit Card
ORD00069,24-03-2024,North,Paper,Office Supplies,653.83,112.55,Home Office,Prepaid
ORD00070,23-03-2024,South,Notebook,Office Supplies,589.5,167.28,Home Office,Cash on Delivery
ORD00071,22-07-2023,South,Keyboard,Technology,1812.66,204.75,Home Office,Credit Card
ORD00072,28-08-2024,West,Stapler,Office Supplies,651.38,67.8,Home Office,UPI
ORD00073,02-04-2022,West,File Folder,Office Supplies,1814.64,362.26,Corporate,UPI
ORD00074,19-05-2024,West,Desk,Furniture,1928.2,150.6,Consumer,Credit Card
ORD00075,11-03-2022,West,Printer,Technology,543.18,128.22,Home Office,UPI
ORD00076,05-11-2022,North,File Folder,Office Supplies,1264.77,87.97,Corporate,Prepaid
ORD00077,18-06-2024,North,Mouse,Technology,135.34,37.73,Consumer,UPI
ORD00078,09-06-2023,West,Mouse,Technology,1891.58,352.75,Corporate,UPI
ORD00079,21-01-2022,North,Laptop,Technology,1806.33,505.88,Corporate,UPI
ORD00080,01-01-2023,West,Keyboard,Technology,915.24,136.3,Corporate,Cash on Delivery
ORD00081,12-07-2024,West,Paper,Office Supplies,1198.95,303.91,Consumer,UPI
ORD00082,03-08-2023,West,Mouse,Technology,377.57,101.15,Home Office,UPI
ORD00083,29-12-2023,South,Notebook,Office Supplies,972.11,100.83,Consumer,Cash on Delivery
ORD00084,17-01-2022,East,File Folder,Office Supplies,138,39.48,Home Office,Prepaid
ORD00085,06-10-2022,South,Stapler,Office Supplies,1111.29,90.86,Corporate,Credit Card
ORD00086,03-09-2023,South,Keyboard,Technology,1480.55,430.45,Corporate,Prepaid
ORD00087,30-08-2024,East,File Folder,Office Supplies,631.68,176.43,Corporate,Cash on Delivery
ORD00088,25-09-2023,West,Laptop,Technology,1897.44,329.84,Home Office,Credit Card
ORD00089,02-06-2023,North,Notebook,Office Supplies,805.57,170.34,Home Office,Credit Card
ORD00090,04-02-2024,South,Notebook,Office Supplies,1861.02,162.05,Home Office,Cash on Delivery
ORD00091,03-06-2022,West,Monitor,Technology,1543.12,449.75,Home Office,Credit Card
ORD00092,10-11-2024,South,Stapler,Office Supplies,638.36,182.92,Home Office,Cash on Delivery
ORD00093,06-05-2022,West,Desk,Furniture,1189.82,257.39,Home Office,Prepaid
ORD00094,01-03-2023,West,Mouse,Technology,75.39,9.24,Corporate,Cash on Delivery
ORD00095,09-07-2024,South,Keyboard,Technology,1252.08,138.37,Home Office,UPI
ORD00096,30-09-2022,West,Bookshelf,Furniture,1083.71,172.84,Corporate,Cash on Delivery
ORD00097,05-08-2023,North,Printer,Technology,650.68,75.56,Consumer,Prepaid
ORD00098,19-10-2024,West,Paper,Office Supplies,1317.71,353.93,Consumer,Prepaid
ORD00099,19-03-2024,West,Pen,Office Supplies,599.6,71.78,Consumer,Cash on Delivery
ORD00100,30-12-2023,South,Bookshelf,Furniture,1164.54,333.36,Corporate,Credit Card
ORD00101,18-09-2022,West,Laptop,Technology,1431.17,304.2,Consumer,Credit Card
ORD00102,10-08-2024,South,Table,Furniture,788.85,205.95,Corporate,Credit Card
ORD00103,21-03-2023,East,Stapler,Office Supplies,1663.56,145.4,Consumer,Prepaid
ORD00104,14-08-2024,South,Stapler,Office Supplies,1763.96,197.49,Home Office,Cash on Delivery
ORD00105,20-03-2023,South,Printer,Technology,1854.06,301.11,Home Office,Cash on Delivery
ORD00106,15-01-2023,West,Laptop,Technology,80.18,21.31,Corporate,Cash on Delivery
ORD00107,31-03-2023,West,Desk,Furniture,830.7,143.4,Corporate,UPI
ORD00108,05-03-2023,East,Bookshelf,Furniture,1612.99,360.17,Home Office,Credit Card
ORD00109,29-05-2022,South,Cabinet,Furniture,1521.6,81.84,Home Office,Cash on Delivery
ORD00110,17-06-2022,West,Bookshelf,Furniture,1456.21,135.35,Consumer,Cash on Delivery
ORD00111,28-10-2024,South,File Folder,Office Supplies,883.08,107.87,Home Office,UPI
ORD00112,06-09-2023,East,File Folder,Office Supplies,83.42,23.89,Corporate,Credit Card
ORD00113,22-06-2023,North,Pen,Office Supplies,1427.35,117.28,Home Office,Prepaid
ORD00114,16-08-2023,South,Desk,Furniture,815.53,205.32,Home Office,Cash on Delivery
ORD00115,13-04-2022,West,Paper,Office Supplies,1717.08,217.83,Home Office,Credit Card
ORD00116,29-06-2023,East,Laptop,Technology,648.82,138.3,Consumer,Credit Card
ORD00117,19-05-2022,South,Desk,Furniture,240.7,43.67,Home Office,Prepaid
ORD00118,07-11-2023,South,Printer,Technology,1287.16,195.4,Corporate,UPI
ORD00119,16-05-2022,West,Paper,Office Supplies,1706.76,343.44,Home Office,Prepaid
ORD00120,26-11-2023,North,Stapler,Office Supplies,1216.47,79.94,Home Office,Prepaid
ORD00121,29-08-2024,South,Desk,Furniture,1926.92,415.16,Home Office,Cash on Delivery
ORD00122,06-10-2023,South,Mouse,Technology,1725.12,289.86,Corporate,Prepaid
ORD00123,07-12-2023,North,Chair,Furniture,1405.14,420.23,Consumer,Prepaid
ORD00124,16-05-2024,South,Monitor,Technology,978.2,180.57,Corporate,Cash on Delivery
ORD00125,16-10-2022,West,Pen,Office Supplies,1441.78,416.21,Home Office,Credit Card
ORD00126,09-08-2024,South,Monitor,Technology,919.56,131.16,Home Office,UPI
ORD00127,12-07-2023,North,Notebook,Office Supplies,839.57,123.87,Consumer,Prepaid
ORD00128,26-02-2022,West,Stapler,Office Supplies,1833.58,227.39,Corporate,Credit Card
ORD00129,26-07-2022,North,Chair,Furniture,100.8,8.16,Corporate,Prepaid
ORD00130,16-07-2023,West,Paper,Office Supplies,802.1,193.72,Home Office,Credit Card
ORD00131,03-04-2022,West,Desk,Furniture,1349.02,127.17,Consumer,UPI
ORD00132,03-07-2023,South,Cabinet,Furniture,1610.7,114.67,Home Office,Cash on Delivery
ORD00133,16-11-2024,South,Cabinet,Furniture,1426.61,392.71,Consumer,Credit Card
ORD00134,18-06-2023,East,Bookshelf,Furniture,439.84,60.84,Corporate,UPI
ORD00135,26-12-2023,East,Table,Furniture,1863.17,503.56,Home Office,Prepaid
ORD00136,30-03-2023,West,Printer,Technology,1213.09,123.37,Consumer,Credit Card
ORD00137,29-07-2023,West,Printer,Technology,723.32,151.08,Corporate,Credit Card
ORD00138,11-05-2023,East,Printer,Technology,1058.73,90.51,Corporate,UPI
ORD00139,07-02-2022,South,Notebook,Office Supplies,283.22,15.32,Consumer,Credit Card
ORD00140,16-12-2023,North,Desk,Furniture,105.46,28.79,Corporate,Credit Card
ORD00141,23-11-2024,East,Desk,Furniture,1847.39,426.98,Home Office,UPI
ORD00142,21-06-2024,West,Cabinet,Furniture,887.58,126.71,Consumer,UPI
ORD00143,24-04-2022,South,Mouse,Technology,308.99,33.3,Corporate,Prepaid
ORD00144,08-01-2023,East,Table,Furniture,1892.6,317.02,Consumer,Prepaid
ORD00145,19-05-2024,South,Notebook,Office Supplies,711.27,72.92,Home Office,Credit Card
ORD00146,26-01-2022,North,Table,Furniture,1294.17,377.57,Home Office,Prepaid
ORD00147,30-10-2023,West,Paper,Office Supplies,703.25,175.64,Corporate,Credit Card
ORD00148,31-10-2023,South,Bookshelf,Furniture,1362.99,196.85,Home Office,Credit Card
ORD00149,14-09-2022,West,Laptop,Technology,1474.12,164.33,Corporate,UPI
ORD00150,25-12-2022,West,Table,Furniture,356.25,106.56,Home Office,Credit Card
ORD00151,21-08-2024,East,Mouse,Technology,652.37,138.3,Home Office,Credit Card
ORD00152,23-10-2024,South,Table,Furniture,694.43,122,Home Office,Cash on Delivery
ORD00153,04-05-2024,West,Stapler,Office Supplies,438.33,95.37,Home Office,Credit Card
ORD00154,07-12-2023,West,Keyboard,Technology,1594.03,355.06,Home Office,Cash on Delivery
ORD00155,21-10-2024,West,Chair,Furniture,301.42,59.88,Consumer,Cash on Delivery
ORD00156,19-03-2024,East,Keyboard,Technology,739.26,161.87,Home Office,Cash on Delivery
ORD00157,16-09-2024,South,Chair,Furniture,217.39,15.65,Consumer,Cash on Delivery
ORD00158,26-09-2023,East,Pen,Office Supplies,910.47,168.16,Corporate,Credit Card
ORD00159,09-02-2023,East,Keyboard,Technology,922.53,239.13,Corporate,Credit Card
ORD00160,31-10-2022,North,Pen,Office Supplies,1888.23,552.9,Corporate,Prepaid
ORD00161,13-01-2023,North,Paper,Office Supplies,1701.68,500.75,Consumer,Credit Card
ORD00162,20-05-2024,South,Mouse,Technology,1158.97,265.22,Corporate,UPI
ORD00163,28-09-2024,North,Cabinet,Furniture,1520.33,223.23,Home Office,Cash on Delivery
ORD00164,08-05-2023,North,Stapler,Office Supplies,635.71,117.83,Corporate,Cash on Delivery
ORD00165,20-08-2024,South,Keyboard,Technology,1953.16,561.97,Consumer,Credit Card
ORD00166,25-09-2024,South,Keyboard,Technology,173.32,27.1,Home Office,Credit Card
ORD00167,21-07-2024,North,Stapler,Office Supplies,1094.66,100.49,Home Office,Credit Card
ORD00168,01-11-2024,West,Paper,Office Supplies,408.59,106.01,Consumer,Credit Card
ORD00169,07-07-2024,East,Bookshelf,Furniture,506.47,32.26,Corporate,Credit Card
ORD00170,26-11-2024,West,Pen,Office Supplies,1226.71,326.13,Home Office,Prepaid
ORD00171,24-07-2022,South,Stapler,Office Supplies,1965.79,391.92,Consumer,UPI
ORD00172,28-07-2022,North,Laptop,Technology,155.98,8.23,Home Office,Prepaid
ORD00173,01-06-2022,West,Printer,Technology,375.93,21.89,Home Office,Prepaid
ORD00174,14-01-2023,North,Monitor,Technology,909.77,106.54,Corporate,Cash on Delivery
ORD00175,10-04-2022,South,Cabinet,Furniture,1045.35,302.28,Corporate,Credit Card
ORD00176,09-01-2022,East,Desk,Furniture,605.66,78.61,Home Office,Prepaid
ORD00177,24-10-2022,North,Stapler,Office Supplies,219.06,25.13,Consumer,Prepaid
ORD00178,02-10-2023,North,Cabinet,Furniture,771.11,141.03,Consumer,Credit Card
ORD00179,10-12-2024,South,Paper,Office Supplies,835.75,64.77,Home Office,Cash on Delivery
ORD00180,11-03-2024,South,Bookshelf,Furniture,1908.89,280.76,Home Office,Cash on Delivery
ORD00181,08-12-2022,North,Stapler,Office Supplies,1268.83,263.21,Home Office,Cash on Delivery
ORD00182,08-02-2024,South,Notebook,Office Supplies,74.82,19.65,Home Office,UPI
ORD00183,06-08-2023,North,Table,Furniture,919.8,64.59,Consumer,Prepaid
ORD00184,26-01-2023,South,Notebook,Office Supplies,1841.16,466.46,Consumer,Credit Card
ORD00185,24-09-2024,West,Printer,Technology,635.07,142.22,Corporate,UPI
ORD00186,23-02-2022,North,Mouse,Technology,253.71,34.63,Corporate,Credit Card
ORD00187,23-12-2024,West,Stapler,Office Supplies,831.83,64.84,Corporate,Prepaid
ORD00188,13-01-2023,North,File Folder,Office Supplies,1729,360.58,Corporate,Credit Card
ORD00189,30-12-2023,East,Laptop,Technology,886.54,66.72,Home Office,UPI
ORD00190,17-09-2024,North,Paper,Office Supplies,1720.7,309.6,Corporate,Prepaid
ORD00191,02-04-2022,East,File Folder,Office Supplies,388.91,62.65,Consumer,Prepaid
ORD00192,02-08-2022,West,Stapler,Office Supplies,836.88,132.67,Home Office,Credit Card
ORD00193,28-11-2022,South,Bookshelf,Furniture,1794.38,367.51,Home Office,Prepaid
ORD00194,15-02-2023,West,Pen,Office Supplies,470.74,126.61,Consumer,Cash on Delivery
ORD00195,01-10-2023,North,Desk,Furniture,1655.8,110.44,Consumer,Cash on Delivery
ORD00196,05-11-2022,East,Table,Furniture,235.61,61.7,Consumer,Credit Card
ORD00197,30-04-2023,South,Table,Furniture,203.28,17.8,Consumer,Credit Card
ORD00198,14-01-2024,East,Desk,Furniture,1507.9,333.36,Corporate,UPI
ORD00199,21-04-2022,West,Mouse,Technology,104.88,24.33,Consumer,Credit Card
ORD00200,05-12-2022,East,Stapler,Office Supplies,1132.67,307.18,Corporate,Credit Card
ORD00201,27-12-2023,North,Chair,Furniture,192.6,38.09,Corporate,UPI
ORD00202,19-07-2024,North,Stapler,Office Supplies,203.04,53.26,Consumer,Credit Card
ORD00203,16-06-2024,North,Printer,Technology,1270.03,185.57,Consumer,Credit Card
ORD00204,23-02-2024,West,File Folder,Office Supplies,1289.74,214.02,Home Office,Credit Card
ORD00205,01-05-2022,North,File Folder,Office Supplies,934.45,111.93,Consumer,Prepaid
ORD00206,21-09-2024,West,Cabinet,Furniture,1902.74,553.93,Consumer,Cash on Delivery
ORD00207,30-04-2022,South,Stapler,Office Supplies,1902.71,134.02,Consumer,UPI
ORD00208,17-06-2022,North,Mouse,Technology,338.46,23.88,Corporate,Prepaid
ORD00209,17-08-2024,North,Keyboard,Technology,507.48,59.55,Corporate,Prepaid
ORD00210,20-04-2023,North,Printer,Technology,142.17,23.78,Home Office,Credit Card
ORD00211,08-09-2022,West,Notebook,Office Supplies,836.63,97.39,Consumer,Prepaid
ORD00212,22-12-2023,North,Pen,Office Supplies,1177.29,162.02,Home Office,UPI
ORD00213,01-09-2022,West,Desk,Furniture,771.97,80.72,Home Office,UPI
ORD00214,21-04-2022,South,Paper,Office Supplies,727.61,65.6,Corporate,Cash on Delivery
ORD00215,24-09-2022,West,Printer,Technology,1087.59,273.63,Home Office,UPI
ORD00216,19-07-2022,West,Paper,Office Supplies,1063.13,286.63,Home Office,Credit Card
ORD00217,26-12-2022,North,Notebook,Office Supplies,1592.64,138.48,Consumer,Prepaid
ORD00218,19-06-2024,West,Monitor,Technology,56.89,13.16,Corporate,Credit Card
ORD00219,18-04-2023,East,Paper,Office Supplies,930.29,147.2,Consumer,Cash on Delivery
ORD00220,24-10-2022,North,Monitor,Technology,607.27,109.53,Home Office,UPI
ORD00221,14-01-2024,South,Pen,Office Supplies,1646.44,165.09,Consumer,Cash on Delivery
ORD00222,01-05-2024,East,Desk,Furniture,953.32,65.5,Home Office,Prepaid
ORD00223,11-11-2022,South,File Folder,Office Supplies,827.08,111.23,Consumer,UPI
ORD00224,12-12-2023,South,Mouse,Technology,742.37,216.47,Corporate,UPI
ORD00225,21-02-2024,West,File Folder,Office Supplies,443.38,97.62,Home Office,Prepaid
ORD00226,15-10-2022,East,Stapler,Office Supplies,1861.43,558.4,Consumer,Credit Card
ORD00227,01-10-2024,East,Paper,Office Supplies,179.48,42.18,Home Office,Credit Card
ORD00228,06-08-2022,North,Keyboard,Technology,455.66,50.81,Corporate,Cash on Delivery
ORD00229,07-09-2023,South,File Folder,Office Supplies,815.24,179.21,Home Office,UPI
ORD00230,01-05-2022,South,File Folder,Office Supplies,1365.65,391.83,Corporate,UPI
ORD00231,25-12-2022,East,Cabinet,Furniture,1559.44,169.54,Consumer,Cash on Delivery
ORD00232,24-09-2024,South,Stapler,Office Supplies,1460.9,408.25,Home Office,Credit Card
ORD00233,27-09-2024,South,Paper,Office Supplies,1176.6,215.43,Corporate,Prepaid
ORD00234,10-02-2023,East,Printer,Technology,1706.32,128.53,Home Office,Prepaid
ORD00235,28-09-2022,West,Mouse,Technology,333.04,80.41,Corporate,Cash on Delivery
ORD00236,26-04-2024,West,Mouse,Technology,1043.9,130.5,Consumer,UPI
ORD00237,11-07-2023,West,Paper,Office Supplies,1192.32,276.21,Corporate,Prepaid
ORD00238,15-06-2024,South,Chair,Furniture,685.88,37.46,Consumer,UPI
ORD00239,21-08-2023,East,Bookshelf,Furniture,1041.53,138.85,Home Office,Credit Card
ORD00240,24-03-2022,West,Pen,Office Supplies,705.27,194.39,Corporate,Cash on Delivery
ORD00241,23-08-2024,East,Keyboard,Technology,903.3,71.81,Corporate,UPI
ORD00242,14-02-2022,West,Chair,Furniture,1842.03,470.72,Consumer,UPI
ORD00243,16-01-2022,West,Laptop,Technology,1910.15,374.74,Consumer,UPI
ORD00244,07-08-2023,North,Table,Furniture,716.04,62.91,Consumer,UPI
ORD00245,10-05-2022,North,Desk,Furniture,238.43,13.44,Corporate,Prepaid
ORD00246,18-11-2022,North,Chair,Furniture,1224.51,83.28,Corporate,Credit Card
ORD00247,11-01-2022,East,Desk,Furniture,505.12,29.69,Consumer,Prepaid
ORD00248,15-05-2024,North,Monitor,Technology,346.25,75.29,Consumer,Credit Card
ORD00249,22-04-2023,South,Desk,Furniture,475.44,86.45,Home Office,Cash on Delivery
ORD00250,15-04-2023,West,File Folder,Office Supplies,537.26,69.55,Home Office,UPI
ORD00251,31-07-2022,North,Cabinet,Furniture,223.73,55.94,Home Office,UPI
ORD00252,28-07-2022,West,Paper,Office Supplies,1769.95,186.63,Corporate,Cash on Delivery
ORD00253,31-10-2022,West,Bookshelf,Furniture,365.66,108.74,Home Office,Credit Card
ORD00254,09-09-2024,North,Monitor,Technology,1329.93,365.5,Corporate,UPI
ORD00255,03-05-2023,North,Keyboard,Technology,1697.85,259.28,Consumer,Credit Card
ORD00256,14-12-2023,East,Notebook,Office Supplies,219.21,38.86,Consumer,Cash on Delivery
ORD00257,03-01-2022,South,Monitor,Technology,182.47,14.04,Home Office,UPI
ORD00258,28-03-2022,West,Keyboard,Technology,133.49,39.01,Corporate,Credit Card
ORD00259,30-03-2023,East,Cabinet,Furniture,1379.84,346.52,Consumer,Prepaid
ORD00260,29-11-2023,South,Monitor,Technology,973.2,188.99,Consumer,Credit Card
ORD00261,08-08-2023,East,Notebook,Office Supplies,1891.14,559.24,Corporate,Prepaid
ORD00262,10-08-2023,West,Paper,Office Supplies,435.92,86.66,Consumer,Credit Card
ORD00263,22-05-2022,West,Bookshelf,Furniture,1191.22,347.23,Corporate,UPI
ORD00264,02-11-2024,West,Stapler,Office Supplies,1101.06,255.17,Home Office,Cash on Delivery
ORD00265,13-02-2024,North,Keyboard,Technology,1833.13,478.69,Home Office,Credit Card
ORD00266,06-11-2023,North,Cabinet,Furniture,1304.23,106.02,Home Office,Credit Card
ORD00267,02-06-2023,North,Monitor,Technology,1175.37,296.7,Corporate,Cash on Delivery
ORD00268,28-06-2024,North,Monitor,Technology,127.1,26.93,Corporate,UPI
ORD00269,02-06-2024,South,Chair,Furniture,357.26,33.84,Corporate,UPI
ORD00270,16-03-2022,North,File Folder,Office Supplies,330.1,84.43,Consumer,Credit Card
ORD00271,20-07-2023,North,Laptop,Technology,209.73,23.29,Consumer,Credit Card
ORD00272,28-06-2024,South,Mouse,Technology,897.14,258.1,Consumer,Cash on Delivery
ORD00273,07-11-2022,South,Pen,Office Supplies,1956.89,420.92,Home Office,Prepaid
ORD00274,20-10-2023,East,Paper,Office Supplies,386.47,54.36,Home Office,UPI
ORD00275,01-10-2022,South,Desk,Furniture,247.38,34.39,Consumer,UPI
ORD00276,15-12-2024,East,Stapler,Office Supplies,167.41,21.98,Home Office,Prepaid
ORD00277,23-04-2023,West,Printer,Technology,1173.15,269.02,Home Office,UPI
ORD00278,27-12-2024,North,Bookshelf,Furniture,1746.69,280.87,Home Office,UPI
ORD00279,19-10-2022,North,Table,Furniture,1292.61,305.69,Corporate,Credit Card
ORD00280,26-05-2022,East,Monitor,Technology,1256.23,89.78,Consumer,Credit Card
ORD00281,13-06-2024,East,Printer,Technology,1785.16,258.56,Corporate,Credit Card
ORD00282,27-04-2024,West,Notebook,Office Supplies,344.96,44.8,Home Office,Prepaid
ORD00283,19-12-2022,East,Notebook,Office Supplies,1414.87,328.85,Home Office,UPI
ORD00284,09-11-2023,West,Notebook,Office Supplies,1804.21,294.92,Consumer,Cash on Delivery
ORD00285,13-06-2024,North,Chair,Furniture,1159.11,88.11,Home Office,UPI
ORD00286,25-02-2022,East,Monitor,Technology,1640.48,367.29,Home Office,Cash on Delivery
ORD00287,15-09-2024,West,Cabinet,Furniture,1020.55,75.76,Corporate,Cash on Delivery
ORD00288,21-09-2022,West,Table,Furniture,1779.56,214.48,Corporate,Cash on Delivery
ORD00289,04-12-2024,South,Mouse,Technology,709.14,172.41,Home Office,Prepaid
ORD00290,20-07-2023,South,Monitor,Technology,1436.37,171.5,Corporate,Prepaid
ORD00291,14-04-2022,West,Pen,Office Supplies,1936.65,523.11,Corporate,Credit Card
ORD00292,04-01-2024,East,Chair,Furniture,1582.99,129.61,Consumer,Prepaid
ORD00293,11-05-2023,North,Table,Furniture,1665.33,350.83,Corporate,Prepaid
ORD00294,18-07-2023,South,Printer,Technology,1248.2,175.13,Consumer,Prepaid
ORD00295,01-01-2023,East,Keyboard,Technology,539.39,103.06,Consumer,Cash on Delivery
ORD00296,28-02-2023,South,Desk,Furniture,1736.82,303.13,Home Office,Credit Card
ORD00297,21-05-2024,West,Paper,Office Supplies,1315.51,345.68,Home Office,Cash on Delivery
ORD00298,08-01-2023,East,Laptop,Technology,1785.88,256.75,Corporate,Cash on Delivery
ORD00299,02-11-2023,East,Cabinet,Furniture,851.34,220.56,Corporate,Credit Card
ORD00300,19-08-2024,South,Printer,Technology,848.49,85.54,Home Office,Prepaid
ORD00301,09-01-2023,North,Stapler,Office Supplies,367.09,99.52,Consumer,UPI
ORD00302,30-12-2022,West,Paper,Office Supplies,1456.69,228.57,Corporate,Credit Card
ORD00303,21-06-2024,West,Paper,Office Supplies,1289.99,282.79,Consumer,UPI
ORD00304,26-04-2023,North,Paper,Office Supplies,650.51,103.45,Consumer,Prepaid
ORD00305,28-06-2022,North,Mouse,Technology,1769.87,300.23,Consumer,Cash on Delivery
ORD00306,01-07-2024,West,Printer,Technology,1969.95,507.39,Home Office,Cash on Delivery
ORD00307,24-06-2024,East,Cabinet,Furniture,847.59,58.29,Corporate,Prepaid
ORD00308,24-06-2022,North,Notebook,Office Supplies,1862.94,222.32,Corporate,Prepaid
ORD00309,27-06-2024,West,Stapler,Office Supplies,1276.25,382.67,Consumer,UPI
ORD00310,28-05-2022,South,Stapler,Office Supplies,436.13,106.63,Consumer,UPI
ORD00311,14-03-2024,North,Cabinet,Furniture,1105.55,234.92,Home Office,UPI
ORD00312,26-08-2023,East,Mouse,Technology,1185.29,74.65,Corporate,Cash on Delivery
ORD00313,23-03-2022,South,Cabinet,Furniture,1577.75,466.3,Consumer,Cash on Delivery
ORD00314,11-05-2022,West,Paper,Office Supplies,281.63,83.12,Consumer,Credit Card
ORD00315,25-09-2022,South,File Folder,Office Supplies,242.97,53.28,Home Office,Credit Card
ORD00316,05-05-2022,West,Cabinet,Furniture,347.6,92.02,Consumer,Credit Card
ORD00317,06-08-2023,East,Table,Furniture,1524.82,450.35,Home Office,Cash on Delivery
ORD00318,26-10-2022,South,Notebook,Office Supplies,824.92,137.06,Home Office,Credit Card
ORD00319,07-10-2022,West,Keyboard,Technology,1220.62,105.95,Consumer,Prepaid
ORD00320,30-12-2023,West,Desk,Furniture,608.3,93.46,Corporate,Credit Card
ORD00321,26-12-2024,East,Bookshelf,Furniture,1134.26,177.07,Corporate,Prepaid
ORD00322,11-12-2023,South,Notebook,Office Supplies,296.8,40.33,Corporate,Credit Card
ORD00323,24-05-2024,West,Desk,Furniture,208.3,30.7,Home Office,Credit Card
ORD00324,27-05-2023,West,Keyboard,Technology,734.86,83.88,Consumer,Cash on Delivery
ORD00325,03-06-2022,North,Table,Furniture,74.37,13.34,Corporate,Cash on Delivery
ORD00326,04-08-2023,West,Desk,Furniture,800.38,80.26,Consumer,Prepaid
ORD00327,02-04-2022,West,Monitor,Technology,178.53,18.82,Corporate,Prepaid
ORD00328,06-09-2022,South,Cabinet,Furniture,1805.78,214.6,Home Office,Credit Card
ORD00329,29-08-2022,West,Mouse,Technology,1682.71,265.86,Consumer,Cash on Delivery
ORD00330,28-01-2022,South,Table,Furniture,228.37,46.86,Corporate,Prepaid
ORD00331,14-05-2023,South,Bookshelf,Furniture,1171.49,323.93,Home Office,Cash on Delivery
ORD00332,15-08-2023,South,Printer,Technology,1762.16,410.54,Corporate,Prepaid
ORD00333,01-01-2024,South,Desk,Furniture,1546.08,429.72,Corporate,Credit Card
ORD00334,01-03-2023,South,Keyboard,Technology,1363.18,151.73,Consumer,Prepaid
ORD00335,12-03-2024,East,Mouse,Technology,173.95,32.69,Home Office,Cash on Delivery
ORD00336,23-11-2024,South,Table,Furniture,517.21,34.85,Consumer,Cash on Delivery
ORD00337,07-07-2022,West,Notebook,Office Supplies,864.58,72.73,Corporate,Prepaid
ORD00338,16-01-2024,West,Paper,Office Supplies,1682.24,293.54,Corporate,Cash on Delivery
ORD00339,20-01-2024,North,Bookshelf,Furniture,1447.18,195.59,Corporate,Cash on Delivery
ORD00340,27-02-2024,North,Mouse,Technology,720.94,161.84,Corporate,UPI
ORD00341,23-04-2022,East,Table,Furniture,301.06,84.72,Consumer,Prepaid
ORD00342,16-11-2024,West,Chair,Furniture,1911.16,151.56,Consumer,Cash on Delivery
ORD00343,06-10-2024,East,File Folder,Office Supplies,1260.39,157.25,Home Office,Prepaid
ORD00344,08-06-2024,East,Mouse,Technology,1235.26,78.96,Home Office,UPI
ORD00345,31-07-2023,South,Bookshelf,Furniture,641.48,137.38,Home Office,Prepaid
ORD00346,12-03-2023,North,Desk,Furniture,1373.9,309.34,Consumer,Credit Card
ORD00347,30-09-2023,South,Bookshelf,Furniture,313.71,48.41,Home Office,Cash on Delivery
ORD00348,05-04-2022,West,Pen,Office Supplies,1366.7,295.22,Consumer,UPI
ORD00349,16-03-2022,South,Printer,Technology,525.9,125.9,Corporate,Credit Card
ORD00350,24-02-2022,South,Monitor,Technology,1463.46,99.54,Corporate,Credit Card
ORD00351,12-06-2023,South,Bookshelf,Furniture,405.86,68.91,Corporate,UPI
ORD00352,13-12-2022,South,File Folder,Office Supplies,547.36,61.91,Home Office,Cash on Delivery
ORD00353,04-01-2023,East,Desk,Furniture,1106.93,219.98,Corporate,Prepaid
ORD00354,14-02-2024,West,Mouse,Technology,1567.3,185.55,Consumer,UPI
ORD00355,25-02-2022,East,Table,Furniture,1063.89,297.54,Corporate,Prepaid
ORD00356,20-03-2024,East,Pen,Office Supplies,1761.58,188.84,Corporate,Credit Card
ORD00357,15-09-2022,East,Keyboard,Technology,1456.17,384.73,Corporate,Cash on Delivery
ORD00358,26-02-2022,North,Cabinet,Furniture,899.33,53.98,Consumer,Prepaid
ORD00359,07-05-2022,South,Bookshelf,Furniture,336.11,68.01,Corporate,UPI
ORD00360,27-12-2024,South,Cabinet,Furniture,736.12,199.12,Consumer,UPI
ORD00361,31-08-2024,East,Pen,Office Supplies,890.31,114.62,Home Office,Prepaid
ORD00362,12-12-2023,South,Cabinet,Furniture,161.23,30.75,Corporate,UPI
ORD00363,01-07-2022,East,File Folder,Office Supplies,1196.68,130.7,Corporate,Cash on Delivery
ORD00364,12-11-2022,West,File Folder,Office Supplies,669.18,152.72,Corporate,UPI
ORD00365,31-03-2024,North,File Folder,Office Supplies,1329.92,119.17,Home Office,Cash on Delivery
ORD00366,01-09-2022,West,Mouse,Technology,1081.06,260.47,Consumer,Cash on Delivery
ORD00367,15-03-2024,South,Mouse,Technology,1607.89,156.55,Consumer,UPI
ORD00368,19-09-2024,South,Printer,Technology,906.66,236.72,Consumer,Prepaid
ORD00369,28-09-2023,South,Printer,Technology,1709.63,188.55,Home Office,Credit Card
ORD00370,04-07-2024,South,Table,Furniture,1524.01,260.36,Corporate,UPI
ORD00371,19-03-2024,East,Paper,Office Supplies,354.06,17.96,Corporate,Cash on Delivery
ORD00372,11-07-2024,West,Paper,Office Supplies,230.73,21.78,Corporate,UPI
ORD00373,12-07-2022,East,Paper,Office Supplies,1067.04,204.73,Home Office,Prepaid
ORD00374,06-05-2022,South,Pen,Office Supplies,383.44,35.2,Corporate,Prepaid
ORD00375,24-01-2023,South,Paper,Office Supplies,1509.41,308.91,Home Office,Prepaid
ORD00376,03-09-2022,West,Notebook,Office Supplies,1358.99,162.54,Corporate,Cash on Delivery
ORD00377,10-03-2022,West,Laptop,Technology,1182.94,126.71,Home Office,Cash on Delivery
ORD00378,14-02-2023,West,Keyboard,Technology,1892.22,340.14,Home Office,Prepaid
ORD00379,29-03-2024,East,Notebook,Office Supplies,1166.02,261.95,Corporate,Cash on Delivery
ORD00380,30-06-2024,North,Stapler,Office Supplies,864.08,228.51,Consumer,Credit Card
ORD00381,15-04-2024,North,Monitor,Technology,1546.41,107.75,Home Office,Cash on Delivery
ORD00382,04-10-2024,West,Table,Furniture,1683.62,234.35,Home Office,Cash on Delivery
ORD00383,23-11-2023,North,Monitor,Technology,1188.46,320.36,Consumer,Credit Card
ORD00384,17-09-2024,North,Bookshelf,Furniture,1495.06,214.23,Home Office,Credit Card
ORD00385,14-09-2022,West,Notebook,Office Supplies,887.36,113.37,Home Office,Cash on Delivery
ORD00386,10-04-2022,South,Pen,Office Supplies,964,159.06,Home Office,UPI
ORD00387,26-01-2024,North,Paper,Office Supplies,1981.62,187.77,Corporate,Credit Card
ORD00388,28-06-2023,North,Laptop,Technology,1387.48,74.68,Corporate,Credit Card
ORD00389,17-04-2024,West,Laptop,Technology,926.84,261.49,Home Office,UPI
ORD00390,14-04-2023,North,File Folder,Office Supplies,1279.28,160.97,Home Office,UPI
ORD00391,15-03-2024,North,Printer,Technology,1118.52,218.3,Consumer,UPI
ORD00392,07-11-2023,West,Cabinet,Furniture,378.62,88.27,Home Office,Credit Card
ORD00393,11-11-2024,East,Desk,Furniture,578.37,60.88,Home Office,Credit Card
ORD00394,18-11-2022,North,Laptop,Technology,983.31,152.87,Consumer,UPI
ORD00395,20-09-2024,North,Stapler,Office Supplies,1306.26,125.08,Corporate,Credit Card
ORD00396,02-02-2024,West,Laptop,Technology,1082.62,165.51,Corporate,Cash on Delivery
ORD00397,24-01-2024,West,Keyboard,Technology,372.84,33.84,Consumer,UPI
ORD00398,31-10-2024,West,Monitor,Technology,1364.03,289.86,Home Office,Credit Card
ORD00399,16-02-2022,North,Laptop,Technology,1335.58,168.47,Corporate,Prepaid
ORD00400,29-08-2024,East,Table,Furniture,779.73,171.28,Corporate,Prepaid
ORD00401,17-01-2022,West,Monitor,Technology,1095.72,189.64,Corporate,UPI
ORD00402,04-08-2023,South,Mouse,Technology,390.6,109.05,Consumer,Credit Card
ORD00403,20-02-2024,South,Stapler,Office Supplies,1529.17,144.04,Home Office,Credit Card
ORD00404,20-12-2023,East,Printer,Technology,1465.73,151.38,Corporate,Credit Card
ORD00405,19-02-2024,South,Monitor,Technology,1411.84,307.77,Corporate,Credit Card
ORD00406,12-04-2023,East,Pen,Office Supplies,1011.37,173.37,Corporate,Credit Card
ORD00407,22-06-2022,West,Printer,Technology,1095.04,288.98,Corporate,UPI
ORD00408,08-09-2022,South,Desk,Furniture,955.7,48.06,Corporate,Credit Card
ORD00409,02-01-2023,South,Paper,Office Supplies,929.55,116.67,Home Office,Prepaid
ORD00410,16-02-2022,North,Bookshelf,Furniture,1834.72,510.59,Consumer,Prepaid
ORD00411,02-01-2022,West,Pen,Office Supplies,865.15,214.53,Corporate,Credit Card
ORD00412,29-07-2024,East,Cabinet,Furniture,344.44,21.18,Corporate,Prepaid
ORD00413,19-03-2024,West,Pen,Office Supplies,294.36,26.12,Corporate,UPI
ORD00414,04-12-2022,North,Mouse,Technology,432.55,59.98,Consumer,Prepaid
ORD00415,22-04-2024,West,Printer,Technology,173.69,27.72,Home Office,Cash on Delivery
ORD00416,27-02-2024,North,Paper,Office Supplies,1718.18,400.5,Corporate,Prepaid
ORD00417,09-02-2023,North,Pen,Office Supplies,167.71,46.02,Home Office,Prepaid
ORD00418,09-06-2022,East,Chair,Furniture,329.31,32.31,Corporate,UPI
ORD00419,10-01-2022,West,Laptop,Technology,1288.28,228.01,Corporate,Cash on Delivery
ORD00420,18-10-2022,West,Pen,Office Supplies,1080.59,152.7,Home Office,Prepaid
ORD00421,21-02-2022,North,File Folder,Office Supplies,795.78,143.91,Home Office,Credit Card
ORD00422,08-07-2023,North,Notebook,Office Supplies,1016.56,233.17,Consumer,Credit Card
ORD00423,06-06-2023,North,Printer,Technology,785.86,104.19,Consumer,Cash on Delivery
ORD00424,25-11-2024,South,Monitor,Technology,439.38,111.55,Consumer,UPI
ORD00425,08-10-2024,North,File Folder,Office Supplies,1652.01,319.14,Corporate,UPI
ORD00426,06-11-2023,North,Paper,Office Supplies,1145.84,62.57,Consumer,UPI
ORD00427,01-01-2024,West,Bookshelf,Furniture,1106.5,255.46,Consumer,UPI
ORD00428,04-08-2022,South,Paper,Office Supplies,704.93,92.27,Corporate,Credit Card
ORD00429,13-11-2023,East,Pen,Office Supplies,897.88,228.24,Corporate,Credit Card
ORD00430,07-11-2023,South,Cabinet,Furniture,719.54,171.08,Corporate,Prepaid
ORD00431,14-06-2022,West,Bookshelf,Furniture,995.18,246.04,Corporate,Credit Card
ORD00432,24-03-2022,North,Table,Furniture,1201.69,274.8,Corporate,Cash on Delivery
ORD00433,30-01-2024,East,Bookshelf,Furniture,102.39,8.96,Home Office,UPI
ORD00434,26-11-2023,East,Desk,Furniture,1964.36,176.48,Home Office,Cash on Delivery
ORD00435,22-12-2024,West,Notebook,Office Supplies,1564.94,305.67,Home Office,Credit Card
ORD00436,05-05-2024,South,Bookshelf,Furniture,162.4,15.03,Corporate,Cash on Delivery
ORD00437,26-09-2024,West,Laptop,Technology,453.94,91.03,Corporate,Credit Card
ORD00438,19-03-2024,North,Desk,Furniture,1570.11,105.86,Home Office,Prepaid
ORD00439,16-07-2024,North,Monitor,Technology,982.33,116.34,Consumer,Cash on Delivery
ORD00440,04-12-2022,East,Laptop,Technology,1468.24,81.16,Corporate,Credit Card
ORD00441,04-12-2023,South,Chair,Furniture,492.54,117.59,Consumer,Prepaid
ORD00442,20-03-2023,West,Chair,Furniture,1664.12,484.24,Home Office,UPI
ORD00443,18-03-2022,East,File Folder,Office Supplies,86.57,10.71,Home Office,Credit Card
ORD00444,23-08-2024,West,Stapler,Office Supplies,798.32,216.64,Consumer,Prepaid
ORD00445,04-09-2024,South,Pen,Office Supplies,1798.41,507.95,Home Office,Cash on Delivery
ORD00446,31-03-2024,West,Laptop,Technology,310.52,51.33,Home Office,UPI
ORD00447,26-10-2022,East,Notebook,Office Supplies,1593.71,347.31,Consumer,Prepaid
ORD00448,18-09-2023,South,Mouse,Technology,1810.7,451.81,Consumer,Credit Card
ORD00449,07-12-2022,North,Keyboard,Technology,1331.93,83.09,Consumer,Credit Card
ORD00450,27-01-2022,East,Laptop,Technology,670.63,102.74,Corporate,UPI
ORD00451,11-08-2022,South,Table,Furniture,321.4,94.52,Home Office,UPI
ORD00452,21-09-2022,South,Stapler,Office Supplies,247.72,38.98,Corporate,UPI
ORD00453,23-12-2023,South,Laptop,Technology,113.27,17.58,Home Office,Prepaid
ORD00454,18-08-2024,East,Table,Furniture,354.31,80.54,Consumer,UPI
ORD00455,15-12-2024,East,Printer,Technology,410.96,26.96,Home Office,Credit Card
ORD00456,30-04-2024,West,Table,Furniture,295.06,15.43,Consumer,Prepaid
ORD00457,17-07-2024,South,Stapler,Office Supplies,794.9,207.42,Home Office,Cash on Delivery
ORD00458,10-07-2024,East,Monitor,Technology,1523.94,180.86,Consumer,UPI
ORD00459,30-03-2024,North,Notebook,Office Supplies,734.61,127.42,Consumer,Credit Card
ORD00460,22-08-2024,West,Stapler,Office Supplies,967.88,153.8,Corporate,UPI
ORD00461,27-09-2024,East,Desk,Furniture,541.26,69.72,Home Office,Prepaid
ORD00462,29-04-2023,South,Printer,Technology,209.84,41.81,Home Office,Cash on Delivery
ORD00463,01-11-2023,South,Notebook,Office Supplies,172.86,49.36,Home Office,UPI
ORD00464,03-11-2023,South,Stapler,Office Supplies,934.5,209.6,Corporate,Prepaid
ORD00465,19-05-2023,North,Paper,Office Supplies,1656.06,126.65,Consumer,Credit Card
ORD00466,09-12-2022,West,File Folder,Office Supplies,1504.3,385.14,Home Office,Cash on Delivery
ORD00467,26-12-2022,West,Printer,Technology,355.03,57.78,Corporate,Cash on Delivery
ORD00468,18-06-2022,North,Laptop,Technology,401.84,95.54,Home Office,UPI
ORD00469,01-09-2023,South,Cabinet,Furniture,348.42,92.86,Consumer,Credit Card
ORD00470,17-01-2023,South,Mouse,Technology,224.04,16.04,Home Office,UPI
ORD00471,16-09-2024,West,Desk,Furniture,1706.43,161.81,Home Office,Cash on Delivery
ORD00472,11-07-2023,West,Laptop,Technology,466.6,126.01,Home Office,Credit Card
ORD00473,04-12-2022,North,File Folder,Office Supplies,461.17,124,Corporate,Cash on Delivery
ORD00474,19-05-2024,West,Printer,Technology,693.17,107.65,Consumer,Prepaid
ORD00475,25-08-2022,North,Paper,Office Supplies,413.27,48.79,Consumer,Cash on Delivery
ORD00476,17-02-2022,West,Stapler,Office Supplies,1968.07,228.92,Consumer,UPI
ORD00477,03-12-2023,West,Printer,Technology,964.39,87.48,Corporate,Cash on Delivery
ORD00478,29-04-2024,West,Stapler,Office Supplies,1860.82,291.41,Consumer,Credit Card
ORD00479,09-06-2023,West,Desk,Furniture,1110.39,237.9,Consumer,Prepaid
ORD00480,18-01-2023,North,File Folder,Office Supplies,480.72,126.32,Home Office,Credit Card
ORD00481,26-10-2023,West,Printer,Technology,928.26,176.54,Corporate,UPI
ORD00482,07-05-2022,West,Bookshelf,Furniture,1622.98,258.9,Consumer,Credit Card
ORD00483,22-05-2023,North,Mouse,Technology,447.55,42.67,Consumer,Credit Card
ORD00484,26-02-2023,North,Monitor,Technology,1279.45,290.99,Corporate,Cash on Delivery
ORD00485,05-05-2024,South,Notebook,Office Supplies,114.52,32.17,Consumer,Cash on Delivery
ORD00486,02-07-2023,North,Printer,Technology,330.64,86.29,Consumer,UPI
ORD00487,26-05-2023,North,Monitor,Technology,243.58,31.3,Home Office,Credit Card
ORD00488,18-05-2023,West,Cabinet,Furniture,312.6,73.34,Corporate,Cash on Delivery
ORD00489,03-12-2024,West,Chair,Furniture,566.44,108.44,Consumer,UPI
ORD00490,04-12-2022,North,Laptop,Technology,1038.59,93.39,Consumer,UPI
ORD00491,19-12-2024,North,Chair,Furniture,1027.77,214.05,Corporate,Prepaid
ORD00492,14-03-2022,East,Desk,Furniture,236.45,27.05,Corporate,UPI
ORD00493,21-08-2024,East,File Folder,Office Supplies,1871.82,477.66,Home Office,Credit Card
ORD00494,23-12-2022,East,Paper,Office Supplies,1788.79,286.09,Home Office,Cash on Delivery
ORD00495,02-11-2023,South,Bookshelf,Furniture,651.41,138.32,Corporate,Credit Card
ORD00496,22-10-2024,West,Keyboard,Technology,115.65,14.74,Consumer,Prepaid
ORD00497,24-12-2023,West,Pen,Office Supplies,1409.42,358.8,Consumer,UPI
ORD00498,13-11-2024,South,Bookshelf,Furniture,1101.49,89.09,Home Office,Credit Card
ORD00499,08-07-2022,East,Cabinet,Furniture,1624.7,123.28,Home Office,Prepaid
ORD00500,07-09-2022,East,Printer,Technology,1662.42,405.05,Corporate,UPI
ORD00501,24-09-2022,East,Mouse,Technology,1477.52,326.18,Corporate,UPI
ORD00502,10-02-2023,North,Cabinet,Furniture,1390.9,251.32,Home Office,Credit Card
ORD00503,13-06-2023,West,Mouse,Technology,1044.12,127.18,Corporate,Prepaid
ORD00504,23-06-2024,West,Bookshelf,Furniture,226.32,23.89,Consumer,UPI
ORD00505,18-05-2022,West,Printer,Technology,922.35,211.36,Corporate,UPI
ORD00506,04-07-2022,East,Monitor,Technology,1405.48,331.93,Home Office,UPI
ORD00507,11-04-2024,West,Pen,Office Supplies,958.49,137.96,Corporate,UPI
ORD00508,20-10-2022,East,Keyboard,Technology,1224.74,197.79,Consumer,Prepaid
ORD00509,26-08-2023,West,Monitor,Technology,905.93,161.41,Home Office,Prepaid
ORD00510,05-05-2023,East,Stapler,Office Supplies,925.99,237.18,Home Office,Cash on Delivery
ORD00511,14-05-2024,South,Pen,Office Supplies,1357.58,192.01,Corporate,Cash on Delivery
ORD00512,29-01-2022,East,Cabinet,Furniture,845.39,181.97,Home Office,Prepaid
ORD00513,28-06-2023,East,Mouse,Technology,331.5,98.08,Consumer,Cash on Delivery
ORD00514,08-04-2023,North,Table,Furniture,940.91,48.54,Corporate,Credit Card
ORD00515,22-10-2023,West,Keyboard,Technology,1000.89,119.3,Consumer,Prepaid
ORD00516,09-04-2024,North,Pen,Office Supplies,293.32,26.29,Consumer,Prepaid
ORD00517,14-08-2023,West,Paper,Office Supplies,1267.57,161.07,Corporate,Cash on Delivery
ORD00518,19-03-2023,North,Monitor,Technology,109.97,27.39,Home Office,Prepaid
ORD00519,25-06-2024,South,Keyboard,Technology,1833.33,97.11,Corporate,Cash on Delivery
ORD00520,13-06-2022,South,Desk,Furniture,1346.87,75.53,Corporate,UPI
ORD00521,31-03-2023,West,Pen,Office Supplies,757.49,74.84,Consumer,UPI
ORD00522,28-01-2022,South,Desk,Furniture,1131.03,233.68,Consumer,Prepaid
ORD00523,03-01-2022,North,Printer,Technology,1247.35,248.21,Corporate,Prepaid
ORD00524,08-12-2023,East,Notebook,Office Supplies,844.67,115.5,Consumer,Cash on Delivery
ORD00525,23-01-2024,West,Mouse,Technology,1254.74,111.19,Home Office,Credit Card
ORD00526,12-12-2023,East,Laptop,Technology,641.29,181.66,Home Office,UPI
ORD00527,31-01-2022,West,Paper,Office Supplies,618.84,86.88,Corporate,Credit Card
ORD00528,06-07-2022,North,Laptop,Technology,452.21,128.5,Consumer,Cash on Delivery
ORD00529,07-05-2022,East,Printer,Technology,684.08,111.56,Corporate,UPI
ORD00530,02-05-2022,East,Stapler,Office Supplies,309.18,86.37,Corporate,UPI
ORD00531,04-10-2024,West,Bookshelf,Furniture,1865.45,538.45,Consumer,UPI
ORD00532,07-07-2022,South,Notebook,Office Supplies,1299.02,241.32,Corporate,Credit Card
ORD00533,20-05-2024,North,Cabinet,Furniture,54.56,8.02,Corporate,UPI
ORD00534,03-06-2023,South,Mouse,Technology,1009.19,109.68,Home Office,Cash on Delivery
ORD00535,30-11-2024,South,Table,Furniture,1223.88,322.13,Corporate,Credit Card
ORD00536,04-02-2024,East,Monitor,Technology,756.92,70.84,Consumer,UPI
ORD00537,27-06-2022,South,Bookshelf,Furniture,565.39,58.52,Consumer,Credit Card
ORD00538,04-04-2022,East,Chair,Furniture,883.87,120.41,Consumer,UPI
ORD00539,05-02-2022,East,Printer,Technology,716.86,137.96,Consumer,Prepaid
ORD00540,26-08-2022,South,Laptop,Technology,549.23,145.67,Home Office,UPI
ORD00541,21-07-2024,West,Monitor,Technology,1667.99,296.56,Consumer,Cash on Delivery
ORD00542,13-09-2022,North,Desk,Furniture,1730.14,215.86,Home Office,UPI
ORD00543,25-08-2022,South,Table,Furniture,1032.97,134.7,Corporate,Credit Card
ORD00544,10-03-2023,West,Printer,Technology,1602.39,315.39,Corporate,UPI
ORD00545,21-05-2022,East,Keyboard,Technology,1759.73,382.11,Home Office,Prepaid
ORD00546,18-01-2022,North,Monitor,Technology,908.96,117.27,Corporate,Credit Card
ORD00547,27-04-2022,West,File Folder,Office Supplies,139.42,20.56,Corporate,Credit Card
ORD00548,17-03-2022,South,Mouse,Technology,1974.97,524.48,Consumer,Prepaid
ORD00549,01-04-2024,East,Pen,Office Supplies,472.72,136.24,Corporate,Prepaid
ORD00550,01-06-2023,South,Chair,Furniture,1648.02,397.25,Home Office,Credit Card
ORD00551,14-05-2024,West,Stapler,Office Supplies,432.3,124.52,Corporate,Cash on Delivery
ORD00552,18-11-2024,West,Pen,Office Supplies,459.71,106.97,Corporate,Credit Card
ORD00553,15-09-2024,North,Pen,Office Supplies,516.84,125.46,Home Office,UPI
ORD00554,28-05-2023,South,Table,Furniture,982.36,118.8,Consumer,UPI
ORD00555,25-07-2022,East,Bookshelf,Furniture,1653.08,107.78,Consumer,Cash on Delivery
ORD00556,16-08-2023,North,Desk,Furniture,1012.83,124.91,Home Office,UPI
ORD00557,24-02-2022,East,Bookshelf,Furniture,1998.1,147.01,Home Office,UPI
ORD00558,26-10-2022,West,Chair,Furniture,635.89,46.56,Consumer,Credit Card
ORD00559,02-10-2023,West,Printer,Technology,700.88,69.15,Corporate,UPI
ORD00560,25-01-2023,West,Mouse,Technology,1096.95,112.32,Home Office,Cash on Delivery
ORD00561,19-05-2023,South,Paper,Office Supplies,1074.92,85.99,Corporate,Prepaid
ORD00562,29-01-2022,West,File Folder,Office Supplies,159.73,36.99,Home Office,UPI
ORD00563,15-01-2023,South,Printer,Technology,1099.46,260.83,Consumer,Credit Card
ORD00564,03-02-2022,South,Printer,Technology,756.57,68.3,Corporate,Credit Card
ORD00565,27-11-2024,East,Notebook,Office Supplies,218.16,57.31,Home Office,Prepaid
ORD00566,09-07-2024,North,Stapler,Office Supplies,954.92,98.12,Corporate,Credit Card
ORD00567,24-04-2022,East,Cabinet,Furniture,245.31,12.72,Corporate,Cash on Delivery
ORD00568,19-05-2023,West,Keyboard,Technology,183.27,39.62,Home Office,Cash on Delivery
ORD00569,28-02-2024,South,Paper,Office Supplies,282.63,32.27,Consumer,Prepaid
ORD00570,21-12-2023,South,Mouse,Technology,1650.34,218.45,Corporate,UPI
ORD00571,14-07-2024,North,Printer,Technology,1195.12,284.75,Home Office,Credit Card
ORD00572,29-08-2024,South,Keyboard,Technology,281.54,50.17,Home Office,UPI
ORD00573,18-02-2024,North,Mouse,Technology,957.33,94.8,Corporate,Prepaid
ORD00574,23-02-2024,North,Mouse,Technology,1922.47,275.38,Consumer,Prepaid
ORD00575,29-03-2024,North,Mouse,Technology,1819.01,431.14,Corporate,Credit Card
ORD00576,31-01-2024,South,File Folder,Office Supplies,306.03,35.34,Corporate,Cash on Delivery
ORD00577,19-02-2023,South,Keyboard,Technology,1805.04,202.6,Corporate,Credit Card
ORD00578,08-07-2023,South,Bookshelf,Furniture,582.56,170.64,Consumer,Credit Card
ORD00579,14-03-2023,South,Table,Furniture,1149.44,75.71,Consumer,UPI
ORD00580,27-01-2024,East,Printer,Technology,1393.64,216.39,Home Office,Cash on Delivery
ORD00581,17-10-2024,North,File Folder,Office Supplies,779.03,145.9,Home Office,Credit Card
ORD00582,12-07-2022,South,Table,Furniture,567.12,49.25,Consumer,Credit Card
ORD00583,11-12-2022,West,Printer,Technology,596.24,80.01,Corporate,Credit Card
ORD00584,20-12-2024,North,Bookshelf,Furniture,1984,459.11,Home Office,Prepaid
ORD00585,02-04-2022,West,Bookshelf,Furniture,1943.07,403.77,Corporate,UPI
ORD00586,09-09-2023,East,Stapler,Office Supplies,275.17,25.28,Home Office,Cash on Delivery
ORD00587,08-04-2024,South,File Folder,Office Supplies,992.66,65.84,Consumer,Prepaid
ORD00588,04-07-2024,East,Bookshelf,Furniture,461.02,95.49,Corporate,Credit Card
ORD00589,07-05-2024,West,Keyboard,Technology,1743.75,198.95,Corporate,Prepaid
ORD00590,30-09-2024,West,Notebook,Office Supplies,1089.14,91.9,Consumer,UPI
ORD00591,07-05-2022,East,Stapler,Office Supplies,1965.97,363.34,Consumer,UPI
ORD00592,02-01-2024,West,Stapler,Office Supplies,649.17,78.08,Home Office,Credit Card
ORD00593,03-06-2024,North,Monitor,Technology,1393.64,307.48,Consumer,Prepaid
ORD00594,22-09-2024,East,Mouse,Technology,529.89,96.33,Corporate,UPI
ORD00595,13-04-2024,North,Mouse,Technology,838.83,63.15,Corporate,UPI
ORD00596,20-11-2024,West,Monitor,Technology,1831.34,257.32,Home Office,Credit Card
ORD00597,05-10-2023,South,File Folder,Office Supplies,414.65,89.71,Home Office,Credit Card
ORD00598,20-08-2024,North,Notebook,Office Supplies,1048.88,175.37,Consumer,UPI
ORD00599,15-12-2023,West,Monitor,Technology,349.95,92.51,Home Office,UPI
ORD00600,01-05-2022,North,Cabinet,Furniture,1278.39,76.87,Corporate,Credit Card
ORD00601,18-11-2023,West,Monitor,Technology,1752.19,244.97,Home Office,Prepaid
ORD00602,24-08-2023,East,Paper,Office Supplies,773.88,130.8,Consumer,Cash on Delivery
ORD00603,10-12-2024,South,Laptop,Technology,1362.39,206.07,Corporate,Prepaid
ORD00604,24-07-2024,East,File Folder,Office Supplies,1967.18,218.77,Consumer,Cash on Delivery
ORD00605,31-05-2022,West,Chair,Furniture,1613.43,449.62,Corporate,UPI
ORD00606,18-03-2022,West,File Folder,Office Supplies,1961.51,364.15,Consumer,Cash on Delivery
ORD00607,04-11-2022,South,Table,Furniture,663.65,113.38,Home Office,Credit Card
ORD00608,06-03-2024,West,Paper,Office Supplies,661.02,46.81,Corporate,Credit Card
ORD00609,09-07-2024,East,Stapler,Office Supplies,862.66,102.98,Consumer,UPI
ORD00610,01-02-2022,North,File Folder,Office Supplies,1614.08,394.34,Home Office,Credit Card
ORD00611,17-07-2022,West,Table,Furniture,85.05,24.21,Corporate,Credit Card
ORD00612,06-10-2022,East,Stapler,Office Supplies,427.17,79.16,Home Office,Credit Card
ORD00613,01-05-2024,South,Table,Furniture,1207.25,326.85,Consumer,Credit Card
ORD00614,13-01-2022,South,Desk,Furniture,599.67,127.76,Home Office,UPI
ORD00615,15-03-2024,East,Table,Furniture,1922.43,107.41,Corporate,Cash on Delivery
ORD00616,06-06-2024,South,Chair,Furniture,1442.39,222.27,Consumer,Cash on Delivery
ORD00617,31-08-2023,South,Bookshelf,Furniture,440.84,74.39,Corporate,Cash on Delivery
ORD00618,07-08-2022,East,Desk,Furniture,603.66,108.77,Corporate,Prepaid
ORD00619,08-07-2023,West,Laptop,Technology,175.68,10.16,Home Office,Cash on Delivery
ORD00620,14-06-2024,West,Paper,Office Supplies,1722.43,379.7,Corporate,Credit Card
ORD00621,02-11-2024,East,File Folder,Office Supplies,1122.89,162.92,Corporate,UPI
ORD00622,12-12-2022,East,File Folder,Office Supplies,847.9,184.2,Consumer,Prepaid
ORD00623,10-08-2024,East,Stapler,Office Supplies,1135.99,297.54,Home Office,UPI
ORD00624,21-02-2022,West,Pen,Office Supplies,955.36,245.63,Corporate,Credit Card
ORD00625,21-11-2022,South,Table,Furniture,1335.62,184.83,Corporate,UPI
ORD00626,17-04-2023,North,Cabinet,Furniture,138.43,33.12,Corporate,UPI
ORD00627,16-02-2023,East,Chair,Furniture,1604.1,211.25,Consumer,Prepaid
ORD00628,22-11-2022,West,Desk,Furniture,677.91,129.36,Consumer,UPI
ORD00629,27-07-2022,West,Bookshelf,Furniture,815.33,148.53,Corporate,UPI
ORD00630,29-12-2022,South,Laptop,Technology,859.69,223.46,Corporate,Prepaid
ORD00631,03-10-2022,North,Mouse,Technology,1339.23,397.54,Corporate,UPI
ORD00632,31-08-2022,North,Chair,Furniture,437.19,46.33,Consumer,Cash on Delivery
ORD00633,03-02-2024,East,Mouse,Technology,670,161.43,Corporate,UPI
ORD00634,20-05-2022,West,Mouse,Technology,120.16,8.28,Corporate,UPI
ORD00635,04-06-2023,North,Mouse,Technology,1298.92,194.9,Home Office,Prepaid
ORD00636,01-05-2022,South,Notebook,Office Supplies,1204.22,274.23,Home Office,Cash on Delivery
ORD00637,07-05-2024,East,Cabinet,Furniture,1039.82,161.3,Home Office,Cash on Delivery
ORD00638,14-07-2022,South,Notebook,Office Supplies,1335.71,222.52,Home Office,UPI
ORD00639,21-01-2022,South,Laptop,Technology,542.73,63.84,Home Office,Prepaid
ORD00640,24-02-2023,North,Pen,Office Supplies,1251.68,312.01,Corporate,Prepaid
ORD00641,08-11-2024,North,Pen,Office Supplies,1138.52,214.63,Home Office,UPI
ORD00642,21-11-2024,North,Desk,Furniture,456.71,103.21,Consumer,Prepaid
ORD00643,04-09-2023,North,Laptop,Technology,330.79,20.46,Consumer,UPI
ORD00644,05-12-2022,West,Laptop,Technology,1676.76,264.05,Home Office,Credit Card
ORD00645,16-07-2023,West,Cabinet,Furniture,1565,82.52,Home Office,Credit Card
ORD00646,29-05-2023,West,Pen,Office Supplies,1367.6,75.39,Consumer,UPI
ORD00647,24-08-2024,West,Table,Furniture,1741.81,379.49,Consumer,Prepaid
ORD00648,25-06-2023,East,Cabinet,Furniture,1198.11,262.79,Corporate,UPI
ORD00649,04-06-2024,North,Notebook,Office Supplies,73.7,20.67,Corporate,Prepaid
ORD00650,10-04-2022,North,Bookshelf,Furniture,1132.67,227.03,Consumer,Prepaid
ORD00651,13-12-2023,North,Cabinet,Furniture,1569.3,367.11,Consumer,Cash on Delivery
ORD00652,14-03-2024,West,Laptop,Technology,1690.44,480.85,Home Office,Cash on Delivery
ORD00653,26-01-2023,South,Pen,Office Supplies,622.23,110.16,Consumer,Prepaid
ORD00654,10-05-2022,East,Mouse,Technology,702.65,165.69,Corporate,Cash on Delivery
ORD00655,30-07-2024,North,Laptop,Technology,887.22,193.84,Home Office,UPI
ORD00656,13-04-2022,North,Keyboard,Technology,247.68,53.29,Home Office,Credit Card
ORD00657,29-11-2024,West,File Folder,Office Supplies,672.37,147.81,Corporate,Prepaid
ORD00658,01-10-2023,West,Printer,Technology,1398.73,165.25,Corporate,Credit Card
ORD00659,25-06-2024,South,Desk,Furniture,321.45,88.54,Home Office,Prepaid
ORD00660,13-08-2023,South,Notebook,Office Supplies,1047.44,195.03,Consumer,Cash on Delivery
ORD00661,11-07-2024,North,Desk,Furniture,773.99,221.79,Consumer,Cash on Delivery
ORD00662,16-09-2023,West,File Folder,Office Supplies,179.72,49.02,Corporate,UPI
ORD00663,12-02-2023,East,Bookshelf,Furniture,1973.28,138.27,Consumer,Prepaid
ORD00664,04-12-2024,West,Monitor,Technology,1260.38,112.07,Consumer,Cash on Delivery
ORD00665,01-08-2024,North,Chair,Furniture,1319.54,318.22,Corporate,Cash on Delivery
ORD00666,08-04-2022,West,Stapler,Office Supplies,221.02,37.59,Corporate,Credit Card
ORD00667,03-02-2024,South,Keyboard,Technology,1073.66,160.65,Consumer,UPI
ORD00668,17-05-2023,South,Bookshelf,Furniture,1743.39,95.49,Home Office,UPI
ORD00669,11-12-2022,South,Keyboard,Technology,1027.53,192.54,Consumer,UPI
ORD00670,20-03-2023,North,Bookshelf,Furniture,773.61,206.75,Consumer,UPI
ORD00671,12-07-2024,West,Keyboard,Technology,452.63,93.95,Home Office,Credit Card
ORD00672,18-01-2024,North,File Folder,Office Supplies,1232.36,253.13,Consumer,Cash on Delivery
ORD00673,08-06-2022,South,Printer,Technology,922.39,258.42,Consumer,Credit Card
ORD00674,08-09-2023,West,Printer,Technology,204.61,29.92,Corporate,Cash on Delivery
ORD00675,30-04-2023,South,Paper,Office Supplies,1774.72,89.96,Corporate,UPI
ORD00676,28-01-2022,South,Cabinet,Furniture,269.05,31.74,Corporate,Prepaid
ORD00677,25-06-2024,South,Table,Furniture,1713.34,141.44,Corporate,Prepaid
ORD00678,17-03-2024,South,Notebook,Office Supplies,69.52,15.51,Consumer,Prepaid
ORD00679,23-12-2022,North,Bookshelf,Furniture,85,13.7,Home Office,UPI
ORD00680,31-01-2023,North,Desk,Furniture,1064.07,54.81,Home Office,Prepaid
ORD00681,01-05-2022,South,Cabinet,Furniture,1636.05,318.33,Home Office,Credit Card
ORD00682,04-11-2023,West,Mouse,Technology,1448.33,127.16,Home Office,Prepaid
ORD00683,16-02-2023,South,Notebook,Office Supplies,352.99,20.85,Home Office,UPI
ORD00684,22-04-2022,North,Chair,Furniture,1879.81,271.42,Home Office,UPI
ORD00685,30-01-2022,West,Monitor,Technology,349.16,75.34,Home Office,Prepaid
ORD00686,17-08-2023,North,Mouse,Technology,1734.01,373.55,Consumer,UPI
ORD00687,27-01-2022,North,Table,Furniture,1000.04,154.77,Home Office,Cash on Delivery
ORD00688,30-07-2024,East,Keyboard,Technology,514.7,40.67,Consumer,Cash on Delivery
ORD00689,09-08-2022,East,Monitor,Technology,1090.96,319.27,Corporate,UPI
ORD00690,06-12-2022,West,Table,Furniture,133.3,8.43,Corporate,Cash on Delivery
ORD00691,03-04-2022,North,Pen,Office Supplies,830.54,119.31,Consumer,Credit Card
ORD00692,26-09-2023,East,Cabinet,Furniture,132.8,32.21,Consumer,Prepaid
ORD00693,21-03-2022,East,Desk,Furniture,954.02,226.7,Consumer,Cash on Delivery
ORD00694,27-09-2022,North,Notebook,Office Supplies,1693.56,279.78,Consumer,Credit Card
ORD00695,02-06-2022,North,Paper,Office Supplies,618.66,110.29,Home Office,UPI
ORD00696,30-08-2024,North,Keyboard,Technology,709.03,45.45,Home Office,UPI
ORD00697,19-08-2022,South,Paper,Office Supplies,1655.88,233.59,Corporate,Cash on Delivery
ORD00698,07-11-2022,South,Table,Furniture,1721.74,340.84,Corporate,Credit Card
ORD00699,02-08-2023,East,Cabinet,Furniture,1998.33,366.99,Home Office,UPI
ORD00700,02-06-2024,West,Paper,Office Supplies,1193.03,215.08,Home Office,Credit Card
ORD00701,30-06-2023,East,Keyboard,Technology,175.94,43.66,Corporate,Credit Card
ORD00702,28-05-2022,South,Pen,Office Supplies,1483.44,229.26,Corporate,Credit Card
ORD00703,01-07-2024,South,Paper,Office Supplies,447.92,65.37,Home Office,UPI
ORD00704,04-10-2022,East,Monitor,Technology,822.51,97.11,Home Office,Cash on Delivery
ORD00705,07-07-2024,East,Bookshelf,Furniture,1383.99,275.72,Home Office,Prepaid
ORD00706,30-09-2022,East,Stapler,Office Supplies,1451.26,414.9,Consumer,UPI
ORD00707,09-11-2024,East,Mouse,Technology,1971.36,221.93,Corporate,Credit Card
ORD00708,27-07-2022,South,Paper,Office Supplies,720.46,172.89,Consumer,UPI
ORD00709,26-07-2023,East,Printer,Technology,155.73,17.79,Home Office,Prepaid
ORD00710,01-06-2022,West,Laptop,Technology,952.76,115.23,Home Office,Prepaid
ORD00711,12-11-2023,West,File Folder,Office Supplies,466.59,105.64,Corporate,Cash on Delivery
ORD00712,08-05-2023,North,Table,Furniture,1496.48,366.05,Corporate,Prepaid
ORD00713,22-12-2024,East,Mouse,Technology,1210.4,221.92,Consumer,UPI
ORD00714,21-01-2024,West,Cabinet,Furniture,1151.11,58.83,Corporate,Prepaid
ORD00715,13-07-2024,West,Pen,Office Supplies,1638.14,379.21,Corporate,UPI
ORD00716,01-10-2023,South,Desk,Furniture,819.92,146.78,Home Office,Prepaid
ORD00717,06-08-2024,East,Mouse,Technology,649.14,54.1,Consumer,UPI
ORD00718,29-01-2023,East,Laptop,Technology,1675.46,307.63,Consumer,Credit Card
ORD00719,03-03-2024,East,Keyboard,Technology,110.44,27.48,Corporate,Cash on Delivery
ORD00720,06-03-2022,East,Cabinet,Furniture,258.91,21.17,Home Office,UPI
ORD00721,19-10-2023,South,Notebook,Office Supplies,1768.68,502.59,Home Office,Credit Card
ORD00722,12-02-2023,North,Mouse,Technology,448.98,33.94,Consumer,Prepaid
ORD00723,04-06-2023,North,Stapler,Office Supplies,1296.42,245.17,Home Office,Cash on Delivery
ORD00724,16-09-2024,South,Table,Furniture,1214.04,334.47,Consumer,Prepaid
ORD00725,17-02-2022,East,Laptop,Technology,732.45,152.26,Consumer,Credit Card
ORD00726,12-02-2022,South,Desk,Furniture,70.13,6.52,Consumer,Cash on Delivery
ORD00727,15-09-2022,South,File Folder,Office Supplies,929.06,122.78,Home Office,UPI
ORD00728,07-11-2024,North,Paper,Office Supplies,1448.39,360.94,Corporate,UPI
ORD00729,25-03-2022,East,Table,Furniture,1055.83,198.27,Corporate,Prepaid
ORD00730,01-04-2023,West,Chair,Furniture,1138.85,72.63,Home Office,Cash on Delivery
ORD00731,26-08-2024,North,Stapler,Office Supplies,100.96,26.48,Home Office,Cash on Delivery
ORD00732,05-03-2024,East,Chair,Furniture,976.49,157.86,Consumer,UPI
ORD00733,12-01-2022,East,File Folder,Office Supplies,461.87,85.2,Corporate,Credit Card
ORD00734,04-05-2022,South,Monitor,Technology,627.26,174.96,Consumer,Credit Card
ORD00735,26-06-2023,North,Desk,Furniture,1854.16,513.24,Corporate,Prepaid
ORD00736,27-09-2023,North,Stapler,Office Supplies,150.78,34.28,Consumer,Cash on Delivery
ORD00737,23-10-2022,West,Mouse,Technology,583.15,100.17,Consumer,UPI
ORD00738,13-06-2022,South,Paper,Office Supplies,817.71,87.09,Corporate,Credit Card
ORD00739,12-10-2022,West,Monitor,Technology,1760.95,273.37,Consumer,Cash on Delivery
ORD00740,21-10-2022,North,Chair,Furniture,1987.67,112.39,Consumer,UPI
ORD00741,11-04-2022,South,Bookshelf,Furniture,754.23,173.6,Home Office,Prepaid
ORD00742,05-08-2022,South,File Folder,Office Supplies,478.25,118.61,Home Office,Credit Card
ORD00743,05-07-2023,North,Laptop,Technology,1975.98,472.72,Home Office,Prepaid
ORD00744,22-06-2022,West,Laptop,Technology,1236.81,357.27,Corporate,Cash on Delivery
ORD00745,04-03-2022,West,Desk,Furniture,957.13,121.54,Corporate,Prepaid
ORD00746,20-08-2024,North,Bookshelf,Furniture,675.03,123.06,Corporate,UPI
ORD00747,17-12-2023,North,Chair,Furniture,764.52,214.91,Consumer,Prepaid
ORD00748,14-09-2023,West,Printer,Technology,53.57,9.57,Consumer,Prepaid
ORD00749,30-08-2023,South,Laptop,Technology,1447.97,173.61,Home Office,Cash on Delivery
ORD00750,02-09-2023,North,Laptop,Technology,812.41,139.66,Consumer,Prepaid
ORD00751,21-04-2024,West,Table,Furniture,1401.03,239.42,Corporate,Cash on Delivery
ORD00752,22-12-2022,North,Table,Furniture,414.82,22.7,Corporate,Prepaid
ORD00753,12-04-2022,West,Chair,Furniture,1437.43,219.49,Consumer,UPI
ORD00754,08-05-2022,South,Desk,Furniture,749.39,84.86,Corporate,Prepaid
ORD00755,07-02-2024,East,Paper,Office Supplies,468.69,47.22,Consumer,Cash on Delivery
ORD00756,02-01-2022,South,Table,Furniture,1226.56,65.43,Home Office,Credit Card
ORD00757,10-11-2022,South,Laptop,Technology,742.4,209.45,Consumer,Cash on Delivery
ORD00758,31-01-2022,East,Monitor,Technology,893.52,148.64,Consumer,UPI
ORD00759,23-11-2023,West,Printer,Technology,782.94,205.85,Consumer,Cash on Delivery
ORD00760,12-03-2022,East,Laptop,Technology,60.29,3.77,Corporate,Cash on Delivery
ORD00761,07-03-2022,North,Keyboard,Technology,948.24,141.94,Consumer,Credit Card
ORD00762,06-09-2024,North,Stapler,Office Supplies,443.66,117.02,Consumer,Credit Card
ORD00763,26-07-2022,West,Cabinet,Furniture,1064.62,307.73,Corporate,Credit Card
ORD00764,10-04-2024,East,Table,Furniture,1019.86,263.48,Consumer,Credit Card
ORD00765,01-03-2023,West,Pen,Office Supplies,978.09,50.17,Corporate,Prepaid
ORD00766,14-09-2022,East,Notebook,Office Supplies,1016.7,159.3,Home Office,Credit Card
ORD00767,27-08-2023,South,Mouse,Technology,289.22,40.45,Home Office,Cash on Delivery
ORD00768,10-01-2024,South,Printer,Technology,459.36,40.89,Home Office,Credit Card
ORD00769,10-05-2024,West,Laptop,Technology,1737.82,182.23,Home Office,Credit Card
ORD00770,12-08-2022,East,Table,Furniture,1908.97,304.98,Consumer,UPI
ORD00771,04-09-2023,South,Desk,Furniture,284.66,45.56,Home Office,Prepaid
ORD00772,05-11-2024,South,Mouse,Technology,1478.22,365.99,Home Office,Credit Card
ORD00773,09-05-2024,North,Stapler,Office Supplies,101.67,25.75,Home Office,Prepaid
ORD00774,06-04-2023,East,Desk,Furniture,410.62,64.18,Home Office,Cash on Delivery
ORD00775,26-11-2022,West,Printer,Technology,1311.32,108.26,Corporate,Prepaid
ORD00776,15-09-2024,South,Mouse,Technology,941.46,148.77,Consumer,Prepaid
ORD00777,21-02-2022,South,Pen,Office Supplies,1467.76,81.19,Consumer,Credit Card
ORD00778,29-11-2022,South,Desk,Furniture,474.49,70.18,Consumer,Credit Card
ORD00779,17-11-2022,North,Stapler,Office Supplies,1818.92,138.05,Corporate,Prepaid
ORD00780,21-04-2023,South,Keyboard,Technology,209.25,49.25,Consumer,Prepaid
ORD00781,27-08-2022,South,Desk,Furniture,434.66,64.45,Consumer,Cash on Delivery
ORD00782,08-09-2024,South,Bookshelf,Furniture,1006.74,288.57,Home Office,UPI
ORD00783,04-12-2023,West,Chair,Furniture,727.07,136.06,Corporate,UPI
ORD00784,10-01-2023,East,File Folder,Office Supplies,454.27,34.93,Consumer,UPI
ORD00785,16-12-2023,West,Monitor,Technology,1944.89,426.27,Home Office,Prepaid
ORD00786,13-11-2024,South,File Folder,Office Supplies,379.86,39.65,Corporate,Cash on Delivery
ORD00787,24-12-2024,West,Monitor,Technology,612.7,129.66,Consumer,Credit Card
ORD00788,25-12-2024,East,Pen,Office Supplies,1793.36,90.8,Corporate,Prepaid
ORD00789,13-04-2023,West,Paper,Office Supplies,729.11,155.12,Consumer,UPI
ORD00790,27-09-2024,West,Table,Furniture,1125.26,317.42,Corporate,Credit Card
ORD00791,09-04-2024,East,Paper,Office Supplies,1435.28,123.52,Home Office,UPI
ORD00792,07-03-2024,North,Mouse,Technology,1593.66,88.43,Home Office,Cash on Delivery
ORD00793,04-07-2024,North,Paper,Office Supplies,389.54,94.08,Corporate,Prepaid
ORD00794,10-10-2022,South,Notebook,Office Supplies,357.53,56.26,Home Office,Prepaid
ORD00795,14-12-2024,South,Printer,Technology,520.34,80.6,Corporate,Cash on Delivery
ORD00796,08-08-2024,West,Desk,Furniture,340.8,64.63,Home Office,Cash on Delivery
ORD00797,17-04-2024,East,Table,Furniture,435.57,52.69,Consumer,Cash on Delivery
ORD00798,21-12-2022,North,Table,Furniture,1816.83,377.01,Home Office,Prepaid
ORD00799,18-11-2022,South,Printer,Technology,1370.18,292.86,Consumer,Credit Card
ORD00800,27-03-2023,South,Paper,Office Supplies,1838.48,424.78,Corporate,UPI
ORD00801,29-06-2022,East,Printer,Technology,1654.03,109.99,Home Office,UPI
ORD00802,24-08-2022,East,Pen,Office Supplies,710.58,65.27,Corporate,Credit Card
ORD00803,17-12-2023,South,Paper,Office Supplies,710.04,121.29,Consumer,Prepaid
ORD00804,22-11-2024,East,Paper,Office Supplies,1495.31,248.41,Corporate,Prepaid
ORD00805,29-11-2023,West,Laptop,Technology,1430.43,260.43,Consumer,UPI
ORD00806,14-10-2024,North,Notebook,Office Supplies,54.49,12.06,Home Office,Prepaid
ORD00807,19-08-2023,East,Keyboard,Technology,1016.64,244.72,Home Office,UPI
ORD00808,07-07-2022,South,Chair,Furniture,593.89,176.12,Home Office,Prepaid
ORD00809,11-04-2023,South,Notebook,Office Supplies,1265.43,185.06,Home Office,Prepaid
ORD00810,30-07-2023,East,Desk,Furniture,378.31,26.73,Corporate,Cash on Delivery
ORD00811,29-01-2024,North,Stapler,Office Supplies,959.84,247.93,Consumer,Prepaid
ORD00812,18-09-2024,West,Cabinet,Furniture,159.68,33.04,Home Office,Credit Card
ORD00813,10-11-2022,West,Laptop,Technology,700.99,193.97,Corporate,Credit Card
ORD00814,24-01-2024,North,Chair,Furniture,421.55,116.19,Consumer,Credit Card
ORD00815,06-02-2023,West,Bookshelf,Furniture,825.35,56.79,Home Office,Cash on Delivery
ORD00816,01-02-2023,West,Cabinet,Furniture,888.48,162.05,Consumer,Credit Card
ORD00817,09-04-2024,East,Table,Furniture,1795.59,161.03,Consumer,UPI
ORD00818,03-03-2023,West,Paper,Office Supplies,587.19,64.36,Home Office,Prepaid
ORD00819,20-05-2022,South,Cabinet,Furniture,1190.61,124.54,Corporate,Prepaid
ORD00820,23-03-2022,East,Desk,Furniture,678.76,37.24,Home Office,Credit Card
ORD00821,07-10-2024,North,Printer,Technology,418.24,75.69,Home Office,Credit Card
ORD00822,07-01-2022,North,Monitor,Technology,1543.42,220.59,Home Office,Prepaid
ORD00823,21-08-2023,West,Chair,Furniture,1675.24,425.62,Corporate,UPI
ORD00824,29-11-2022,West,Mouse,Technology,1325.97,74.11,Corporate,Cash on Delivery
ORD00825,21-01-2024,North,Table,Furniture,1532.31,389.97,Corporate,UPI
ORD00826,04-04-2022,West,Keyboard,Technology,246.84,19.45,Corporate,UPI
ORD00827,26-10-2023,East,Keyboard,Technology,281.38,24.36,Corporate,UPI
ORD00828,02-07-2022,East,Table,Furniture,1839.56,163.38,Corporate,UPI
ORD00829,01-01-2023,West,Desk,Furniture,1489.36,376.47,Corporate,Credit Card
ORD00830,08-10-2022,North,Pen,Office Supplies,1919.21,574.09,Home Office,Credit Card
ORD00831,01-12-2023,South,Keyboard,Technology,488.94,139.52,Home Office,Prepaid
ORD00832,12-03-2024,West,Mouse,Technology,399.62,104.79,Corporate,Credit Card
ORD00833,07-02-2023,South,Notebook,Office Supplies,720.6,141.73,Home Office,UPI
ORD00834,27-04-2024,North,Monitor,Technology,777.22,161.49,Consumer,Credit Card
ORD00835,21-02-2022,West,Bookshelf,Furniture,479.31,121.5,Consumer,Prepaid
ORD00836,31-07-2022,West,Keyboard,Technology,1551.65,96.01,Home Office,Cash on Delivery
ORD00837,02-03-2022,South,Notebook,Office Supplies,1349.66,309.86,Home Office,Credit Card
ORD00838,22-03-2022,South,Paper,Office Supplies,997.6,137.52,Home Office,Credit Card
ORD00839,07-06-2024,North,Paper,Office Supplies,128.64,24.62,Consumer,Credit Card
ORD00840,19-05-2022,West,Paper,Office Supplies,1975.79,412.42,Corporate,Prepaid
ORD00841,03-11-2022,East,File Folder,Office Supplies,79.01,17.07,Consumer,Cash on Delivery
ORD00842,31-10-2022,South,Laptop,Technology,783.37,208.77,Corporate,Cash on Delivery
ORD00843,21-01-2023,West,Bookshelf,Furniture,456.45,83.29,Consumer,Credit Card
ORD00844,10-01-2022,North,Cabinet,Furniture,702.4,162.9,Consumer,Credit Card
ORD00845,02-04-2022,North,Printer,Technology,1366.89,126.15,Home Office,Cash on Delivery
ORD00846,01-02-2024,West,Printer,Technology,385.09,29.45,Consumer,UPI
ORD00847,07-09-2023,North,Stapler,Office Supplies,745.03,221.34,Consumer,Cash on Delivery
ORD00848,23-09-2022,West,Stapler,Office Supplies,1212.8,236.9,Consumer,Cash on Delivery
ORD00849,10-08-2024,North,Cabinet,Furniture,120.27,9.97,Consumer,Prepaid
ORD00850,26-09-2024,East,Pen,Office Supplies,1410.49,147.38,Consumer,UPI
ORD00851,23-06-2024,East,Bookshelf,Furniture,1357.08,145.39,Consumer,Cash on Delivery
ORD00852,24-04-2023,South,Monitor,Technology,944.96,275.69,Corporate,Prepaid
ORD00853,24-11-2024,North,Monitor,Technology,1933.04,469.43,Corporate,Prepaid
ORD00854,13-12-2024,East,Paper,Office Supplies,295.49,26.92,Corporate,Cash on Delivery
ORD00855,23-11-2023,North,Table,Furniture,1344.26,80.77,Home Office,Prepaid
ORD00856,01-06-2023,North,File Folder,Office Supplies,1169.93,150.8,Consumer,Prepaid
ORD00857,17-11-2024,South,Bookshelf,Furniture,106.18,22.84,Corporate,Cash on Delivery
ORD00858,10-07-2023,North,Chair,Furniture,547.44,111.37,Corporate,UPI
ORD00859,26-06-2024,South,Chair,Furniture,371.74,56.84,Corporate,Credit Card
ORD00860,16-03-2022,South,Chair,Furniture,1484.39,188.46,Consumer,Prepaid
ORD00861,25-09-2024,East,Desk,Furniture,893.97,89.08,Consumer,Cash on Delivery
ORD00862,31-05-2024,East,Keyboard,Technology,1573.91,431.03,Home Office,UPI
ORD00863,14-05-2023,East,Keyboard,Technology,1680.47,341.4,Home Office,Prepaid
ORD00864,04-02-2023,West,Pen,Office Supplies,1714.28,425.62,Consumer,Prepaid
ORD00865,28-01-2024,East,Bookshelf,Furniture,443.84,93.13,Home Office,Cash on Delivery
ORD00866,03-09-2023,North,Pen,Office Supplies,118.91,13.79,Consumer,Cash on Delivery
ORD00867,10-01-2023,South,Laptop,Technology,681.49,120.62,Consumer,Credit Card
ORD00868,19-02-2024,South,Monitor,Technology,100.67,27.72,Consumer,UPI
ORD00869,01-07-2023,North,File Folder,Office Supplies,1146.63,153.16,Corporate,Cash on Delivery
ORD00870,02-08-2023,West,Chair,Furniture,151.97,9.23,Corporate,Cash on Delivery
ORD00871,24-05-2022,West,Desk,Furniture,1736.27,311.22,Consumer,Prepaid
ORD00872,17-03-2022,North,Cabinet,Furniture,271.6,71.64,Home Office,UPI
ORD00873,16-04-2024,South,Bookshelf,Furniture,492.33,70.1,Corporate,Prepaid
ORD00874,22-10-2022,East,Table,Furniture,1395.96,155.97,Consumer,Prepaid
ORD00875,12-06-2023,North,Notebook,Office Supplies,1687.51,152.49,Consumer,Prepaid
ORD00876,13-10-2023,West,Printer,Technology,1030.2,258.35,Home Office,Cash on Delivery
ORD00877,16-01-2023,West,Chair,Furniture,773.11,55.38,Corporate,UPI
ORD00878,18-12-2023,West,Cabinet,Furniture,716.58,128.9,Corporate,UPI
ORD00879,14-04-2022,West,Desk,Furniture,379.76,57.26,Corporate,Credit Card
ORD00880,25-12-2022,East,File Folder,Office Supplies,295.56,28.75,Consumer,Cash on Delivery
ORD00881,18-11-2023,East,Laptop,Technology,252.15,38.7,Corporate,Prepaid
ORD00882,29-01-2024,East,Mouse,Technology,1444.74,302.21,Home Office,Prepaid
ORD00883,02-12-2022,East,Mouse,Technology,179.64,51.97,Consumer,Prepaid
ORD00884,28-12-2023,East,Keyboard,Technology,919.88,117.63,Corporate,Prepaid
ORD00885,19-07-2022,West,Keyboard,Technology,534.54,141.82,Corporate,Credit Card
ORD00886,27-08-2022,South,Mouse,Technology,1247.08,243.45,Corporate,Prepaid
ORD00887,18-12-2024,West,Laptop,Technology,862.95,71.12,Consumer,Prepaid
ORD00888,17-07-2022,North,Monitor,Technology,584.75,75.6,Consumer,Prepaid
ORD00889,10-05-2023,South,Bookshelf,Furniture,1601.63,222.73,Corporate,Credit Card
ORD00890,07-04-2023,South,Table,Furniture,797.83,172.84,Consumer,Credit Card
ORD00891,31-08-2022,South,Keyboard,Technology,863.41,118.02,Corporate,Cash on Delivery
ORD00892,18-10-2023,East,Cabinet,Furniture,1392.15,215.89,Home Office,Credit Card
ORD00893,22-06-2024,North,Chair,Furniture,1341,116.54,Consumer,Credit Card
ORD00894,11-03-2023,West,Bookshelf,Furniture,506.39,136.17,Corporate,Credit Card
ORD00895,07-02-2024,North,Mouse,Technology,1926.03,191.5,Home Office,Prepaid
ORD00896,30-01-2023,East,Table,Furniture,930.25,138.87,Consumer,Prepaid
ORD00897,04-11-2023,East,Pen,Office Supplies,222.78,41.18,Corporate,Prepaid
ORD00898,21-09-2023,South,Chair,Furniture,1291.84,206.1,Consumer,Credit Card
ORD00899,07-04-2024,North,Pen,Office Supplies,664.2,42.28,Home Office,Credit Card
ORD00900,28-06-2023,North,Cabinet,Furniture,394.45,73.22,Consumer,Prepaid
ORD00901,26-04-2022,South,Printer,Technology,1918.16,144.92,Corporate,UPI
ORD00902,14-06-2023,North,Cabinet,Furniture,1311.84,358.13,Consumer,Cash on Delivery
ORD00903,17-02-2024,West,Pen,Office Supplies,1252,188.38,Corporate,UPI
ORD00904,01-11-2022,North,Stapler,Office Supplies,952.06,112.06,Corporate,Credit Card
ORD00905,29-04-2024,East,Pen,Office Supplies,723.55,57.73,Consumer,UPI
ORD00906,08-10-2023,East,Chair,Furniture,1558.45,311.82,Corporate,Credit Card
ORD00907,03-07-2023,East,Mouse,Technology,1502.02,267.88,Consumer,Credit Card
ORD00908,21-03-2024,South,Laptop,Technology,653.26,115.4,Corporate,Credit Card
ORD00909,22-06-2023,South,Keyboard,Technology,507.14,82.05,Consumer,Cash on Delivery
ORD00910,22-07-2022,East,Bookshelf,Furniture,1280.81,217.66,Consumer,Cash on Delivery
ORD00911,16-09-2024,East,Chair,Furniture,1600.09,248.8,Corporate,UPI
ORD00912,05-01-2023,East,Desk,Furniture,83.32,17.09,Home Office,Prepaid
ORD00913,26-05-2022,South,Stapler,Office Supplies,1558.25,176.78,Corporate,UPI
ORD00914,08-07-2024,West,Desk,Furniture,1044.51,88.6,Home Office,UPI
ORD00915,01-04-2024,North,Desk,Furniture,303.44,73.42,Home Office,UPI
ORD00916,12-06-2023,East,Bookshelf,Furniture,1925.09,558.93,Corporate,Prepaid
ORD00917,11-03-2024,East,Desk,Furniture,616.49,76.38,Corporate,Prepaid
ORD00918,03-05-2022,East,Table,Furniture,64.52,7.67,Home Office,Credit Card
ORD00919,16-10-2022,South,Paper,Office Supplies,1198.61,282.47,Corporate,Prepaid
ORD00920,12-08-2023,South,File Folder,Office Supplies,1325.88,197.72,Corporate,Credit Card
ORD00921,01-10-2023,North,Table,Furniture,1382.86,333.38,Corporate,Cash on Delivery
ORD00922,07-01-2024,West,Paper,Office Supplies,148.11,23.54,Consumer,Cash on Delivery
ORD00923,16-07-2023,South,Keyboard,Technology,355.56,86.01,Consumer,Cash on Delivery
ORD00924,16-09-2024,South,Keyboard,Technology,394.32,110.46,Corporate,Cash on Delivery
ORD00925,08-08-2022,North,Cabinet,Furniture,1846.33,320.39,Corporate,Prepaid
ORD00926,03-04-2022,East,Mouse,Technology,188.91,42.1,Corporate,UPI
ORD00927,19-09-2022,East,Notebook,Office Supplies,1659,179.78,Home Office,Cash on Delivery
ORD00928,29-09-2024,North,File Folder,Office Supplies,1980.28,173.99,Corporate,UPI
ORD00929,03-08-2022,East,Printer,Technology,351.62,40.4,Home Office,Prepaid
ORD00930,16-01-2024,West,Monitor,Technology,1692.02,111.59,Home Office,Credit Card
ORD00931,07-04-2022,North,File Folder,Office Supplies,1934.52,101.27,Corporate,Prepaid
ORD00932,12-03-2022,East,Keyboard,Technology,598.84,68.13,Corporate,Credit Card
ORD00933,02-05-2024,West,Stapler,Office Supplies,1876.72,312.02,Home Office,Cash on Delivery
ORD00934,16-02-2023,West,File Folder,Office Supplies,356.04,80.82,Home Office,UPI
ORD00935,28-08-2022,South,Stapler,Office Supplies,1302.56,145.79,Corporate,Cash on Delivery
ORD00936,07-12-2024,North,Monitor,Technology,376.17,52.67,Home Office,Cash on Delivery
ORD00937,06-01-2024,South,Chair,Furniture,196.02,40.46,Corporate,Credit Card
ORD00938,24-02-2023,South,Printer,Technology,1565.24,283.69,Corporate,Credit Card
ORD00939,26-08-2023,North,Bookshelf,Furniture,213.83,37.66,Consumer,UPI
ORD00940,23-12-2024,West,Paper,Office Supplies,1421.42,208.16,Consumer,UPI
ORD00941,16-11-2024,South,Stapler,Office Supplies,1948.25,161.95,Home Office,Credit Card
ORD00942,15-10-2024,West,Table,Furniture,83.35,11.85,Home Office,Credit Card
ORD00943,25-03-2024,East,Bookshelf,Furniture,242.96,64.96,Consumer,Cash on Delivery
ORD00944,22-08-2022,North,Notebook,Office Supplies,52.25,6.3,Corporate,Credit Card
ORD00945,10-02-2023,South,Printer,Technology,1337.12,117.27,Consumer,Cash on Delivery
ORD00946,27-01-2023,North,Mouse,Technology,650.3,177.53,Home Office,UPI
ORD00947,07-11-2023,South,Notebook,Office Supplies,757.42,166.5,Consumer,Prepaid
ORD00948,01-01-2022,South,Paper,Office Supplies,1244.73,155.27,Corporate,UPI
ORD00949,14-09-2023,West,Paper,Office Supplies,654.99,174.9,Consumer,Prepaid
ORD00950,28-06-2022,North,Keyboard,Technology,1265.7,236.12,Corporate,Credit Card
ORD00951,14-08-2023,East,Table,Furniture,1051.15,238.92,Consumer,UPI
ORD00952,28-03-2023,East,Table,Furniture,1648.05,103.59,Home Office,Cash on Delivery
ORD00953,08-10-2022,South,Bookshelf,Furniture,615.82,159.16,Corporate,Credit Card
ORD00954,16-05-2023,South,Printer,Technology,1482.84,106.55,Corporate,UPI
ORD00955,17-07-2023,East,Keyboard,Technology,325.26,21.29,Corporate,Cash on Delivery
ORD00956,19-03-2023,North,File Folder,Office Supplies,640.5,99.74,Corporate,Cash on Delivery
ORD00957,15-04-2024,South,Monitor,Technology,1086.26,236.78,Consumer,Credit Card
ORD00958,18-01-2022,East,Table,Furniture,79.95,6,Home Office,Prepaid
ORD00959,20-02-2023,South,Monitor,Technology,769.24,73.22,Corporate,Credit Card
ORD00960,26-02-2023,North,Laptop,Technology,693.99,187.9,Consumer,Prepaid
ORD00961,18-07-2024,South,Monitor,Technology,1419.33,152.98,Home Office,Credit Card
ORD00962,20-02-2024,West,Laptop,Technology,265.93,16.38,Corporate,UPI
ORD00963,19-05-2023,East,Printer,Technology,1277.75,195.36,Home Office,Credit Card
ORD00964,05-03-2022,West,Stapler,Office Supplies,521.82,69.9,Home Office,Cash on Delivery
ORD00965,11-01-2022,West,File Folder,Office Supplies,595.25,140.95,Home Office,UPI
ORD00966,20-11-2024,East,Mouse,Technology,551.89,146.88,Corporate,UPI
ORD00967,09-07-2022,East,Pen,Office Supplies,1160.47,152.37,Corporate,Cash on Delivery
ORD00968,19-04-2024,West,Bookshelf,Furniture,1361.41,188.7,Home Office,Credit Card
ORD00969,27-05-2022,East,Table,Furniture,860.23,154.49,Home Office,Credit Card
ORD00970,14-05-2023,South,Chair,Furniture,1266.37,289.27,Home Office,Prepaid
ORD00971,20-05-2024,East,Cabinet,Furniture,1365.01,285.68,Home Office,Credit Card
ORD00972,02-12-2024,South,Paper,Office Supplies,1962.08,255.01,Corporate,UPI
ORD00973,28-12-2023,North,Bookshelf,Furniture,509.33,35.18,Home Office,UPI
ORD00974,23-05-2024,South,Table,Furniture,1114.89,254.9,Corporate,Cash on Delivery
ORD00975,29-03-2022,East,Table,Furniture,1750.65,400.12,Corporate,Cash on Delivery
ORD00976,12-09-2024,North,Table,Furniture,1514.92,348.65,Corporate,Prepaid
ORD00977,16-10-2024,North,File Folder,Office Supplies,1331.2,93.15,Home Office,UPI
ORD00978,01-07-2023,South,Monitor,Technology,1469.58,371.6,Home Office,UPI
ORD00979,23-04-2024,East,Paper,Office Supplies,1025.07,136.62,Corporate,Credit Card
ORD00980,24-02-2024,West,Printer,Technology,1194.26,308.4,Corporate,Cash on Delivery
ORD00981,28-07-2023,East,Table,Furniture,189.59,12.89,Corporate,Prepaid
ORD00982,29-03-2023,West,Chair,Furniture,73.89,16.98,Home Office,Cash on Delivery
ORD00983,20-10-2023,East,Stapler,Office Supplies,1517.84,122.17,Corporate,Prepaid
ORD00984,28-04-2022,South,Stapler,Office Supplies,1198.52,270.62,Corporate,Credit Card
ORD00985,28-07-2022,West,Pen,Office Supplies,1694.38,443.76,Home Office,UPI
ORD00986,11-02-2022,North,Mouse,Technology,1501.38,106.89,Consumer,Cash on Delivery
ORD00987,20-10-2023,South,Pen,Office Supplies,309.99,55.7,Home Office,Cash on Delivery
ORD00988,27-05-2023,West,File Folder,Office Supplies,1629.95,462.08,Consumer,Credit Card
ORD00989,13-03-2023,South,Paper,Office Supplies,1732.83,180.38,Consumer,Cash on Delivery
ORD00990,08-08-2024,East,Pen,Office Supplies,1918.69,345.86,Home Office,UPI
ORD00991,12-09-2024,North,Paper,Office Supplies,1773.86,226.27,Home Office,UPI
ORD00992,07-12-2022,South,Desk,Furniture,1706.17,424.83,Corporate,Prepaid
ORD00993,29-05-2024,East,Bookshelf,Furniture,1252.82,182.82,Consumer,Cash on Delivery
ORD00994,15-05-2024,South,Printer,Technology,1131.46,320.9,Home Office,UPI
ORD00995,09-02-2023,East,Bookshelf,Furniture,1275.04,352.83,Home Office,Cash on Delivery
ORD00996,10-02-2022,South,Mouse,Technology,1255.71,346.49,Corporate,UPI
ORD00997,13-07-2024,East,Table,Furniture,1995.88,150.29,Home Office,Cash on Delivery
ORD00998,12-12-2024,East,Desk,Furniture,143.63,30.04,Home Office,Credit Card
ORD00999,06-05-2022,South,Laptop,Technology,511.07,83.59,Corporate,UPI
ORD01000,17-05-2024,South,Pen,Office Supplies,959.63,136.28,Home Office,Credit Card
ORD01001,18-03-2023,North,Paper,Office Supplies,1621.09,170.78,Corporate,UPI
ORD01002,06-01-2023,North,Table,Furniture,1648.41,118.71,Home Office,UPI
ORD01003,14-06-2024,South,Pen,Office Supplies,1203.66,124.65,Home Office,Credit Card
ORD01004,19-06-2024,South,Table,Furniture,1555.01,427.5,Corporate,Credit Card
ORD01005,01-06-2022,South,Laptop,Technology,1715.87,482.66,Home Office,Cash on Delivery
ORD01006,10-11-2023,East,Monitor,Technology,301.07,58.13,Corporate,Prepaid
ORD01007,08-08-2022,North,Table,Furniture,1917.21,562.76,Home Office,UPI
ORD01008,16-12-2023,East,Printer,Technology,1252.31,263.82,Consumer,Prepaid
ORD01009,26-11-2024,West,File Folder,Office Supplies,404.95,114.74,Home Office,Credit Card
ORD01010,18-09-2022,East,Bookshelf,Furniture,489.89,75.11,Home Office,UPI
ORD01011,20-01-2024,North,Monitor,Technology,582.11,29.88,Home Office,Cash on Delivery
ORD01012,24-07-2023,North,Paper,Office Supplies,447.61,54.21,Consumer,UPI
ORD01013,07-03-2022,South,Monitor,Technology,581.42,117.42,Consumer,Credit Card
ORD01014,21-09-2022,West,Bookshelf,Furniture,1607.09,402.72,Home Office,Prepaid
ORD01015,31-01-2022,South,Chair,Furniture,285.83,25.55,Consumer,Prepaid
ORD01016,28-03-2024,West,Cabinet,Furniture,1421.15,345.03,Home Office,Credit Card
ORD01017,16-05-2022,East,Table,Furniture,1957.67,205.38,Home Office,UPI
ORD01018,24-11-2024,South,Chair,Furniture,843.25,224.62,Home Office,Cash on Delivery
ORD01019,13-08-2022,North,Pen,Office Supplies,752.89,182.54,Consumer,Prepaid
ORD01020,08-03-2023,East,Cabinet,Furniture,579.62,66.19,Home Office,Prepaid
ORD01021,25-06-2023,West,Laptop,Technology,720.92,179.69,Consumer,Cash on Delivery
ORD01022,12-05-2023,East,Mouse,Technology,1088.4,173.54,Consumer,Cash on Delivery
ORD01023,28-02-2023,East,Desk,Furniture,654.93,109.05,Corporate,Prepaid
ORD01024,12-11-2024,North,File Folder,Office Supplies,1330.44,178.45,Home Office,Credit Card
ORD01025,14-07-2024,South,Printer,Technology,1283.86,282.63,Corporate,Prepaid
ORD01026,18-08-2024,North,Laptop,Technology,207.57,14.29,Home Office,Prepaid
ORD01027,02-03-2022,North,Chair,Furniture,883.51,133.76,Corporate,Credit Card
ORD01028,21-08-2022,East,Desk,Furniture,1247.37,111.37,Home Office,Cash on Delivery
ORD01029,13-11-2022,North,Laptop,Technology,1529.1,343.61,Home Office,Credit Card
ORD01030,23-06-2023,North,File Folder,Office Supplies,397.14,103.74,Consumer,Credit Card
ORD01031,16-03-2023,North,File Folder,Office Supplies,500.05,140.44,Home Office,Cash on Delivery
ORD01032,08-12-2022,East,Mouse,Technology,582.13,53.74,Home Office,Cash on Delivery
ORD01033,06-08-2024,North,File Folder,Office Supplies,391.37,114.19,Home Office,UPI
ORD01034,26-04-2024,North,Desk,Furniture,1294.63,279.73,Corporate,Cash on Delivery
ORD01035,12-05-2023,North,Monitor,Technology,132.24,21.57,Corporate,Prepaid
ORD01036,30-11-2024,North,Keyboard,Technology,1200.78,72.71,Home Office,Credit Card
ORD01037,21-09-2024,East,Stapler,Office Supplies,1687.89,98.57,Home Office,Credit Card
ORD01038,05-02-2022,North,Keyboard,Technology,1970.03,289.56,Consumer,Credit Card
ORD01039,28-04-2024,North,Cabinet,Furniture,1181.28,145.18,Corporate,UPI
ORD01040,12-03-2024,South,Chair,Furniture,1828.61,328.96,Consumer,Credit Card
ORD01041,20-07-2024,South,Chair,Furniture,1829.93,294.95,Home Office,Prepaid
ORD01042,15-03-2022,West,Desk,Furniture,1326.72,314.4,Corporate,Cash on Delivery
ORD01043,07-09-2024,North,Laptop,Technology,430.21,89.82,Corporate,Prepaid
ORD01044,23-01-2022,North,Monitor,Technology,304.83,82.06,Consumer,Prepaid
ORD01045,07-04-2023,North,Pen,Office Supplies,1105.55,196.1,Corporate,Cash on Delivery
ORD01046,06-08-2024,West,Keyboard,Technology,1073,113.18,Home Office,Cash on Delivery
ORD01047,26-08-2023,North,Bookshelf,Furniture,1051.21,212.56,Home Office,UPI
ORD01048,11-01-2022,South,Bookshelf,Furniture,227.06,36.05,Corporate,Prepaid
ORD01049,14-10-2024,West,Pen,Office Supplies,693.05,76.43,Corporate,Cash on Delivery
ORD01050,22-09-2023,East,Pen,Office Supplies,1980.23,111.97,Corporate,UPI
ORD01051,05-08-2022,East,Cabinet,Furniture,971.18,90.35,Home Office,UPI
ORD01052,20-10-2024,East,Laptop,Technology,1809.36,307.27,Corporate,Prepaid
ORD01053,15-05-2022,East,Laptop,Technology,1850.72,278.28,Corporate,Prepaid
ORD01054,17-12-2024,North,Chair,Furniture,1776.2,172.72,Home Office,Cash on Delivery
ORD01055,07-02-2024,East,File Folder,Office Supplies,1788.86,207.65,Consumer,UPI
ORD01056,08-07-2022,North,Mouse,Technology,1430.76,264.31,Home Office,Credit Card
ORD01057,16-06-2023,North,Printer,Technology,141.98,22.66,Corporate,UPI
ORD01058,13-03-2024,South,Paper,Office Supplies,890.91,172.83,Consumer,Credit Card
ORD01059,07-01-2024,West,Table,Furniture,1001.34,163.81,Corporate,UPI
ORD01060,27-05-2022,North,Bookshelf,Furniture,1394.48,410.16,Consumer,Prepaid
ORD01061,03-11-2022,North,Printer,Technology,1967.04,114.13,Corporate,Cash on Delivery
ORD01062,16-04-2022,South,Desk,Furniture,392.34,97.49,Consumer,Cash on Delivery
ORD01063,26-03-2024,North,Chair,Furniture,336.57,52.7,Consumer,Prepaid
ORD01064,30-04-2023,North,Stapler,Office Supplies,758.89,225.53,Consumer,UPI
ORD01065,28-06-2023,North,Laptop,Technology,1803.77,279.99,Consumer,Credit Card
ORD01066,20-01-2023,South,Stapler,Office Supplies,953.98,121.79,Consumer,UPI
ORD01067,09-03-2022,East,Printer,Technology,1440.75,243.18,Consumer,Prepaid
ORD01068,17-09-2022,South,Cabinet,Furniture,1884.28,279.54,Home Office,Cash on Delivery
ORD01069,14-11-2023,South,Laptop,Technology,691.31,195.7,Corporate,Cash on Delivery
ORD01070,28-06-2022,East,Monitor,Technology,836.31,163.74,Corporate,Credit Card
ORD01071,05-03-2022,East,Printer,Technology,1000.93,95.56,Corporate,Cash on Delivery
ORD01072,28-06-2022,North,Stapler,Office Supplies,823.94,43.51,Home Office,UPI
ORD01073,05-12-2023,East,Bookshelf,Furniture,1976.99,404.73,Corporate,UPI
ORD01074,07-08-2024,East,Mouse,Technology,1759.74,309.75,Consumer,Cash on Delivery
ORD01075,02-03-2022,South,Monitor,Technology,1438.04,189.49,Corporate,Prepaid
ORD01076,25-02-2022,South,Bookshelf,Furniture,136.24,14.88,Corporate,Cash on Delivery
ORD01077,19-01-2024,West,Cabinet,Furniture,397.3,48.94,Home Office,Prepaid
ORD01078,09-08-2022,East,Cabinet,Furniture,779.58,192.88,Corporate,UPI
ORD01079,25-08-2022,South,Table,Furniture,1200.17,302.59,Home Office,Credit Card
ORD01080,08-10-2022,East,Table,Furniture,1309.67,100.37,Corporate,Cash on Delivery
ORD01081,27-01-2023,North,Laptop,Technology,1997.28,454.16,Home Office,Credit Card
ORD01082,06-06-2024,West,Desk,Furniture,154.79,31.46,Corporate,Prepaid
ORD01083,10-08-2022,East,Bookshelf,Furniture,1836.46,507.07,Home Office,Cash on Delivery
ORD01084,09-11-2022,South,Notebook,Office Supplies,540.84,149.64,Home Office,Cash on Delivery
ORD01085,20-06-2024,South,Printer,Technology,1431.94,168.46,Corporate,Credit Card
ORD01086,30-07-2024,West,Laptop,Technology,1446.05,208.71,Consumer,UPI
ORD01087,01-06-2023,West,Bookshelf,Furniture,1520.79,358.51,Corporate,Prepaid
ORD01088,16-07-2023,West,Desk,Furniture,1268.68,158.99,Corporate,Prepaid
ORD01089,28-01-2024,East,Keyboard,Technology,899.85,183.2,Home Office,Credit Card
ORD01090,19-01-2024,North,Paper,Office Supplies,549.46,94.22,Corporate,Cash on Delivery
ORD01091,19-03-2023,East,Bookshelf,Furniture,1775.52,310.26,Home Office,Credit Card
ORD01092,29-07-2023,North,Bookshelf,Furniture,1529.59,437.34,Corporate,Credit Card
ORD01093,17-01-2023,South,Bookshelf,Furniture,1029.6,174.23,Corporate,Credit Card
ORD01094,30-05-2024,South,Monitor,Technology,581.07,136.1,Corporate,Credit Card
ORD01095,29-04-2022,East,Bookshelf,Furniture,224.15,39.78,Home Office,Credit Card
ORD01096,03-09-2023,East,Mouse,Technology,661.17,48.71,Consumer,UPI
ORD01097,05-02-2022,North,Bookshelf,Furniture,1554.95,234.47,Corporate,Credit Card
ORD01098,08-07-2022,North,File Folder,Office Supplies,1652.68,433.84,Corporate,Credit Card
ORD01099,09-08-2022,East,Mouse,Technology,171.34,30.61,Corporate,Cash on Delivery
ORD01100,07-08-2023,South,Laptop,Technology,1160.38,269.72,Home Office,UPI
ORD01101,09-05-2022,South,Laptop,Technology,1183.2,228.22,Corporate,UPI
ORD01102,21-10-2022,West,Mouse,Technology,1940.69,489.81,Corporate,Cash on Delivery
ORD01103,15-09-2023,North,File Folder,Office Supplies,1610.29,278.82,Home Office,Cash on Delivery
ORD01104,16-12-2022,South,Desk,Furniture,847.68,145.19,Corporate,Prepaid
ORD01105,19-01-2022,South,Laptop,Technology,1348.91,176.9,Consumer,Prepaid
ORD01106,23-06-2024,North,Pen,Office Supplies,169.07,50.41,Consumer,Prepaid
ORD01107,25-12-2023,North,Stapler,Office Supplies,745.33,77.04,Corporate,Credit Card
ORD01108,30-03-2023,West,Table,Furniture,52.83,4.86,Corporate,UPI
ORD01109,01-12-2023,North,File Folder,Office Supplies,1087.99,80.96,Corporate,Prepaid
ORD01110,20-12-2023,South,Monitor,Technology,1549.46,136.77,Consumer,Credit Card
ORD01111,04-03-2023,West,Printer,Technology,429.28,60.28,Consumer,UPI
ORD01112,21-04-2024,North,Desk,Furniture,1170.5,111.64,Consumer,UPI
ORD01113,28-04-2023,North,Pen,Office Supplies,421.07,69.63,Home Office,Cash on Delivery
ORD01114,13-12-2023,East,Table,Furniture,1879.84,486.85,Consumer,Prepaid
ORD01115,21-06-2024,East,Notebook,Office Supplies,1444.43,327.51,Corporate,Credit Card
ORD01116,04-07-2024,East,Paper,Office Supplies,232.39,12.9,Consumer,Cash on Delivery
ORD01117,19-05-2022,North,Desk,Furniture,1230.31,175.89,Consumer,UPI
ORD01118,01-11-2024,East,Monitor,Technology,468.39,59.27,Consumer,Prepaid
ORD01119,06-01-2022,East,Stapler,Office Supplies,1281.74,327.86,Corporate,UPI
ORD01120,03-04-2022,East,Keyboard,Technology,566.49,105.68,Home Office,UPI
ORD01121,15-10-2022,North,Keyboard,Technology,1395.31,317.85,Home Office,Prepaid
ORD01122,28-03-2024,East,Monitor,Technology,1460.4,408.25,Corporate,Prepaid
ORD01123,01-08-2023,South,Printer,Technology,1344.82,376.32,Corporate,Prepaid
ORD01124,28-08-2024,West,Desk,Furniture,1020.12,68.61,Home Office,UPI
ORD01125,20-05-2023,South,Laptop,Technology,1219.75,146.91,Home Office,Prepaid
ORD01126,20-11-2023,East,Bookshelf,Furniture,318.38,88.53,Home Office,Prepaid
ORD01127,15-12-2024,North,File Folder,Office Supplies,1555.06,256.85,Consumer,Prepaid
ORD01128,30-08-2022,North,Table,Furniture,1570.76,247.76,Home Office,Cash on Delivery
ORD01129,17-12-2023,South,Paper,Office Supplies,195.3,57.96,Consumer,UPI
ORD01130,15-01-2022,East,Mouse,Technology,1882.59,319.66,Consumer,Credit Card
ORD01131,01-06-2022,South,Paper,Office Supplies,1618.88,255.12,Consumer,Cash on Delivery
ORD01132,08-02-2022,East,Laptop,Technology,1166.2,277.09,Consumer,UPI
ORD01133,05-10-2024,North,Pen,Office Supplies,867.37,145.67,Consumer,Credit Card
ORD01134,06-11-2024,North,Bookshelf,Furniture,868.71,135.8,Corporate,Prepaid
ORD01135,02-02-2024,South,Notebook,Office Supplies,866.69,159.3,Consumer,UPI
ORD01136,09-01-2024,South,Keyboard,Technology,1479.82,281.69,Consumer,Credit Card
ORD01137,18-11-2022,East,Laptop,Technology,1243.1,69.65,Consumer,UPI
ORD01138,27-07-2022,South,Keyboard,Technology,1356.91,119.59,Corporate,Credit Card
ORD01139,22-02-2022,South,Table,Furniture,904.6,159.51,Corporate,Credit Card
ORD01140,01-05-2022,East,Stapler,Office Supplies,1439.15,168.73,Home Office,Cash on Delivery
ORD01141,08-06-2023,South,Table,Furniture,1068.86,214.63,Corporate,Prepaid
ORD01142,04-11-2024,North,Laptop,Technology,1796.54,157.23,Home Office,Prepaid
ORD01143,25-02-2022,South,Pen,Office Supplies,685.75,88.19,Home Office,UPI
ORD01144,05-11-2023,North,Monitor,Technology,835.59,201.17,Consumer,Credit Card
ORD01145,24-10-2023,East,Paper,Office Supplies,596.25,125.84,Corporate,Prepaid
ORD01146,19-10-2024,West,Notebook,Office Supplies,1877.89,115.01,Consumer,UPI
ORD01147,24-05-2024,South,Desk,Furniture,538.02,153.01,Home Office,Prepaid
ORD01148,09-04-2024,East,Cabinet,Furniture,809.51,186.43,Home Office,UPI
ORD01149,19-07-2024,West,Printer,Technology,1413.34,358.1,Home Office,Cash on Delivery
ORD01150,27-10-2023,West,Laptop,Technology,1973.25,568.26,Home Office,UPI
ORD01151,23-07-2023,South,Monitor,Technology,1896.15,385.99,Corporate,Prepaid
ORD01152,09-02-2024,East,Desk,Furniture,1114.1,63.42,Home Office,Credit Card
ORD01153,09-01-2024,East,Notebook,Office Supplies,1862.86,202.01,Consumer,Credit Card
ORD01154,06-02-2022,West,Table,Furniture,114.35,17.72,Corporate,Cash on Delivery
ORD01155,17-07-2022,East,Pen,Office Supplies,749.69,107.79,Consumer,Credit Card
ORD01156,27-09-2024,West,Stapler,Office Supplies,784.03,47.59,Home Office,Cash on Delivery
ORD01157,23-12-2022,West,Stapler,Office Supplies,1576.73,281.86,Consumer,Credit Card
ORD01158,30-10-2024,South,Paper,Office Supplies,593.41,37.56,Consumer,Credit Card
ORD01159,30-05-2022,East,Notebook,Office Supplies,59.55,17.61,Corporate,Credit Card
ORD01160,19-05-2022,North,Desk,Furniture,1880.62,270.55,Corporate,Credit Card
ORD01161,22-07-2022,South,Paper,Office Supplies,338.01,93.76,Home Office,Cash on Delivery
ORD01162,05-10-2022,South,Bookshelf,Furniture,1076.92,133.12,Consumer,Credit Card
ORD01163,04-01-2023,West,Chair,Furniture,408.34,107.43,Corporate,UPI
ORD01164,28-11-2022,West,Mouse,Technology,1924.51,569.68,Corporate,Credit Card
ORD01165,08-12-2022,South,Mouse,Technology,400.77,108.15,Corporate,Credit Card
ORD01166,29-10-2022,West,Printer,Technology,1149.05,135.88,Consumer,Credit Card
ORD01167,06-04-2022,West,Pen,Office Supplies,491.86,44.49,Consumer,Prepaid
ORD01168,11-03-2024,East,Printer,Technology,611.34,58.49,Corporate,Credit Card
ORD01169,18-08-2024,North,Notebook,Office Supplies,1509.79,360.13,Consumer,UPI
ORD01170,25-04-2024,North,Monitor,Technology,1307.71,97.9,Home Office,UPI
ORD01171,21-12-2022,West,Paper,Office Supplies,805.05,121.23,Corporate,Credit Card
ORD01172,08-10-2023,North,Keyboard,Technology,1539.73,366.18,Home Office,UPI
ORD01173,09-05-2022,South,Notebook,Office Supplies,945.39,235.76,Consumer,Credit Card
ORD01174,23-05-2024,East,Paper,Office Supplies,1997.42,443.16,Corporate,Credit Card
ORD01175,04-01-2022,South,Cabinet,Furniture,1472.73,286.36,Consumer,Prepaid
ORD01176,11-12-2023,South,File Folder,Office Supplies,104.97,6.88,Corporate,Prepaid
ORD01177,15-04-2023,North,File Folder,Office Supplies,1917.87,282.76,Home Office,Cash on Delivery
ORD01178,04-07-2022,East,Pen,Office Supplies,1683.98,440.78,Corporate,UPI
ORD01179,04-11-2023,South,Laptop,Technology,1850.17,368.16,Home Office,UPI
ORD01180,18-06-2024,West,Printer,Technology,747.39,167.76,Consumer,Credit Card
ORD01181,04-07-2024,North,Keyboard,Technology,1337.34,147.22,Consumer,UPI
ORD01182,01-01-2022,West,Bookshelf,Furniture,1869.07,384.17,Corporate,Cash on Delivery
ORD01183,04-10-2024,South,Stapler,Office Supplies,492.32,86.47,Consumer,Prepaid
ORD01184,24-10-2023,North,Keyboard,Technology,977.56,139.17,Consumer,UPI
ORD01185,27-12-2024,North,Mouse,Technology,1826.17,147.06,Home Office,Cash on Delivery
ORD01186,11-07-2023,North,Cabinet,Furniture,1561.24,132.89,Home Office,Cash on Delivery
ORD01187,11-12-2023,South,Mouse,Technology,1938.15,490.71,Consumer,Cash on Delivery
ORD01188,16-09-2022,West,File Folder,Office Supplies,1688.28,423.26,Consumer,Credit Card
ORD01189,24-07-2022,East,Table,Furniture,69.92,20.55,Corporate,Credit Card
ORD01190,02-04-2022,East,Cabinet,Furniture,551.46,161,Consumer,UPI
ORD01191,17-08-2022,West,File Folder,Office Supplies,892.36,93.3,Home Office,Prepaid
ORD01192,27-10-2022,North,Printer,Technology,1017.24,96.25,Corporate,Prepaid
ORD01193,25-03-2022,North,Keyboard,Technology,233.25,14.01,Home Office,Credit Card
ORD01194,09-07-2022,South,Cabinet,Furniture,1476.63,349.56,Home Office,Cash on Delivery
ORD01195,24-07-2022,South,Keyboard,Technology,1684.13,103.63,Corporate,Prepaid
ORD01196,01-08-2022,East,Paper,Office Supplies,1905.36,362.16,Corporate,Credit Card
ORD01197,08-10-2024,East,Chair,Furniture,807.91,50.16,Home Office,Cash on Delivery
ORD01198,29-08-2024,East,Cabinet,Furniture,1878.48,428.75,Corporate,Prepaid
ORD01199,05-12-2023,West,Table,Furniture,577.43,35.73,Consumer,UPI
ORD01200,09-11-2023,North,File Folder,Office Supplies,610.99,120.97,Corporate,Prepaid
ORD01201,08-02-2022,South,Pen,Office Supplies,432.4,113.07,Home Office,Prepaid
ORD01202,26-06-2023,South,Desk,Furniture,1484.86,193.26,Consumer,Prepaid
ORD01203,15-02-2022,South,Mouse,Technology,237.73,56.84,Home Office,Cash on Delivery
ORD01204,31-01-2022,North,Keyboard,Technology,1963.79,132.04,Corporate,Cash on Delivery
ORD01205,21-06-2022,East,Laptop,Technology,638.63,45.44,Home Office,UPI
ORD01206,31-03-2022,East,Table,Furniture,404.35,82.09,Home Office,UPI
ORD01207,23-04-2022,East,Desk,Furniture,1274.83,215.75,Consumer,UPI
ORD01208,11-10-2022,North,Mouse,Technology,1954.37,310,Home Office,Credit Card
ORD01209,18-04-2022,East,Notebook,Office Supplies,1264.72,309.76,Home Office,UPI
ORD01210,24-11-2024,North,Mouse,Technology,221.34,52.77,Corporate,Cash on Delivery
ORD01211,11-06-2022,North,Pen,Office Supplies,1783.51,259.09,Consumer,UPI
ORD01212,10-06-2022,North,Pen,Office Supplies,1337.79,243.99,Consumer,UPI
ORD01213,09-12-2024,South,Mouse,Technology,71.04,19.23,Home Office,Prepaid
ORD01214,16-10-2022,South,Paper,Office Supplies,1603.26,178.21,Corporate,Prepaid
ORD01215,01-03-2024,West,Cabinet,Furniture,95.4,24.66,Consumer,Cash on Delivery
ORD01216,11-09-2023,West,Mouse,Technology,1241.23,161.88,Home Office,UPI
ORD01217,08-08-2022,East,Monitor,Technology,1203.66,182.09,Consumer,Prepaid
ORD01218,22-02-2022,North,Mouse,Technology,737.74,133.3,Corporate,Credit Card
ORD01219,26-02-2023,North,Stapler,Office Supplies,1671.24,219.67,Corporate,Credit Card
ORD01220,25-07-2024,North,Stapler,Office Supplies,1969.03,579.98,Consumer,Credit Card
ORD01221,14-08-2023,West,Keyboard,Technology,536.93,111.28,Consumer,Prepaid
ORD01222,26-04-2024,South,Laptop,Technology,697.37,164.24,Home Office,Cash on Delivery
ORD01223,17-03-2022,North,Bookshelf,Furniture,521.49,35.49,Home Office,Cash on Delivery
ORD01224,30-12-2023,East,Mouse,Technology,1688.88,281.85,Home Office,UPI
ORD01225,09-02-2023,East,Paper,Office Supplies,147,35.41,Home Office,UPI
ORD01226,12-02-2024,South,Laptop,Technology,1818.11,322.37,Consumer,Credit Card
ORD01227,20-08-2023,West,Table,Furniture,114.57,9.03,Home Office,Cash on Delivery
ORD01228,03-04-2024,East,Laptop,Technology,1810.79,250.4,Home Office,Credit Card
ORD01229,30-09-2023,North,Desk,Furniture,1309.95,182.41,Consumer,Credit Card
ORD01230,30-07-2022,West,Monitor,Technology,208.05,25.02,Home Office,Credit Card
ORD01231,17-08-2024,West,Pen,Office Supplies,335.99,80.35,Corporate,UPI
ORD01232,07-06-2024,West,Pen,Office Supplies,86.85,7.07,Consumer,Prepaid
ORD01233,18-04-2022,North,Keyboard,Technology,1588.36,196.96,Home Office,Prepaid
ORD01234,04-08-2023,West,Paper,Office Supplies,1489.11,425.96,Consumer,Prepaid
ORD01235,18-06-2024,East,Keyboard,Technology,1926.9,452.94,Consumer,Cash on Delivery
ORD01236,04-02-2023,South,Chair,Furniture,1392.04,102.73,Corporate,Cash on Delivery
ORD01237,05-07-2024,West,File Folder,Office Supplies,367.47,107.01,Consumer,UPI
ORD01238,29-11-2024,North,Laptop,Technology,1491.62,424.9,Consumer,UPI
ORD01239,15-07-2022,West,Table,Furniture,73.37,18.78,Consumer,Credit Card
ORD01240,02-09-2024,East,Desk,Furniture,1750.63,500.97,Consumer,Cash on Delivery
ORD01241,19-02-2023,South,Desk,Furniture,740.58,84.85,Home Office,Cash on Delivery
ORD01242,05-11-2022,East,Keyboard,Technology,1871.94,415.91,Home Office,Cash on Delivery
ORD01243,07-05-2022,South,Monitor,Technology,1705.06,371.06,Home Office,Prepaid
ORD01244,29-10-2024,East,Notebook,Office Supplies,396.03,72.88,Consumer,Prepaid
ORD01245,27-11-2022,East,Printer,Technology,1168.97,257.01,Consumer,Prepaid
ORD01246,10-01-2024,South,Table,Furniture,1992.35,521.72,Corporate,Prepaid
ORD01247,16-08-2024,East,File Folder,Office Supplies,1132.48,270.36,Corporate,Cash on Delivery
ORD01248,18-09-2022,East,Paper,Office Supplies,881.29,153.2,Corporate,Credit Card
ORD01249,05-11-2024,West,Pen,Office Supplies,1992.66,534.67,Consumer,Prepaid
ORD01250,20-01-2023,North,Notebook,Office Supplies,113.14,13.25,Corporate,UPI
ORD01251,25-01-2024,East,Bookshelf,Furniture,493.64,46.27,Home Office,Credit Card
ORD01252,15-11-2024,North,Printer,Technology,1073.52,213.17,Corporate,Prepaid
ORD01253,04-10-2024,North,Stapler,Office Supplies,1699.18,375.23,Corporate,Cash on Delivery
ORD01254,11-09-2023,North,Laptop,Technology,460.58,36.76,Home Office,Prepaid
ORD01255,18-11-2022,East,Notebook,Office Supplies,548.89,82.22,Consumer,Credit Card
ORD01256,11-03-2024,North,File Folder,Office Supplies,375.89,107.12,Home Office,Prepaid
ORD01257,24-08-2022,West,Notebook,Office Supplies,716.95,160.89,Corporate,Prepaid
ORD01258,24-06-2024,South,Bookshelf,Furniture,1263.67,150.75,Corporate,Credit Card
ORD01259,29-06-2022,West,Printer,Technology,449.66,72.64,Home Office,Prepaid
ORD01260,19-04-2024,West,File Folder,Office Supplies,1994.89,410.61,Corporate,Prepaid
ORD01261,27-11-2024,South,Table,Furniture,680.27,45.57,Corporate,Cash on Delivery
ORD01262,09-06-2022,North,Paper,Office Supplies,893.29,247.19,Home Office,Prepaid
ORD01263,20-09-2022,South,Desk,Furniture,646.91,172.65,Home Office,UPI
ORD01264,03-01-2023,West,Keyboard,Technology,1251.3,247.89,Corporate,Prepaid
ORD01265,16-11-2024,North,Laptop,Technology,132.91,31.69,Corporate,UPI
ORD01266,14-02-2023,East,Table,Furniture,1917.57,308.98,Consumer,Prepaid
ORD01267,06-09-2022,North,Paper,Office Supplies,1831.47,255.27,Corporate,Prepaid
ORD01268,08-09-2022,West,Notebook,Office Supplies,1037.31,260.37,Home Office,Prepaid
ORD01269,24-07-2024,North,Bookshelf,Furniture,1388.98,192.91,Home Office,UPI
ORD01270,22-02-2024,North,Pen,Office Supplies,1208.46,77.33,Consumer,UPI
ORD01271,28-05-2023,East,Desk,Furniture,864.54,167.14,Consumer,Credit Card
ORD01272,14-04-2024,North,Desk,Furniture,1978.36,212.64,Corporate,UPI
ORD01273,23-06-2022,East,Printer,Technology,168.97,47.85,Corporate,UPI
ORD01274,20-04-2022,East,Chair,Furniture,1763.4,166.28,Consumer,Cash on Delivery
ORD01275,31-10-2022,North,Laptop,Technology,560.88,118.64,Home Office,UPI
ORD01276,28-01-2024,West,Desk,Furniture,855.07,91,Consumer,Prepaid
ORD01277,04-04-2023,East,Paper,Office Supplies,122.27,16.42,Home Office,Credit Card
ORD01278,23-11-2022,West,Chair,Furniture,1631.94,285.75,Corporate,Prepaid
ORD01279,01-06-2023,East,Monitor,Technology,781.29,176.78,Consumer,Credit Card
ORD01280,22-10-2024,South,Stapler,Office Supplies,1132.86,191.51,Home Office,Credit Card
ORD01281,09-01-2022,East,Bookshelf,Furniture,647.76,192.66,Corporate,Credit Card
ORD01282,29-06-2022,West,Paper,Office Supplies,644.24,90.15,Corporate,Credit Card
ORD01283,27-01-2022,East,Pen,Office Supplies,1311.67,312.45,Home Office,Cash on Delivery
ORD01284,02-05-2024,West,Keyboard,Technology,1285.6,257.03,Consumer,Prepaid
ORD01285,20-07-2023,North,Laptop,Technology,829.82,63.59,Consumer,UPI
ORD01286,23-05-2024,West,Chair,Furniture,1331.23,300.7,Home Office,UPI
ORD01287,25-10-2022,North,Keyboard,Technology,1294.08,205.38,Corporate,Cash on Delivery
ORD01288,22-11-2024,North,Table,Furniture,394.2,29.86,Corporate,Cash on Delivery
ORD01289,01-10-2024,North,Pen,Office Supplies,1942.14,346.65,Consumer,Prepaid
ORD01290,27-04-2023,East,Chair,Furniture,1754.33,318.57,Consumer,Credit Card
ORD01291,05-04-2023,North,File Folder,Office Supplies,1732.29,202.01,Corporate,Credit Card
ORD01292,12-04-2022,East,Paper,Office Supplies,1430.78,389.61,Corporate,UPI
ORD01293,16-01-2024,South,File Folder,Office Supplies,1196.54,124.08,Corporate,Prepaid
ORD01294,05-11-2024,South,Laptop,Technology,742.49,104.31,Consumer,Credit Card
ORD01295,05-11-2023,North,Laptop,Technology,1904.05,379.84,Consumer,Cash on Delivery
ORD01296,21-09-2024,West,Stapler,Office Supplies,879.69,152.04,Corporate,UPI
ORD01297,19-10-2022,North,Notebook,Office Supplies,1564.24,227.92,Consumer,Credit Card
ORD01298,20-11-2023,North,File Folder,Office Supplies,1784.81,301.79,Consumer,Cash on Delivery
ORD01299,20-04-2022,South,Laptop,Technology,987.53,156.75,Corporate,UPI
ORD01300,09-01-2022,South,Table,Furniture,309.7,42.89,Home Office,Cash on Delivery
ORD01301,29-01-2024,South,Mouse,Technology,1709.72,136.89,Corporate,Prepaid
ORD01302,25-03-2024,East,Printer,Technology,1713.89,191.58,Home Office,Prepaid
ORD01303,15-02-2024,North,File Folder,Office Supplies,1205.53,207.57,Consumer,Credit Card
ORD01304,26-07-2022,North,Mouse,Technology,1236.53,76.51,Consumer,UPI
ORD01305,03-02-2023,South,Pen,Office Supplies,1094.36,205,Consumer,Cash on Delivery
ORD01306,20-07-2024,South,Stapler,Office Supplies,653.43,134.15,Corporate,Credit Card
ORD01307,09-11-2022,West,Desk,Furniture,1465.37,258.49,Consumer,Credit Card
ORD01308,04-01-2023,South,Notebook,Office Supplies,59.8,4.66,Home Office,Cash on Delivery
ORD01309,15-08-2022,West,Keyboard,Technology,1625.93,133.8,Corporate,Prepaid
ORD01310,02-07-2023,West,Desk,Furniture,1058.54,241.27,Consumer,UPI
ORD01311,02-12-2022,East,Monitor,Technology,1528.22,340.28,Home Office,Credit Card
ORD01312,13-03-2024,West,Laptop,Technology,1957.41,140.67,Consumer,Credit Card
ORD01313,06-02-2023,East,Monitor,Technology,1140.72,106.24,Consumer,Prepaid
ORD01314,04-10-2024,South,Notebook,Office Supplies,1126.09,118.91,Consumer,Credit Card
ORD01315,15-06-2024,West,Notebook,Office Supplies,1295.24,90.84,Consumer,Credit Card
ORD01316,29-04-2023,East,Notebook,Office Supplies,319.07,46.31,Home Office,Prepaid
ORD01317,31-10-2023,North,Keyboard,Technology,1594.87,303.11,Corporate,Prepaid
ORD01318,07-03-2022,North,Table,Furniture,1615.57,287.74,Corporate,UPI
ORD01319,12-06-2024,North,Laptop,Technology,287.03,80.67,Home Office,UPI
ORD01320,01-12-2022,North,Bookshelf,Furniture,966.46,289,Corporate,Credit Card
ORD01321,26-10-2023,East,Mouse,Technology,376.87,94.99,Corporate,Prepaid
ORD01322,25-01-2024,West,Bookshelf,Furniture,1804.22,293.78,Home Office,Credit Card
ORD01323,13-03-2023,East,Printer,Technology,664.91,158.89,Consumer,UPI
ORD01324,09-01-2023,North,Printer,Technology,263.42,68.31,Corporate,UPI
ORD01325,04-11-2022,East,Monitor,Technology,1956.12,558.42,Consumer,Prepaid
ORD01326,13-12-2023,East,Cabinet,Furniture,205.18,27.78,Corporate,UPI
ORD01327,07-03-2024,East,Pen,Office Supplies,120.98,24.55,Corporate,Prepaid
ORD01328,04-10-2024,East,Cabinet,Furniture,476.01,83.35,Consumer,Prepaid
ORD01329,16-06-2022,East,Chair,Furniture,1553.07,223.55,Consumer,UPI
ORD01330,23-06-2024,West,Monitor,Technology,1928.55,284.65,Corporate,Prepaid
ORD01331,04-04-2023,West,Desk,Furniture,352.54,80.05,Home Office,Cash on Delivery
ORD01332,26-08-2022,West,Paper,Office Supplies,1032.3,182.94,Consumer,Credit Card
ORD01333,13-03-2023,West,Table,Furniture,725.52,193.54,Home Office,Cash on Delivery
ORD01334,09-12-2024,South,Paper,Office Supplies,981.39,149.57,Corporate,Credit Card
ORD01335,15-03-2023,South,Pen,Office Supplies,532.76,98.59,Consumer,Cash on Delivery
ORD01336,07-08-2022,South,Cabinet,Furniture,1582.82,170.9,Consumer,Credit Card
ORD01337,19-08-2024,North,Cabinet,Furniture,849.91,174.96,Consumer,UPI
ORD01338,31-12-2024,North,Stapler,Office Supplies,1353.76,172.1,Home Office,Prepaid
ORD01339,27-10-2024,North,Bookshelf,Furniture,1143.59,249,Corporate,Cash on Delivery
ORD01340,20-10-2024,West,Table,Furniture,1110.44,84.03,Home Office,Prepaid
ORD01341,16-10-2024,East,Monitor,Technology,577.08,152.04,Home Office,UPI
ORD01342,29-06-2024,East,Notebook,Office Supplies,544.34,114.41,Consumer,Prepaid
ORD01343,09-04-2023,North,File Folder,Office Supplies,1285.05,284.38,Consumer,Credit Card
ORD01344,09-05-2022,West,Keyboard,Technology,1080.93,296.9,Consumer,Prepaid
ORD01345,31-05-2024,South,Printer,Technology,354.33,31.56,Corporate,Credit Card
ORD01346,04-01-2022,East,Bookshelf,Furniture,65.9,17.64,Corporate,UPI
ORD01347,03-06-2023,South,Stapler,Office Supplies,1185.29,322.47,Consumer,Credit Card
ORD01348,24-04-2024,East,Stapler,Office Supplies,1191.19,327.94,Consumer,Cash on Delivery
ORD01349,23-10-2022,East,Desk,Furniture,368.46,75.16,Consumer,Prepaid
ORD01350,05-11-2023,North,Bookshelf,Furniture,1429.84,149.86,Corporate,Cash on Delivery
ORD01351,30-12-2022,South,Printer,Technology,99.19,20.49,Home Office,Cash on Delivery
ORD01352,26-08-2024,East,Printer,Technology,1223.04,248.44,Consumer,UPI
ORD01353,21-11-2024,North,Mouse,Technology,1113.57,140.52,Corporate,Cash on Delivery
ORD01354,05-11-2022,West,Table,Furniture,52.06,10.61,Consumer,Cash on Delivery
ORD01355,01-04-2022,South,Chair,Furniture,1123.8,238.97,Home Office,Prepaid
ORD01356,25-10-2024,North,Table,Furniture,761.71,54.4,Home Office,Credit Card
ORD01357,19-02-2023,South,Table,Furniture,698.95,101.57,Home Office,Prepaid
ORD01358,11-08-2024,North,Mouse,Technology,1977.89,322.67,Consumer,Prepaid
ORD01359,11-03-2024,North,Table,Furniture,349.91,104.73,Home Office,UPI
ORD01360,05-05-2024,West,Bookshelf,Furniture,1568.34,243.23,Home Office,Credit Card
ORD01361,29-04-2023,North,Desk,Furniture,527.73,38.43,Consumer,Prepaid
ORD01362,05-09-2023,East,Desk,Furniture,1770.33,188.5,Consumer,Cash on Delivery
ORD01363,18-08-2024,East,Printer,Technology,220.82,29.36,Consumer,Prepaid
ORD01364,24-08-2023,West,Printer,Technology,1470.55,86.96,Corporate,UPI
ORD01365,01-11-2024,South,Table,Furniture,240.77,32.6,Corporate,Prepaid
ORD01366,15-10-2024,East,File Folder,Office Supplies,792.79,217.89,Corporate,Cash on Delivery
ORD01367,09-05-2022,West,Printer,Technology,1529.34,356.28,Consumer,Prepaid
ORD01368,04-09-2024,East,Paper,Office Supplies,1005.43,215.84,Home Office,UPI
ORD01369,03-03-2022,South,Stapler,Office Supplies,1827.45,132.97,Corporate,Credit Card
ORD01370,14-04-2023,West,File Folder,Office Supplies,318.43,74.42,Consumer,Credit Card
ORD01371,31-08-2023,South,Laptop,Technology,200.61,17.32,Consumer,Credit Card
ORD01372,20-08-2024,West,File Folder,Office Supplies,752.69,146.29,Corporate,Prepaid
ORD01373,11-02-2022,East,File Folder,Office Supplies,1472.73,103.56,Home Office,UPI
ORD01374,25-10-2023,South,File Folder,Office Supplies,369.43,54.16,Corporate,Credit Card
ORD01375,26-11-2023,North,Laptop,Technology,706.35,80.96,Corporate,Cash on Delivery
ORD01376,24-01-2023,West,File Folder,Office Supplies,834.21,95.18,Home Office,Cash on Delivery
ORD01377,31-10-2023,North,Paper,Office Supplies,599.99,116.25,Consumer,Credit Card
ORD01378,13-09-2024,North,Notebook,Office Supplies,362.99,107,Home Office,UPI
ORD01379,12-07-2022,East,Laptop,Technology,1330.97,206.06,Corporate,Prepaid
ORD01380,10-08-2023,South,Desk,Furniture,307.82,27.73,Consumer,Credit Card
ORD01381,21-01-2023,South,Notebook,Office Supplies,648.85,54.71,Corporate,Prepaid
ORD01382,11-10-2024,East,Chair,Furniture,583.24,117.89,Home Office,Cash on Delivery
ORD01383,25-06-2024,East,Paper,Office Supplies,748.63,200.31,Corporate,UPI
ORD01384,22-09-2024,South,File Folder,Office Supplies,700.55,86.79,Consumer,Cash on Delivery
ORD01385,09-09-2023,East,Chair,Furniture,1142.35,102.56,Corporate,Cash on Delivery
ORD01386,01-05-2022,West,Printer,Technology,1346.86,148.75,Corporate,UPI
ORD01387,06-02-2024,East,Table,Furniture,619.53,41.3,Home Office,Prepaid
ORD01388,05-07-2022,South,Pen,Office Supplies,1550.65,96.59,Home Office,Credit Card
ORD01389,26-04-2023,West,Notebook,Office Supplies,409.8,105.97,Consumer,Credit Card
ORD01390,04-04-2024,East,Table,Furniture,1250.36,364.06,Home Office,Prepaid
ORD01391,29-10-2022,West,Monitor,Technology,1434.12,133.42,Home Office,Cash on Delivery
ORD01392,28-11-2024,East,Cabinet,Furniture,1225.31,301.98,Corporate,Cash on Delivery
ORD01393,20-12-2023,East,Keyboard,Technology,858.46,192.06,Corporate,Cash on Delivery
ORD01394,11-01-2023,South,File Folder,Office Supplies,194.32,13.47,Home Office,Credit Card
ORD01395,05-04-2024,North,Mouse,Technology,1855.63,405.11,Corporate,Cash on Delivery
ORD01396,17-11-2022,South,Keyboard,Technology,367.42,99.68,Corporate,UPI
ORD01397,14-02-2024,South,Table,Furniture,60.42,14.48,Consumer,Cash on Delivery
ORD01398,27-07-2024,East,Bookshelf,Furniture,815.47,122.03,Corporate,Credit Card
ORD01399,05-06-2023,West,Pen,Office Supplies,1336.99,144.37,Home Office,Credit Card
ORD01400,12-10-2024,East,Desk,Furniture,85.14,12.97,Corporate,Credit Card
ORD01401,02-09-2022,South,Cabinet,Furniture,67.34,10.75,Consumer,Prepaid
ORD01402,26-09-2024,South,Chair,Furniture,1761.24,364.08,Home Office,Cash on Delivery
ORD01403,08-06-2024,East,Cabinet,Furniture,86.96,24.87,Corporate,Cash on Delivery
ORD01404,13-05-2023,North,Cabinet,Furniture,243.63,40.85,Corporate,Credit Card
ORD01405,08-10-2022,West,Monitor,Technology,1916.04,298.34,Consumer,Credit Card
ORD01406,18-09-2023,North,File Folder,Office Supplies,630.78,83.77,Consumer,Credit Card
ORD01407,02-07-2023,East,Cabinet,Furniture,1522.62,323.15,Home Office,Cash on Delivery
ORD01408,20-10-2022,East,Printer,Technology,556.72,64.97,Corporate,Credit Card
ORD01409,24-04-2022,South,Pen,Office Supplies,802.68,224.58,Corporate,UPI
ORD01410,11-03-2022,South,Monitor,Technology,417.63,116.61,Consumer,Credit Card
ORD01411,25-02-2022,South,Cabinet,Furniture,706.65,160.68,Corporate,UPI
ORD01412,03-01-2022,South,Table,Furniture,821.36,172.75,Corporate,UPI
ORD01413,03-01-2023,West,Table,Furniture,1748.82,373.96,Home Office,Credit Card
ORD01414,24-12-2024,West,Chair,Furniture,1520.2,88.89,Home Office,Cash on Delivery
ORD01415,10-04-2023,West,File Folder,Office Supplies,1774.86,153.25,Consumer,Prepaid
ORD01416,29-12-2024,West,Cabinet,Furniture,1137.5,190.83,Consumer,Credit Card
ORD01417,08-05-2023,South,Desk,Furniture,868.4,109.82,Home Office,Cash on Delivery
ORD01418,20-12-2023,West,Table,Furniture,1190.41,165.76,Consumer,Credit Card
ORD01419,24-04-2022,East,Mouse,Technology,1821.65,162.64,Corporate,UPI
ORD01420,06-03-2022,North,Laptop,Technology,1866.08,472.83,Consumer,UPI
ORD01421,04-12-2024,South,Printer,Technology,1729.33,112.68,Consumer,Prepaid
ORD01422,02-01-2023,West,Notebook,Office Supplies,246.03,43.93,Home Office,Credit Card
ORD01423,05-08-2024,South,Bookshelf,Furniture,1805.28,470.77,Consumer,Prepaid
ORD01424,16-06-2024,South,Laptop,Technology,649.52,92.58,Corporate,Prepaid
ORD01425,20-06-2023,East,Desk,Furniture,1217.94,197.58,Home Office,Prepaid
ORD01426,30-08-2022,North,Mouse,Technology,1907.09,450.37,Corporate,Cash on Delivery
ORD01427,21-12-2024,North,Bookshelf,Furniture,1332.27,140.36,Consumer,UPI
ORD01428,24-05-2022,West,Mouse,Technology,1254.67,332.32,Home Office,Prepaid
ORD01429,22-02-2022,South,Laptop,Technology,1788.43,492.08,Consumer,UPI
ORD01430,19-08-2024,West,Bookshelf,Furniture,821.76,207.59,Home Office,Prepaid
ORD01431,24-01-2022,North,Table,Furniture,59.23,14.13,Consumer,Prepaid
ORD01432,11-10-2022,West,Cabinet,Furniture,1931.84,346.26,Home Office,Cash on Delivery
ORD01433,28-06-2024,East,Desk,Furniture,1959.29,532.02,Corporate,UPI
ORD01434,14-02-2023,North,Cabinet,Furniture,993.36,207.58,Home Office,UPI
ORD01435,02-01-2024,East,Desk,Furniture,187.12,48.63,Home Office,Credit Card
ORD01436,21-12-2022,South,Bookshelf,Furniture,1998.52,284.1,Home Office,UPI
ORD01437,22-02-2024,South,Table,Furniture,480.38,72.5,Home Office,Credit Card
ORD01438,04-01-2022,North,File Folder,Office Supplies,1625.69,202.59,Corporate,Credit Card
ORD01439,01-03-2024,North,Pen,Office Supplies,807.39,75.56,Corporate,Cash on Delivery
ORD01440,16-01-2022,West,Cabinet,Furniture,540,62.23,Home Office,Prepaid
ORD01441,17-09-2022,North,Pen,Office Supplies,269.35,61.55,Corporate,Cash on Delivery
ORD01442,25-05-2023,North,Printer,Technology,676.61,128.14,Home Office,UPI
ORD01443,10-05-2024,East,Table,Furniture,1891.81,324.85,Consumer,Credit Card
ORD01444,11-12-2024,South,Keyboard,Technology,1628.94,193.63,Consumer,Cash on Delivery
ORD01445,02-11-2024,South,Monitor,Technology,164.46,48.78,Consumer,UPI
ORD01446,17-07-2024,South,Bookshelf,Furniture,969.89,135.05,Consumer,UPI
ORD01447,27-02-2024,South,Notebook,Office Supplies,1250.91,108.12,Consumer,Prepaid
ORD01448,07-09-2024,East,Pen,Office Supplies,1870.87,499.72,Corporate,Cash on Delivery
ORD01449,05-04-2024,West,Table,Furniture,281.51,53.9,Corporate,Prepaid
ORD01450,11-03-2024,West,Stapler,Office Supplies,1415.86,300.97,Consumer,Credit Card
ORD01451,12-07-2023,West,Desk,Furniture,1958.34,458.44,Corporate,UPI
ORD01452,29-02-2024,South,Cabinet,Furniture,276.41,25.85,Corporate,Credit Card
ORD01453,07-01-2024,South,Keyboard,Technology,803.71,128.5,Corporate,Prepaid
ORD01454,21-12-2023,North,Monitor,Technology,271.04,30.31,Home Office,Cash on Delivery
ORD01455,29-11-2023,West,File Folder,Office Supplies,1726.43,182.86,Home Office,Cash on Delivery
ORD01456,06-03-2023,North,Pen,Office Supplies,1290.9,324.46,Home Office,Prepaid
ORD01457,08-04-2022,West,Notebook,Office Supplies,774.34,141.17,Consumer,UPI
ORD01458,03-06-2022,North,Chair,Furniture,980.57,81.73,Consumer,Credit Card
ORD01459,10-11-2023,South,Mouse,Technology,1558.01,301.35,Corporate,Cash on Delivery
ORD01460,02-01-2024,South,Printer,Technology,1330.15,155.53,Corporate,Credit Card
ORD01461,21-09-2024,East,Notebook,Office Supplies,1335.88,221.01,Corporate,UPI
ORD01462,23-09-2023,East,Paper,Office Supplies,1704.86,352.49,Corporate,Prepaid
ORD01463,03-06-2024,West,Bookshelf,Furniture,745.12,146.09,Home Office,Prepaid
ORD01464,30-12-2023,East,Notebook,Office Supplies,1380.24,287.07,Consumer,Credit Card
ORD01465,19-12-2023,North,Desk,Furniture,613.92,180.53,Home Office,Credit Card
ORD01466,27-01-2022,East,Mouse,Technology,1955.76,525.88,Home Office,Cash on Delivery
ORD01467,29-06-2023,South,Notebook,Office Supplies,502.03,49.12,Consumer,Cash on Delivery
ORD01468,13-01-2022,South,Monitor,Technology,226.89,39.04,Corporate,Credit Card
ORD01469,17-01-2022,North,Monitor,Technology,322.83,52.37,Home Office,UPI
ORD01470,19-10-2024,South,Mouse,Technology,1095.53,197.04,Home Office,Credit Card
ORD01471,26-06-2022,South,Laptop,Technology,218.61,23.58,Home Office,UPI
ORD01472,01-08-2024,West,Printer,Technology,788.5,143.68,Consumer,Cash on Delivery
ORD01473,12-01-2022,South,Keyboard,Technology,816.16,208.33,Corporate,Cash on Delivery
ORD01474,07-01-2023,North,Cabinet,Furniture,881.44,257.98,Home Office,Credit Card
ORD01475,30-05-2023,East,Printer,Technology,1986.51,212.4,Home Office,UPI
ORD01476,16-03-2023,South,Bookshelf,Furniture,595.33,105.34,Home Office,UPI
ORD01477,23-02-2024,South,Table,Furniture,1810.07,278.29,Home Office,UPI
ORD01478,14-08-2024,North,Mouse,Technology,1285.81,270.58,Consumer,UPI
ORD01479,16-06-2024,South,Monitor,Technology,1548.61,237.27,Home Office,Credit Card
ORD01480,02-08-2024,South,Laptop,Technology,1002.3,58.59,Corporate,Cash on Delivery
ORD01481,18-08-2022,West,Bookshelf,Furniture,452.36,81.4,Home Office,Cash on Delivery
ORD01482,06-08-2024,East,Pen,Office Supplies,549.68,36.4,Consumer,Cash on Delivery
ORD01483,27-12-2023,North,Bookshelf,Furniture,439.93,69.5,Corporate,UPI
ORD01484,21-12-2024,East,Monitor,Technology,1157.47,267.56,Home Office,Credit Card
ORD01485,30-07-2022,East,Mouse,Technology,705.91,123.21,Home Office,Cash on Delivery
ORD01486,27-02-2024,West,Cabinet,Furniture,1466.77,355.45,Home Office,Cash on Delivery
ORD01487,05-01-2023,South,Printer,Technology,275.45,18.78,Home Office,UPI
ORD01488,15-02-2022,West,Laptop,Technology,1205.71,251.27,Home Office,Credit Card
ORD01489,25-01-2023,West,Monitor,Technology,324.27,18.29,Consumer,Credit Card
ORD01490,14-08-2022,East,Stapler,Office Supplies,1957.18,324.73,Consumer,Prepaid
ORD01491,29-12-2024,North,Laptop,Technology,587.06,81.93,Home Office,Cash on Delivery
ORD01492,21-11-2024,East,Desk,Furniture,1284.83,268.1,Corporate,Credit Card
ORD01493,23-03-2024,West,Paper,Office Supplies,139.31,38.41,Corporate,Credit Card
ORD01494,20-12-2022,North,Printer,Technology,1588.01,383.53,Corporate,Credit Card
ORD01495,01-10-2024,South,Laptop,Technology,1299.44,312.98,Corporate,Credit Card
ORD01496,06-02-2023,East,Pen,Office Supplies,1430.61,214.7,Consumer,Prepaid
ORD01497,17-05-2023,East,Table,Furniture,348.52,83.88,Corporate,Credit Card
ORD01498,19-10-2024,East,Printer,Technology,741.34,168.19,Home Office,Prepaid
ORD01499,08-11-2024,South,Monitor,Technology,1603.83,179.15,Corporate,Cash on Delivery
ORD01500,19-10-2022,West,Mouse,Technology,126.49,20,Corporate,Credit Card
ORD01501,17-12-2023,North,Laptop,Technology,915.61,213.69,Corporate,Credit Card
ORD01502,09-02-2024,South,Printer,Technology,1865.9,186.8,Corporate,Prepaid
ORD01503,30-09-2024,North,Laptop,Technology,1569.81,420.82,Corporate,Credit Card
ORD01504,26-11-2022,South,Desk,Furniture,67.73,18.43,Consumer,UPI
ORD01505,09-08-2023,East,Pen,Office Supplies,994.01,256.1,Home Office,UPI
ORD01506,23-03-2023,East,Monitor,Technology,305.47,43.25,Corporate,Prepaid
ORD01507,30-11-2022,North,Desk,Furniture,1073.31,173.58,Corporate,Cash on Delivery
ORD01508,15-10-2023,West,Keyboard,Technology,1778.67,376.28,Home Office,Credit Card
ORD01509,03-11-2023,East,Monitor,Technology,909.35,143.52,Corporate,Prepaid
ORD01510,21-08-2024,North,Bookshelf,Furniture,1555.25,146.09,Home Office,Credit Card
ORD01511,11-01-2022,West,Pen,Office Supplies,1902.66,566.24,Home Office,Credit Card
ORD01512,25-07-2022,West,Keyboard,Technology,1749.96,183.83,Corporate,UPI
ORD01513,18-04-2023,South,Printer,Technology,127.32,26.47,Home Office,Cash on Delivery
ORD01514,28-11-2022,North,Bookshelf,Furniture,1632.77,271.54,Consumer,Credit Card
ORD01515,26-06-2023,North,Monitor,Technology,427.38,22.66,Consumer,UPI
ORD01516,16-01-2024,East,Printer,Technology,528.1,140.24,Consumer,Cash on Delivery
ORD01517,22-07-2024,North,Monitor,Technology,560.66,103,Home Office,Cash on Delivery
ORD01518,11-01-2022,North,File Folder,Office Supplies,1803.11,357.15,Corporate,Prepaid
ORD01519,16-11-2024,East,Bookshelf,Furniture,1961.09,250.02,Home Office,Credit Card
ORD01520,21-02-2023,West,Monitor,Technology,1815.27,321.91,Home Office,Credit Card
ORD01521,25-09-2022,West,Table,Furniture,1870.81,316.74,Corporate,Credit Card
ORD01522,26-01-2023,East,Laptop,Technology,646.4,35.93,Corporate,Cash on Delivery
ORD01523,05-11-2022,West,Chair,Furniture,190.6,11,Corporate,Prepaid
ORD01524,16-03-2022,West,Notebook,Office Supplies,1277.43,344.67,Consumer,UPI
ORD01525,06-01-2022,North,Mouse,Technology,1095.04,69.39,Corporate,Credit Card
ORD01526,22-12-2024,West,File Folder,Office Supplies,1473.46,338.04,Home Office,UPI
ORD01527,12-11-2024,South,Printer,Technology,1185.84,189.43,Corporate,UPI
ORD01528,24-12-2022,South,Mouse,Technology,1992.83,175.19,Corporate,Credit Card
ORD01529,15-08-2023,East,Monitor,Technology,359.07,69.23,Home Office,UPI
ORD01530,10-02-2022,West,Table,Furniture,1497.1,198.26,Corporate,UPI
ORD01531,27-05-2022,East,Cabinet,Furniture,1526.26,365.72,Consumer,Prepaid
ORD01532,31-07-2022,East,File Folder,Office Supplies,339.81,94.63,Consumer,UPI
ORD01533,17-05-2023,East,Stapler,Office Supplies,1401.27,167.86,Home Office,UPI
ORD01534,23-05-2023,South,Desk,Furniture,1388.49,88.94,Corporate,Prepaid
ORD01535,24-05-2022,West,Paper,Office Supplies,624.68,35.06,Corporate,Credit Card
ORD01536,11-06-2022,North,Desk,Furniture,624.69,85.13,Corporate,Credit Card
ORD01537,22-12-2024,North,Notebook,Office Supplies,1137.76,77.86,Home Office,Prepaid
ORD01538,29-06-2023,West,Pen,Office Supplies,308.62,89.15,Corporate,Prepaid
ORD01539,20-12-2022,North,Monitor,Technology,873.26,173.55,Corporate,UPI
ORD01540,27-09-2024,South,Printer,Technology,1831.37,247.27,Corporate,Credit Card
ORD01541,15-01-2022,West,Printer,Technology,224.18,40.72,Home Office,Cash on Delivery
ORD01542,21-09-2023,North,Chair,Furniture,761.55,102.93,Consumer,Credit Card
ORD01543,22-10-2022,East,Desk,Furniture,1779.8,164.56,Consumer,UPI
ORD01544,07-11-2023,North,Cabinet,Furniture,635.68,41.22,Corporate,Credit Card
ORD01545,30-03-2024,South,Desk,Furniture,904.54,252.28,Corporate,UPI
ORD01546,17-02-2024,East,Desk,Furniture,1962.99,336.73,Home Office,Credit Card
ORD01547,20-08-2024,East,Stapler,Office Supplies,1674.02,229.19,Consumer,Prepaid
ORD01548,11-11-2022,North,Cabinet,Furniture,1727,142.61,Consumer,Cash on Delivery
ORD01549,26-10-2022,North,Table,Furniture,1600.38,161.6,Consumer,Cash on Delivery
ORD01550,08-12-2024,West,Printer,Technology,1844.05,165.15,Home Office,Prepaid
ORD01551,05-03-2024,North,Monitor,Technology,1737.61,171.54,Home Office,Prepaid
ORD01552,17-10-2023,East,Keyboard,Technology,836.34,42.18,Home Office,UPI
ORD01553,04-11-2023,West,Keyboard,Technology,310.14,52.87,Consumer,Prepaid
ORD01554,19-01-2023,North,Printer,Technology,639.96,83.86,Corporate,Cash on Delivery
ORD01555,27-05-2024,South,Chair,Furniture,993.96,221,Consumer,Prepaid
ORD01556,22-09-2023,North,Monitor,Technology,1388.82,215.37,Consumer,Credit Card
ORD01557,28-07-2022,North,Bookshelf,Furniture,1518.02,107.38,Corporate,Credit Card
ORD01558,09-12-2024,North,Pen,Office Supplies,1285.33,221.33,Corporate,Cash on Delivery
ORD01559,30-04-2023,East,Pen,Office Supplies,1804.02,305.51,Consumer,Prepaid
ORD01560,05-01-2022,North,Notebook,Office Supplies,887.36,110.47,Home Office,Cash on Delivery
ORD01561,14-11-2022,East,Mouse,Technology,1941.26,337.94,Consumer,UPI
ORD01562,24-07-2022,West,Paper,Office Supplies,1818.96,477.7,Corporate,UPI
ORD01563,23-09-2023,North,Desk,Furniture,766.05,110.25,Corporate,Credit Card
ORD01564,13-04-2023,East,Stapler,Office Supplies,689.02,76.48,Consumer,Cash on Delivery
ORD01565,21-09-2022,South,Laptop,Technology,754.25,184.76,Consumer,UPI
ORD01566,18-09-2022,East,Laptop,Technology,1141.8,194.8,Home Office,Credit Card
ORD01567,05-07-2022,East,Printer,Technology,628.51,181.25,Consumer,Prepaid
ORD01568,23-05-2023,South,Laptop,Technology,124.41,20.34,Consumer,Prepaid
ORD01569,04-02-2023,West,Keyboard,Technology,424.9,126.27,Consumer,Credit Card
ORD01570,18-02-2023,North,Monitor,Technology,598.79,118.37,Corporate,Cash on Delivery
ORD01571,12-06-2023,North,Desk,Furniture,1690.31,177.69,Consumer,Prepaid
ORD01572,30-04-2023,South,Pen,Office Supplies,71.21,6.52,Corporate,Credit Card
ORD01573,15-01-2023,East,Printer,Technology,197.99,35.61,Consumer,UPI
ORD01574,16-04-2023,North,Paper,Office Supplies,1502.69,263.21,Corporate,Credit Card
ORD01575,10-01-2022,East,Mouse,Technology,695.72,181.49,Corporate,UPI
ORD01576,28-01-2023,East,Paper,Office Supplies,697.51,41.19,Corporate,UPI
ORD01577,21-06-2022,East,Table,Furniture,361.54,28.88,Corporate,UPI
ORD01578,06-09-2023,West,Mouse,Technology,1930.08,432.42,Home Office,Credit Card
ORD01579,06-04-2023,South,Pen,Office Supplies,1917.77,524.27,Corporate,UPI
ORD01580,14-09-2024,North,Printer,Technology,347.03,23.27,Consumer,Credit Card
ORD01581,16-05-2024,West,Printer,Technology,1281.89,209.37,Home Office,UPI
ORD01582,25-03-2023,East,Notebook,Office Supplies,1673.63,398.15,Consumer,Credit Card
ORD01583,09-03-2023,West,Monitor,Technology,464.99,113.17,Corporate,Cash on Delivery
ORD01584,29-03-2024,West,Printer,Technology,1650.24,146.52,Corporate,UPI
ORD01585,30-10-2023,South,Desk,Furniture,1902.45,546.68,Home Office,Prepaid
ORD01586,23-07-2022,South,Notebook,Office Supplies,1662.11,286.5,Home Office,UPI
ORD01587,05-11-2022,South,Notebook,Office Supplies,271.8,47.73,Corporate,Cash on Delivery
ORD01588,30-07-2023,South,Paper,Office Supplies,878.48,100.61,Corporate,Cash on Delivery
ORD01589,31-05-2024,East,Desk,Furniture,793.68,159.09,Corporate,UPI
ORD01590,13-07-2023,North,Paper,Office Supplies,1650.07,153.44,Consumer,UPI
ORD01591,29-06-2024,North,Stapler,Office Supplies,140.88,35.44,Home Office,Prepaid
ORD01592,19-02-2024,East,Notebook,Office Supplies,1460.79,282.11,Corporate,Cash on Delivery
ORD01593,13-11-2024,South,Stapler,Office Supplies,1983.24,364.92,Home Office,Credit Card
ORD01594,13-08-2023,South,Bookshelf,Furniture,1421.76,421.97,Corporate,Credit Card
ORD01595,27-10-2022,East,Printer,Technology,1711.91,367.33,Home Office,Credit Card
ORD01596,15-08-2022,East,Desk,Furniture,374.08,99.81,Home Office,Prepaid
ORD01597,21-07-2024,West,Cabinet,Furniture,59,13.45,Corporate,Prepaid
ORD01598,06-05-2023,North,Chair,Furniture,246.35,23.21,Consumer,Cash on Delivery
ORD01599,13-07-2024,North,Monitor,Technology,1055.58,96.18,Consumer,Prepaid
ORD01600,22-02-2023,East,Desk,Furniture,357.33,32.73,Corporate,Credit Card
ORD01601,30-03-2023,East,File Folder,Office Supplies,1525.17,372.85,Home Office,Cash on Delivery
ORD01602,04-01-2022,East,Pen,Office Supplies,1195.81,272.79,Corporate,Credit Card
ORD01603,11-03-2024,South,Chair,Furniture,1652.95,386.39,Consumer,Credit Card
ORD01604,16-11-2022,West,Pen,Office Supplies,1757.04,463.13,Home Office,Credit Card
ORD01605,18-01-2022,North,Desk,Furniture,58.48,8.5,Corporate,Cash on Delivery
ORD01606,19-07-2024,West,Monitor,Technology,1807.08,514.43,Consumer,Prepaid
ORD01607,15-08-2022,South,Stapler,Office Supplies,1900.23,197.27,Corporate,UPI
ORD01608,23-10-2023,East,Laptop,Technology,1505.95,153.63,Home Office,Cash on Delivery
ORD01609,09-05-2023,East,Monitor,Technology,1534.23,224.15,Home Office,Cash on Delivery
ORD01610,05-03-2022,South,Desk,Furniture,1357.95,113.49,Consumer,UPI
ORD01611,23-02-2023,East,Paper,Office Supplies,592.54,48.41,Home Office,Prepaid
ORD01612,04-07-2023,West,File Folder,Office Supplies,1766.97,498.72,Corporate,Prepaid
ORD01613,06-02-2023,West,Mouse,Technology,1308.66,178.92,Corporate,UPI
ORD01614,04-02-2024,East,Paper,Office Supplies,1211.27,70.19,Corporate,UPI
ORD01615,17-11-2022,South,Chair,Furniture,1114.9,287.85,Home Office,UPI
ORD01616,21-09-2024,West,Laptop,Technology,1961.43,457.7,Home Office,Credit Card
ORD01617,04-10-2022,North,Bookshelf,Furniture,1605.33,210.87,Consumer,Credit Card
ORD01618,22-05-2024,South,Laptop,Technology,254.3,30.98,Home Office,Credit Card
ORD01619,15-09-2022,West,Stapler,Office Supplies,1180.75,116.63,Corporate,Prepaid
ORD01620,17-09-2024,South,Pen,Office Supplies,521.21,49.37,Home Office,Prepaid
ORD01621,30-11-2022,West,Bookshelf,Furniture,907.89,265.09,Home Office,Credit Card
ORD01622,07-06-2024,West,Pen,Office Supplies,864.95,153.1,Home Office,UPI
ORD01623,16-05-2022,East,Mouse,Technology,1394.48,122.92,Home Office,Credit Card
ORD01624,03-08-2023,North,Mouse,Technology,153.82,32.69,Corporate,Prepaid
ORD01625,20-06-2024,East,Cabinet,Furniture,922,129.26,Corporate,Cash on Delivery
ORD01626,24-05-2023,South,Desk,Furniture,97.62,17.27,Consumer,UPI
ORD01627,14-08-2022,East,File Folder,Office Supplies,1051.08,122.57,Home Office,Prepaid
ORD01628,01-04-2023,West,File Folder,Office Supplies,1111.9,141.75,Consumer,Cash on Delivery
ORD01629,20-03-2024,East,Cabinet,Furniture,109.3,17.9,Home Office,Credit Card
ORD01630,10-03-2023,East,Monitor,Technology,1590.84,156.66,Home Office,UPI
ORD01631,14-04-2024,West,Mouse,Technology,1732.4,353.72,Corporate,Credit Card
ORD01632,27-06-2023,West,File Folder,Office Supplies,1240.76,135.63,Corporate,UPI
ORD01633,30-04-2024,West,Keyboard,Technology,945.56,50.03,Corporate,Cash on Delivery
ORD01634,26-12-2024,East,Laptop,Technology,1110.04,320.27,Consumer,Cash on Delivery
ORD01635,23-10-2022,South,Mouse,Technology,1364.35,253.74,Home Office,Prepaid
ORD01636,23-12-2022,West,Stapler,Office Supplies,1854.7,548.06,Home Office,Credit Card
ORD01637,24-01-2022,West,Pen,Office Supplies,1410.31,197.56,Consumer,Cash on Delivery
ORD01638,20-05-2023,West,Pen,Office Supplies,271.87,71.34,Consumer,Cash on Delivery
ORD01639,21-10-2023,West,Chair,Furniture,663.1,66.14,Consumer,UPI
ORD01640,04-04-2024,West,Chair,Furniture,819.95,117.75,Consumer,Credit Card
ORD01641,04-02-2022,North,Paper,Office Supplies,832,133.61,Consumer,Prepaid
ORD01642,12-02-2024,West,File Folder,Office Supplies,721.27,195.07,Home Office,UPI
ORD01643,16-11-2024,South,Laptop,Technology,1434.07,143.62,Consumer,Cash on Delivery
ORD01644,10-10-2023,West,File Folder,Office Supplies,468.04,127.78,Consumer,Cash on Delivery
ORD01645,07-04-2023,West,Pen,Office Supplies,1049.96,87.76,Corporate,Credit Card
ORD01646,13-12-2023,East,Cabinet,Furniture,821.36,44.84,Home Office,Cash on Delivery
ORD01647,26-10-2024,North,Laptop,Technology,1805.17,282.9,Corporate,Credit Card
ORD01648,09-12-2023,East,Desk,Furniture,1015.01,144.72,Consumer,Cash on Delivery
ORD01649,13-11-2022,West,Bookshelf,Furniture,685.58,159.9,Home Office,Prepaid
ORD01650,19-12-2022,South,Keyboard,Technology,1055.87,278.2,Home Office,Credit Card
ORD01651,15-02-2024,East,Pen,Office Supplies,932.38,245.8,Home Office,Prepaid
ORD01652,01-02-2024,North,Monitor,Technology,362.21,28.13,Consumer,Prepaid
ORD01653,18-07-2024,West,Monitor,Technology,1995.38,279.52,Consumer,Credit Card
ORD01654,05-05-2023,East,Desk,Furniture,1678.64,136.79,Consumer,Credit Card
ORD01655,28-02-2022,West,Bookshelf,Furniture,1309.65,239.64,Corporate,Credit Card
ORD01656,10-01-2024,East,Pen,Office Supplies,128.52,11.9,Corporate,UPI
ORD01657,01-10-2024,West,Laptop,Technology,660.59,89.63,Corporate,UPI
ORD01658,02-03-2024,West,Table,Furniture,1210.41,96.29,Home Office,Cash on Delivery
ORD01659,29-02-2024,North,Bookshelf,Furniture,829.3,52.55,Corporate,Cash on Delivery
ORD01660,15-02-2023,West,Desk,Furniture,266.24,33.69,Corporate,Prepaid
ORD01661,16-03-2023,South,Printer,Technology,430.78,111.02,Home Office,Cash on Delivery
ORD01662,14-06-2024,South,File Folder,Office Supplies,939.51,104.97,Home Office,UPI
ORD01663,04-08-2023,West,Chair,Furniture,507.52,129,Consumer,Prepaid
ORD01664,09-04-2022,South,Printer,Technology,977.7,83.56,Consumer,Credit Card
ORD01665,22-07-2022,North,Chair,Furniture,1515.05,274.86,Home Office,Cash on Delivery
ORD01666,05-03-2023,North,Chair,Furniture,280.21,30.73,Home Office,Prepaid
ORD01667,10-05-2022,West,Chair,Furniture,1701.95,474.26,Corporate,UPI
ORD01668,05-07-2024,East,Notebook,Office Supplies,418.29,114.78,Corporate,Prepaid
ORD01669,29-10-2022,West,Mouse,Technology,1286.9,114.9,Corporate,Prepaid
ORD01670,08-05-2022,North,Stapler,Office Supplies,175.12,33.61,Consumer,Cash on Delivery
ORD01671,01-07-2023,East,Notebook,Office Supplies,319.45,80.03,Corporate,UPI
ORD01672,02-11-2022,South,File Folder,Office Supplies,1360.62,299.46,Consumer,UPI
ORD01673,04-10-2024,North,Chair,Furniture,475.59,110.97,Corporate,UPI
ORD01674,21-08-2022,West,Printer,Technology,1788.42,448.93,Consumer,Credit Card
ORD01675,23-06-2023,North,Keyboard,Technology,240.49,15.97,Corporate,Credit Card
ORD01676,21-10-2022,West,Notebook,Office Supplies,201.75,49.21,Home Office,UPI
ORD01677,29-03-2024,East,Mouse,Technology,961.38,196.27,Consumer,Credit Card
ORD01678,16-03-2023,South,Laptop,Technology,995.11,293.52,Corporate,Credit Card
ORD01679,27-02-2022,North,Notebook,Office Supplies,1894.88,189.11,Consumer,Credit Card
ORD01680,19-03-2022,West,Stapler,Office Supplies,676.62,55.55,Corporate,Prepaid
ORD01681,01-06-2022,South,File Folder,Office Supplies,359,52.98,Corporate,Credit Card
ORD01682,03-02-2023,West,Keyboard,Technology,181.8,20.64,Consumer,Cash on Delivery
ORD01683,14-07-2024,East,Keyboard,Technology,556.18,155.24,Corporate,UPI
ORD01684,22-02-2022,East,Chair,Furniture,1308.5,303.9,Corporate,Prepaid
ORD01685,23-01-2022,North,Bookshelf,Furniture,1913.72,304.67,Home Office,Credit Card
ORD01686,09-03-2022,North,Laptop,Technology,1396.37,184.51,Consumer,Credit Card
ORD01687,16-07-2022,East,Mouse,Technology,1570.56,137.51,Consumer,Credit Card
ORD01688,15-06-2023,North,Chair,Furniture,1115.66,91.51,Consumer,Cash on Delivery
ORD01689,22-01-2024,East,File Folder,Office Supplies,1956.75,251.75,Home Office,Credit Card
ORD01690,21-11-2023,South,Cabinet,Furniture,813.96,184.6,Home Office,UPI
ORD01691,18-07-2023,East,Stapler,Office Supplies,1853.51,300.18,Home Office,UPI
ORD01692,16-02-2023,East,Printer,Technology,1426.42,86.57,Home Office,Cash on Delivery
ORD01693,23-06-2023,East,File Folder,Office Supplies,1777.17,292.8,Home Office,Cash on Delivery
ORD01694,11-01-2022,East,Pen,Office Supplies,1963.29,99.36,Home Office,Prepaid
ORD01695,14-12-2022,East,Monitor,Technology,460.33,36.22,Home Office,Prepaid
ORD01696,20-04-2023,West,Laptop,Technology,564.62,45.71,Home Office,Credit Card
ORD01697,11-10-2022,West,Table,Furniture,481.6,24.51,Home Office,UPI
ORD01698,10-10-2023,West,File Folder,Office Supplies,1805.46,412.03,Corporate,UPI
ORD01699,27-03-2023,East,Notebook,Office Supplies,755.62,144.02,Home Office,Cash on Delivery
ORD01700,11-08-2024,East,Cabinet,Furniture,799.44,151.9,Home Office,Credit Card
ORD01701,04-03-2022,West,Paper,Office Supplies,1633.21,365.83,Home Office,Prepaid
ORD01702,07-04-2023,East,Cabinet,Furniture,945.26,183.37,Home Office,Cash on Delivery
ORD01703,19-07-2024,North,Table,Furniture,1922.85,538.48,Home Office,UPI
ORD01704,09-12-2023,South,Cabinet,Furniture,682.64,151.77,Corporate,Credit Card
ORD01705,03-05-2024,South,Desk,Furniture,189.94,42.28,Home Office,Prepaid
ORD01706,21-10-2022,West,File Folder,Office Supplies,312.05,31,Corporate,Prepaid
ORD01707,16-12-2022,East,Desk,Furniture,1958.97,318.66,Home Office,UPI
ORD01708,22-02-2023,South,Paper,Office Supplies,1917.91,317.04,Home Office,Credit Card
ORD01709,14-11-2022,West,Table,Furniture,1455.5,403.94,Home Office,Prepaid
ORD01710,27-06-2024,North,Cabinet,Furniture,955.27,82.9,Consumer,UPI
ORD01711,25-02-2024,South,Desk,Furniture,55.9,3.17,Corporate,Cash on Delivery
ORD01712,02-08-2023,South,Notebook,Office Supplies,775.43,145.31,Corporate,Credit Card
ORD01713,10-10-2024,East,Mouse,Technology,1605.72,262.13,Home Office,Credit Card
ORD01714,08-08-2023,South,Notebook,Office Supplies,407.57,98.57,Home Office,Credit Card
ORD01715,29-10-2022,East,Bookshelf,Furniture,199.52,43.55,Home Office,Cash on Delivery
ORD01716,05-09-2023,North,Keyboard,Technology,113.58,20.22,Consumer,Cash on Delivery
ORD01717,10-02-2022,West,Bookshelf,Furniture,1002.39,201.15,Home Office,Prepaid
ORD01718,18-11-2023,South,Desk,Furniture,1966.36,420.96,Consumer,Prepaid
ORD01719,28-02-2023,East,Paper,Office Supplies,1693.94,507.23,Home Office,Prepaid
ORD01720,10-03-2022,South,Stapler,Office Supplies,61.39,5.95,Home Office,Cash on Delivery
ORD01721,29-07-2024,South,Bookshelf,Furniture,431.63,121.3,Corporate,Prepaid
ORD01722,21-05-2024,North,Cabinet,Furniture,406.77,68.34,Consumer,Prepaid
ORD01723,24-05-2024,North,Printer,Technology,847.32,55.25,Consumer,Prepaid
ORD01724,12-03-2024,South,Chair,Furniture,715.29,182.78,Corporate,Credit Card
ORD01725,18-06-2022,East,Desk,Furniture,63.16,13.29,Consumer,UPI
ORD01726,16-12-2022,South,Pen,Office Supplies,1124.21,80.28,Corporate,Prepaid
ORD01727,06-08-2023,West,Keyboard,Technology,213.17,20.62,Consumer,UPI
ORD01728,11-07-2023,West,Paper,Office Supplies,1178.53,270.58,Corporate,Credit Card
ORD01729,22-05-2022,West,Printer,Technology,65.41,15.03,Corporate,UPI
ORD01730,04-11-2022,West,Printer,Technology,896.6,50.73,Home Office,Credit Card
ORD01731,17-07-2024,West,Cabinet,Furniture,339.48,80.76,Corporate,Credit Card
ORD01732,28-03-2024,West,Mouse,Technology,1609.3,358.3,Corporate,Credit Card
ORD01733,05-01-2022,North,File Folder,Office Supplies,159.2,39.49,Home Office,UPI
ORD01734,12-01-2023,North,Notebook,Office Supplies,617.28,52.57,Home Office,Prepaid
ORD01735,29-09-2022,North,Notebook,Office Supplies,1514.74,414.69,Corporate,Cash on Delivery
ORD01736,03-09-2022,West,Bookshelf,Furniture,420.37,103.87,Consumer,UPI
ORD01737,14-02-2023,West,Laptop,Technology,1224.12,327.02,Consumer,Cash on Delivery
ORD01738,13-08-2024,West,Notebook,Office Supplies,491.39,62.67,Home Office,Credit Card
ORD01739,16-03-2024,East,File Folder,Office Supplies,202.35,12.82,Consumer,Cash on Delivery
ORD01740,10-01-2023,East,File Folder,Office Supplies,1054.9,180.32,Corporate,Prepaid
ORD01741,03-05-2023,South,Printer,Technology,459.97,31.61,Consumer,Cash on Delivery
ORD01742,24-10-2023,East,File Folder,Office Supplies,1536.29,452.64,Home Office,Credit Card
ORD01743,01-11-2024,South,Cabinet,Furniture,1875.09,268.72,Corporate,Cash on Delivery
ORD01744,24-03-2023,North,Keyboard,Technology,1540.48,307.14,Corporate,Prepaid
ORD01745,19-10-2024,North,Paper,Office Supplies,1516.23,368.51,Home Office,Cash on Delivery
ORD01746,02-05-2024,North,Paper,Office Supplies,1724.22,477.57,Corporate,Credit Card
ORD01747,01-10-2024,West,Notebook,Office Supplies,1832.46,303.96,Home Office,Cash on Delivery
ORD01748,20-06-2023,East,Bookshelf,Furniture,99.4,25.23,Corporate,Prepaid
ORD01749,09-08-2024,North,Bookshelf,Furniture,846.04,184.47,Consumer,Credit Card
ORD01750,23-12-2022,South,Bookshelf,Furniture,612.47,130.67,Consumer,Cash on Delivery
ORD01751,30-11-2022,East,Printer,Technology,122.63,17.86,Consumer,UPI
ORD01752,01-04-2022,North,Keyboard,Technology,250.1,39.67,Home Office,Credit Card
ORD01753,21-03-2022,North,Bookshelf,Furniture,1881.72,145.94,Home Office,Credit Card
ORD01754,26-12-2024,South,File Folder,Office Supplies,1986.65,558.69,Consumer,Credit Card
ORD01755,01-02-2024,East,Chair,Furniture,448.99,103.22,Home Office,UPI
ORD01756,24-07-2023,East,Desk,Furniture,1038.26,52.27,Consumer,Credit Card
ORD01757,06-08-2022,East,Monitor,Technology,1972.37,339.41,Home Office,Credit Card
ORD01758,22-10-2022,North,Notebook,Office Supplies,1244.82,355.67,Home Office,Prepaid
ORD01759,23-03-2024,West,Table,Furniture,787.78,231.22,Home Office,Cash on Delivery
ORD01760,05-09-2024,West,Printer,Technology,832.85,70.62,Consumer,Prepaid
ORD01761,05-01-2023,East,Stapler,Office Supplies,272.17,23.11,Corporate,UPI
ORD01762,22-09-2023,West,Monitor,Technology,1579.43,450.23,Home Office,UPI
ORD01763,03-05-2023,West,Mouse,Technology,849.46,225.44,Home Office,Prepaid
ORD01764,02-08-2022,West,Keyboard,Technology,908.62,56.5,Consumer,Credit Card
ORD01765,26-10-2022,West,Desk,Furniture,222.51,17.29,Consumer,UPI
ORD01766,20-02-2023,South,Paper,Office Supplies,745.3,181.13,Home Office,Prepaid
ORD01767,25-10-2022,East,Monitor,Technology,653.24,135.57,Consumer,Cash on Delivery
ORD01768,02-11-2023,North,Chair,Furniture,107.74,20.08,Consumer,Credit Card
ORD01769,14-09-2024,East,Cabinet,Furniture,617.24,176.73,Corporate,Prepaid
ORD01770,25-07-2022,South,Cabinet,Furniture,462.83,131.09,Corporate,Cash on Delivery
ORD01771,29-10-2024,South,File Folder,Office Supplies,548.27,86.39,Corporate,Prepaid
ORD01772,09-12-2022,East,Mouse,Technology,870.38,201.04,Consumer,Cash on Delivery
ORD01773,27-12-2024,South,Keyboard,Technology,527.09,53.99,Home Office,Cash on Delivery
ORD01774,28-08-2023,North,Table,Furniture,103.04,18.58,Home Office,Cash on Delivery
ORD01775,13-05-2022,North,File Folder,Office Supplies,773.37,86.82,Home Office,Prepaid
ORD01776,03-10-2023,North,Paper,Office Supplies,687.81,101.54,Corporate,Credit Card
ORD01777,31-10-2023,West,Paper,Office Supplies,1547.43,207.9,Consumer,Cash on Delivery
ORD01778,16-02-2022,East,Pen,Office Supplies,477.5,69.16,Home Office,UPI
ORD01779,25-06-2023,West,Bookshelf,Furniture,1029.99,182.29,Corporate,UPI
ORD01780,17-05-2024,South,Desk,Furniture,152.39,45.21,Corporate,Cash on Delivery
ORD01781,19-08-2023,East,Printer,Technology,1070.31,286.19,Corporate,Cash on Delivery
ORD01782,12-08-2022,South,Printer,Technology,1964.18,411.53,Consumer,Prepaid
ORD01783,26-05-2023,East,Chair,Furniture,1163.05,259.51,Corporate,Credit Card
ORD01784,16-07-2024,East,Cabinet,Furniture,991.35,77.12,Corporate,Credit Card
ORD01785,08-03-2023,West,Laptop,Technology,1363.65,407.03,Consumer,Prepaid
ORD01786,15-06-2024,West,Stapler,Office Supplies,1643.37,313.46,Corporate,Credit Card
ORD01787,16-03-2023,South,Mouse,Technology,1678.97,269.09,Home Office,Cash on Delivery
ORD01788,05-01-2024,West,Bookshelf,Furniture,848.83,135.97,Home Office,Cash on Delivery
ORD01789,02-12-2024,South,Cabinet,Furniture,1792.42,189.86,Home Office,Credit Card
ORD01790,20-02-2024,East,Laptop,Technology,89.14,9.9,Corporate,Prepaid
ORD01791,16-09-2024,East,Notebook,Office Supplies,776.82,203.55,Corporate,Cash on Delivery
ORD01792,12-10-2022,East,Table,Furniture,611.13,125.78,Consumer,UPI
ORD01793,31-05-2024,North,Notebook,Office Supplies,677.39,77.88,Home Office,Credit Card
ORD01794,18-06-2024,East,Mouse,Technology,848.4,227.93,Corporate,UPI
ORD01795,14-05-2022,West,File Folder,Office Supplies,1947.19,115.74,Consumer,Prepaid
ORD01796,01-10-2024,South,Laptop,Technology,1897.99,286.95,Corporate,UPI
ORD01797,25-01-2024,East,Laptop,Technology,947.26,240.46,Home Office,Prepaid
ORD01798,11-09-2024,South,Monitor,Technology,378.33,91.29,Home Office,Cash on Delivery
ORD01799,07-02-2023,East,Notebook,Office Supplies,1406.75,263.66,Home Office,Cash on Delivery
ORD01800,12-01-2024,East,Desk,Furniture,971.94,198.33,Home Office,UPI
ORD01801,10-11-2023,South,Table,Furniture,71.59,8.35,Corporate,Cash on Delivery
ORD01802,30-09-2022,West,Monitor,Technology,1899.58,236.58,Consumer,Prepaid
ORD01803,21-10-2022,West,Keyboard,Technology,337.15,79.8,Home Office,Credit Card
ORD01804,17-07-2024,South,Stapler,Office Supplies,429.36,103.25,Corporate,Prepaid
ORD01805,02-05-2023,North,Monitor,Technology,1207.98,63.46,Home Office,Prepaid
ORD01806,23-05-2022,North,Table,Furniture,458.08,135.3,Home Office,UPI
ORD01807,20-07-2023,South,Desk,Furniture,1333.17,322.78,Home Office,UPI
ORD01808,08-12-2022,East,Bookshelf,Furniture,1826.59,244.21,Home Office,Cash on Delivery
ORD01809,23-12-2023,East,Bookshelf,Furniture,1809.13,258.3,Consumer,UPI
ORD01810,23-09-2022,West,Monitor,Technology,924.65,175.76,Corporate,Prepaid
ORD01811,05-06-2023,North,Cabinet,Furniture,527.63,113.57,Corporate,Prepaid
ORD01812,27-06-2024,North,Desk,Furniture,1216.61,75.16,Corporate,Prepaid
ORD01813,24-06-2024,South,Printer,Technology,1694.64,192.45,Corporate,UPI
ORD01814,17-05-2022,West,Printer,Technology,975.29,198.34,Home Office,Credit Card
ORD01815,27-06-2022,North,Desk,Furniture,337.53,39.84,Home Office,Prepaid
ORD01816,30-11-2023,North,Cabinet,Furniture,1350.4,304.19,Consumer,Credit Card
ORD01817,27-08-2024,South,Printer,Technology,218.06,58.48,Consumer,Credit Card
ORD01818,28-06-2022,South,Chair,Furniture,1388.22,237.42,Consumer,Cash on Delivery
ORD01819,29-03-2024,North,Table,Furniture,113.21,12.97,Corporate,UPI
ORD01820,26-08-2024,South,Printer,Technology,1671.54,306.21,Corporate,UPI
ORD01821,20-10-2023,South,File Folder,Office Supplies,1987.83,305.9,Consumer,Prepaid
ORD01822,17-02-2022,West,Keyboard,Technology,1101.05,189.05,Consumer,Credit Card
ORD01823,10-04-2023,North,Table,Furniture,830.9,220.12,Corporate,Prepaid
ORD01824,05-06-2022,West,Cabinet,Furniture,1923.75,341.78,Corporate,Cash on Delivery
ORD01825,11-04-2023,North,Monitor,Technology,1834.09,102.73,Corporate,Credit Card
ORD01826,02-04-2023,East,Desk,Furniture,1958.12,406.3,Home Office,Credit Card
ORD01827,01-10-2023,North,File Folder,Office Supplies,443.63,94.32,Consumer,Credit Card
ORD01828,19-03-2024,North,Bookshelf,Furniture,1459.44,155.11,Corporate,UPI
ORD01829,19-10-2024,South,Printer,Technology,1486.8,371.04,Corporate,Credit Card
ORD01830,04-11-2022,North,Table,Furniture,288.4,58.56,Corporate,Credit Card
ORD01831,29-05-2024,East,Bookshelf,Furniture,105.48,28.91,Home Office,UPI
ORD01832,19-02-2022,West,Stapler,Office Supplies,1918.65,453.28,Corporate,Prepaid
ORD01833,31-07-2023,South,Bookshelf,Furniture,363.3,72.26,Corporate,Cash on Delivery
ORD01834,29-01-2023,South,Table,Furniture,1670.91,175.2,Corporate,UPI
ORD01835,23-07-2022,South,Bookshelf,Furniture,407.31,120.67,Consumer,Credit Card
ORD01836,29-06-2023,West,Pen,Office Supplies,1197.52,189.6,Home Office,Credit Card
ORD01837,15-05-2024,North,Paper,Office Supplies,1491.91,96.66,Consumer,Credit Card
ORD01838,19-07-2023,North,Printer,Technology,1930.3,445.67,Corporate,UPI
ORD01839,27-06-2022,West,File Folder,Office Supplies,655.24,136.68,Home Office,Credit Card
ORD01840,06-03-2023,East,Pen,Office Supplies,982.18,84.07,Home Office,Prepaid
ORD01841,13-09-2023,North,Keyboard,Technology,1459.61,422.89,Consumer,Cash on Delivery
ORD01842,20-03-2022,East,File Folder,Office Supplies,1200.35,216.48,Corporate,Credit Card
ORD01843,27-04-2023,West,Table,Furniture,406.86,115.98,Consumer,Cash on Delivery
ORD01844,13-05-2022,South,Monitor,Technology,1440.09,89.76,Home Office,Credit Card
ORD01845,11-09-2023,East,Table,Furniture,449.41,120.43,Home Office,Prepaid
ORD01846,12-01-2024,South,Laptop,Technology,1468.36,345.71,Consumer,Credit Card
ORD01847,30-01-2023,West,Keyboard,Technology,184.19,22.26,Consumer,Credit Card
ORD01848,23-05-2023,South,Keyboard,Technology,1069.01,95.27,Home Office,Cash on Delivery
ORD01849,26-05-2022,North,Stapler,Office Supplies,1357.44,283.97,Consumer,UPI
ORD01850,10-10-2022,South,Desk,Furniture,720.48,44.03,Corporate,Credit Card
ORD01851,28-04-2024,North,Laptop,Technology,1429.86,177.73,Home Office,Cash on Delivery
ORD01852,19-09-2024,East,Laptop,Technology,1209.83,64.22,Corporate,UPI
ORD01853,25-09-2023,North,Laptop,Technology,1551.47,263.78,Home Office,Prepaid
ORD01854,01-04-2024,North,Mouse,Technology,200.6,34.11,Corporate,Prepaid
ORD01855,26-04-2023,East,Bookshelf,Furniture,978.31,189.8,Corporate,Prepaid
ORD01856,13-06-2024,North,Mouse,Technology,660.85,107.51,Home Office,UPI
ORD01857,30-01-2023,South,Cabinet,Furniture,312.05,78.05,Consumer,UPI
ORD01858,27-06-2023,North,Monitor,Technology,1883.48,262.6,Consumer,Cash on Delivery
ORD01859,21-04-2024,West,Chair,Furniture,1179.43,332.39,Consumer,Prepaid
ORD01860,10-07-2023,East,Keyboard,Technology,1387.67,288.99,Consumer,Cash on Delivery
ORD01861,20-11-2024,East,Laptop,Technology,341.73,17.37,Corporate,Prepaid
ORD01862,24-08-2023,East,Table,Furniture,410.87,80.82,Consumer,Cash on Delivery
ORD01863,10-02-2023,North,File Folder,Office Supplies,564.09,89.1,Consumer,Credit Card
ORD01864,15-10-2022,East,Table,Furniture,1301.78,67.88,Home Office,Credit Card
ORD01865,01-07-2022,North,Pen,Office Supplies,1285.68,270.96,Home Office,Prepaid
ORD01866,12-01-2022,East,Paper,Office Supplies,1112.49,239.36,Home Office,Cash on Delivery
ORD01867,13-02-2022,South,Paper,Office Supplies,726.01,74.57,Corporate,Prepaid
ORD01868,25-10-2024,West,Bookshelf,Furniture,344.59,94.35,Corporate,Prepaid
ORD01869,31-08-2022,North,Cabinet,Furniture,1476.51,366.21,Consumer,Cash on Delivery
ORD01870,14-04-2024,East,Laptop,Technology,901.48,231.85,Corporate,Credit Card
ORD01871,07-04-2022,North,File Folder,Office Supplies,245.98,66.95,Consumer,Credit Card
ORD01872,24-03-2024,West,Cabinet,Furniture,922.68,65.38,Home Office,Credit Card
ORD01873,07-10-2023,South,Keyboard,Technology,814.75,220.94,Corporate,Cash on Delivery
ORD01874,24-08-2023,North,Laptop,Technology,230.13,12.74,Consumer,Cash on Delivery
ORD01875,04-07-2023,South,Stapler,Office Supplies,905.22,71.17,Corporate,UPI
ORD01876,16-12-2022,North,Cabinet,Furniture,396.51,52.34,Home Office,Cash on Delivery
ORD01877,05-10-2024,East,Cabinet,Furniture,695.86,62.61,Home Office,Credit Card
ORD01878,09-05-2022,North,Mouse,Technology,1687.43,393.48,Corporate,Cash on Delivery
ORD01879,29-01-2022,East,Laptop,Technology,138.77,37.58,Consumer,Cash on Delivery
ORD01880,10-02-2022,West,Paper,Office Supplies,1991.76,389.53,Consumer,UPI
ORD01881,30-07-2022,East,Mouse,Technology,917.67,191.66,Home Office,Credit Card
ORD01882,17-04-2023,East,File Folder,Office Supplies,942.11,138.98,Consumer,Prepaid
ORD01883,29-07-2022,North,Desk,Furniture,558.86,121.29,Consumer,Cash on Delivery
ORD01884,09-02-2024,West,Monitor,Technology,1863.47,476.73,Consumer,Cash on Delivery
ORD01885,21-11-2024,West,Pen,Office Supplies,207.75,58.58,Corporate,Cash on Delivery
ORD01886,13-10-2023,North,Chair,Furniture,1329.02,160.06,Consumer,Credit Card
ORD01887,05-12-2022,West,Printer,Technology,116.94,9.23,Consumer,Prepaid
ORD01888,18-12-2023,West,Chair,Furniture,1595.6,371.15,Home Office,Credit Card
ORD01889,04-07-2023,West,Paper,Office Supplies,1591.25,311.67,Corporate,UPI
ORD01890,26-05-2024,West,Desk,Furniture,1280.22,315.25,Corporate,Cash on Delivery
ORD01891,25-02-2022,South,Printer,Technology,374.45,72.63,Corporate,UPI
ORD01892,09-03-2024,West,Bookshelf,Furniture,872.69,60.24,Home Office,Cash on Delivery
ORD01893,18-11-2023,North,Desk,Furniture,405.35,103.85,Corporate,UPI
ORD01894,12-06-2023,South,Notebook,Office Supplies,1320.91,105.68,Home Office,Prepaid
ORD01895,08-12-2023,North,Monitor,Technology,1555.94,460.61,Consumer,Credit Card
ORD01896,29-11-2024,North,Monitor,Technology,86.77,7.27,Consumer,Credit Card
ORD01897,18-04-2023,East,Paper,Office Supplies,1911.06,429.16,Consumer,Credit Card
ORD01898,01-12-2023,South,File Folder,Office Supplies,173.17,15.4,Home Office,Cash on Delivery
ORD01899,26-08-2023,North,File Folder,Office Supplies,1736.87,435.23,Corporate,Credit Card
ORD01900,16-04-2022,North,Pen,Office Supplies,1172.37,175.19,Corporate,Prepaid
ORD01901,27-08-2022,West,Paper,Office Supplies,83.02,16.52,Corporate,Prepaid
ORD01902,04-03-2022,East,Desk,Furniture,1754.53,204.66,Corporate,Cash on Delivery
ORD01903,16-08-2024,West,Stapler,Office Supplies,945.51,195.32,Corporate,Cash on Delivery
ORD01904,10-11-2022,North,Table,Furniture,768.31,127.65,Consumer,Credit Card
ORD01905,30-04-2022,East,Paper,Office Supplies,833.98,71.48,Consumer,UPI
ORD01906,16-09-2023,South,Pen,Office Supplies,342.61,30.72,Corporate,UPI
ORD01907,17-05-2022,East,Mouse,Technology,1902.54,319.69,Home Office,Prepaid
ORD01908,01-08-2024,South,Paper,Office Supplies,716.78,44.64,Home Office,Credit Card
ORD01909,11-12-2022,North,Paper,Office Supplies,1635.45,129.49,Consumer,Prepaid
ORD01910,18-04-2023,South,Laptop,Technology,1549.38,119.14,Home Office,UPI
ORD01911,12-08-2022,West,Stapler,Office Supplies,888.76,246.99,Corporate,Credit Card
ORD01912,18-11-2024,South,Notebook,Office Supplies,1437.55,286.41,Corporate,Credit Card
ORD01913,07-06-2023,South,Table,Furniture,705.53,86.54,Consumer,Credit Card
ORD01914,24-01-2024,East,Pen,Office Supplies,1317.09,320.6,Consumer,UPI
ORD01915,17-05-2023,West,Printer,Technology,615.16,86.54,Consumer,UPI
ORD01916,16-10-2024,North,Cabinet,Furniture,754.84,98.15,Corporate,Credit Card
ORD01917,18-07-2024,North,Printer,Technology,1656.83,110.1,Corporate,Credit Card
ORD01918,31-08-2023,North,Laptop,Technology,532.4,36.44,Corporate,Credit Card
ORD01919,11-11-2023,South,Keyboard,Technology,1469,105.2,Consumer,Cash on Delivery
ORD01920,18-03-2023,West,Printer,Technology,719.63,169.28,Corporate,Prepaid
ORD01921,10-09-2022,North,Monitor,Technology,1592.44,428.78,Home Office,Credit Card
ORD01922,11-08-2023,South,Printer,Technology,780.37,144.33,Corporate,Prepaid
ORD01923,15-03-2024,West,Printer,Technology,1897.93,470.31,Consumer,Prepaid
ORD01924,01-06-2024,South,Bookshelf,Furniture,1566.93,455.46,Home Office,UPI
ORD01925,01-05-2023,East,Chair,Furniture,546.15,162.36,Home Office,UPI
ORD01926,23-05-2023,East,Monitor,Technology,1306.52,156.98,Corporate,Cash on Delivery
ORD01927,16-12-2022,South,Cabinet,Furniture,196.81,12.83,Corporate,UPI
ORD01928,10-01-2024,West,Table,Furniture,1100.6,328.95,Home Office,UPI
ORD01929,05-12-2023,East,Laptop,Technology,784.39,104.52,Corporate,Prepaid
ORD01930,20-04-2023,West,Keyboard,Technology,1591.01,443.98,Home Office,UPI
ORD01931,25-04-2023,South,Pen,Office Supplies,745.17,187.66,Home Office,Credit Card
ORD01932,13-10-2022,South,Chair,Furniture,1780.69,498.39,Corporate,Cash on Delivery
ORD01933,27-12-2023,North,Printer,Technology,539.78,81.13,Corporate,Credit Card
ORD01934,28-09-2024,East,Stapler,Office Supplies,1962.67,462.39,Corporate,UPI
ORD01935,26-06-2024,West,Chair,Furniture,1015.91,145.55,Consumer,Cash on Delivery
ORD01936,29-07-2022,West,Stapler,Office Supplies,633.12,141.47,Home Office,Credit Card
ORD01937,13-04-2024,East,File Folder,Office Supplies,951.15,279.52,Consumer,UPI
ORD01938,23-02-2022,East,Chair,Furniture,962.58,201.36,Home Office,Cash on Delivery
ORD01939,27-04-2024,East,Desk,Furniture,742.74,190.7,Corporate,Cash on Delivery
ORD01940,14-08-2022,East,Notebook,Office Supplies,1947.55,505.7,Consumer,Credit Card
ORD01941,18-02-2022,East,Notebook,Office Supplies,1109.98,202.19,Consumer,Prepaid
ORD01942,10-04-2024,East,Stapler,Office Supplies,1800.24,276.7,Consumer,Credit Card
ORD01943,25-06-2023,West,Notebook,Office Supplies,1069.82,82.2,Consumer,Prepaid
ORD01944,05-04-2022,East,Pen,Office Supplies,1863.91,339.06,Consumer,Prepaid
ORD01945,06-11-2024,West,Monitor,Technology,1742.23,383.76,Consumer,Prepaid
ORD01946,28-07-2023,East,Monitor,Technology,714.2,209.31,Corporate,Cash on Delivery
ORD01947,24-07-2023,West,Cabinet,Furniture,636.52,47.23,Home Office,Prepaid
ORD01948,16-02-2024,West,Printer,Technology,222.36,34.18,Corporate,Prepaid
ORD01949,15-09-2022,East,File Folder,Office Supplies,292.07,78.82,Corporate,Credit Card
ORD01950,07-12-2023,West,Laptop,Technology,1507.39,105.37,Consumer,Cash on Delivery
ORD01951,30-06-2024,North,Chair,Furniture,326.07,70.43,Home Office,Credit Card
ORD01952,22-03-2022,East,Bookshelf,Furniture,1285.87,204.15,Consumer,Prepaid
ORD01953,10-05-2023,North,Mouse,Technology,1779.54,270.74,Home Office,Prepaid
ORD01954,31-03-2024,South,Monitor,Technology,1193.32,158.85,Corporate,UPI
ORD01955,04-11-2024,North,Notebook,Office Supplies,1668.14,172.12,Consumer,Cash on Delivery
ORD01956,05-03-2022,South,Laptop,Technology,1713.71,142.15,Corporate,Credit Card
ORD01957,27-12-2023,South,Table,Furniture,500.34,132.21,Corporate,Cash on Delivery
ORD01958,23-12-2024,East,Desk,Furniture,1232.79,98.23,Corporate,Prepaid
ORD01959,26-04-2023,East,Laptop,Technology,111.64,28.56,Consumer,UPI
ORD01960,13-06-2023,North,Pen,Office Supplies,140.25,29.93,Home Office,UPI
ORD01961,30-04-2024,East,Paper,Office Supplies,1414.6,348.64,Corporate,Credit Card
ORD01962,10-10-2024,East,Cabinet,Furniture,298.05,58.16,Corporate,Credit Card
ORD01963,17-08-2023,South,Desk,Furniture,1034.34,286.83,Consumer,Cash on Delivery
ORD01964,19-07-2024,West,Bookshelf,Furniture,1964.28,197.6,Home Office,Cash on Delivery
ORD01965,15-06-2022,North,Bookshelf,Furniture,60.17,8.93,Home Office,UPI
ORD01966,22-04-2024,West,Desk,Furniture,1114.16,100.06,Corporate,Credit Card
ORD01967,25-07-2024,West,Bookshelf,Furniture,674.16,133.48,Home Office,UPI
ORD01968,04-08-2024,South,Table,Furniture,334.73,16.83,Consumer,UPI
ORD01969,03-05-2024,North,Notebook,Office Supplies,1858.21,376.83,Consumer,Prepaid
ORD01970,03-12-2022,East,Bookshelf,Furniture,1113.99,278.36,Consumer,Cash on Delivery
ORD01971,08-12-2023,North,Chair,Furniture,1621.6,355.61,Home Office,Credit Card
ORD01972,26-06-2023,West,Pen,Office Supplies,344.6,22.39,Home Office,UPI
ORD01973,29-11-2024,West,Pen,Office Supplies,903.33,75.24,Corporate,Cash on Delivery
ORD01974,17-06-2024,North,Cabinet,Furniture,998.17,275.89,Consumer,UPI
ORD01975,29-12-2022,West,Keyboard,Technology,1084.12,286.85,Corporate,Credit Card
ORD01976,18-02-2022,North,Desk,Furniture,363.47,37.59,Corporate,Prepaid
ORD01977,09-12-2024,South,Keyboard,Technology,991.1,274.13,Home Office,UPI
ORD01978,27-11-2023,North,Stapler,Office Supplies,532.74,50.54,Consumer,UPI
ORD01979,01-02-2023,North,Notebook,Office Supplies,1300.02,125.38,Corporate,Prepaid
ORD01980,09-04-2023,West,File Folder,Office Supplies,524.63,40.87,Consumer,Prepaid
ORD01981,01-08-2022,South,Chair,Furniture,564.39,83.87,Corporate,Prepaid
ORD01982,30-07-2024,South,Table,Furniture,1815.24,353.08,Consumer,Prepaid
ORD01983,24-05-2022,West,Bookshelf,Furniture,1047.16,187.21,Consumer,Cash on Delivery
ORD01984,10-11-2023,East,Keyboard,Technology,451.3,43.45,Home Office,Prepaid
ORD01985,18-01-2023,North,Monitor,Technology,1576.46,428.27,Corporate,Credit Card
ORD01986,11-06-2024,North,Notebook,Office Supplies,1549.16,158.91,Consumer,Credit Card
ORD01987,14-08-2022,South,File Folder,Office Supplies,1739.3,420.46,Corporate,Cash on Delivery
ORD01988,29-11-2022,West,Desk,Furniture,1364.6,194.56,Home Office,UPI
ORD01989,26-06-2024,West,Cabinet,Furniture,1387.5,337.47,Consumer,Cash on Delivery
ORD01990,27-09-2024,South,Keyboard,Technology,1545.46,463.62,Corporate,UPI
ORD01991,06-02-2024,South,Pen,Office Supplies,962.35,262.73,Home Office,Prepaid
ORD01992,16-03-2023,West,Pen,Office Supplies,1538.98,298.49,Home Office,Credit Card
ORD01993,21-07-2022,West,Keyboard,Technology,655.49,158.83,Home Office,Credit Card
ORD01994,19-01-2022,North,Table,Furniture,1141.31,264.78,Consumer,UPI
ORD01995,29-06-2022,South,Pen,Office Supplies,175.1,19.56,Corporate,UPI
ORD01996,26-04-2024,East,Table,Furniture,1974.86,227.64,Consumer,UPI
ORD01997,15-03-2024,North,File Folder,Office Supplies,923.53,149.83,Home Office,Credit Card
ORD01998,01-05-2023,East,Stapler,Office Supplies,903.63,255.8,Home Office,Prepaid
ORD01999,07-04-2024,South,Table,Furniture,1497.4,153.57,Home Office,Credit Card
ORD02000,15-06-2024,North,Mouse,Technology,310.52,17.07,Corporate,UPI
ORD02001,07-05-2022,West,File Folder,Office Supplies,1759.18,174.2,Consumer,Credit Card
ORD02002,28-05-2022,West,Laptop,Technology,1214.85,332.58,Home Office,Credit Card
ORD02003,23-05-2023,South,Paper,Office Supplies,1182.9,268.34,Consumer,Cash on Delivery
ORD02004,30-10-2024,South,Notebook,Office Supplies,1355.53,324.61,Consumer,UPI
ORD02005,09-10-2024,North,Keyboard,Technology,594.09,78.38,Consumer,Prepaid
ORD02006,14-05-2024,South,Keyboard,Technology,1754.86,365.05,Corporate,Prepaid
ORD02007,19-05-2022,West,Bookshelf,Furniture,1937.21,295.86,Home Office,Prepaid
ORD02008,26-05-2022,North,Monitor,Technology,1559.15,118.45,Corporate,UPI
ORD02009,13-04-2024,North,Mouse,Technology,338.25,45.12,Consumer,Cash on Delivery
ORD02010,16-09-2022,East,Cabinet,Furniture,545.89,74.71,Corporate,Credit Card
ORD02011,24-10-2024,North,Stapler,Office Supplies,51.14,5.24,Consumer,Cash on Delivery
ORD02012,08-05-2024,North,Printer,Technology,1347.79,255.21,Consumer,UPI
ORD02013,19-03-2024,West,Mouse,Technology,1901.48,567.21,Home Office,Credit Card
ORD02014,23-10-2023,North,Notebook,Office Supplies,337.89,49.69,Consumer,UPI
ORD02015,10-12-2023,North,Paper,Office Supplies,426.21,72.68,Consumer,Cash on Delivery
ORD02016,06-03-2024,South,File Folder,Office Supplies,1512.47,363.63,Home Office,Credit Card
ORD02017,18-01-2022,East,File Folder,Office Supplies,336.21,75.29,Consumer,Cash on Delivery
ORD02018,06-11-2024,South,Desk,Furniture,733.12,56.37,Home Office,Credit Card
ORD02019,08-06-2024,South,File Folder,Office Supplies,294.05,61.06,Home Office,Prepaid
ORD02020,31-12-2023,East,Keyboard,Technology,1367.54,71.18,Corporate,Prepaid
ORD02021,21-01-2024,North,Pen,Office Supplies,1911.04,422.08,Home Office,Credit Card
ORD02022,30-06-2022,South,Desk,Furniture,1216.85,86.5,Corporate,Prepaid
ORD02023,27-06-2023,North,Table,Furniture,1409.91,362.42,Home Office,Prepaid
ORD02024,24-10-2022,West,Pen,Office Supplies,657.29,147.94,Consumer,Prepaid
ORD02025,24-07-2022,West,Mouse,Technology,521.06,45.05,Home Office,Credit Card
ORD02026,21-12-2023,South,Table,Furniture,1696.93,287.95,Home Office,Credit Card
ORD02027,17-12-2024,North,Table,Furniture,1245.27,331.44,Consumer,Prepaid
ORD02028,09-10-2022,South,Printer,Technology,339.35,60.01,Home Office,UPI
ORD02029,02-10-2024,North,File Folder,Office Supplies,535.64,33.99,Corporate,Credit Card
ORD02030,22-10-2024,West,Paper,Office Supplies,904.81,200.18,Corporate,UPI
ORD02031,10-06-2022,East,Laptop,Technology,69.85,13.9,Corporate,UPI
ORD02032,22-12-2023,West,File Folder,Office Supplies,844.94,152.93,Consumer,Cash on Delivery
ORD02033,07-06-2023,South,Desk,Furniture,1488.85,214.25,Corporate,Cash on Delivery
ORD02034,15-02-2022,North,Laptop,Technology,451.71,56.03,Home Office,Credit Card
ORD02035,12-01-2024,North,Bookshelf,Furniture,1834.93,500.31,Corporate,UPI
ORD02036,12-04-2024,North,Cabinet,Furniture,342.58,33.36,Corporate,Prepaid
ORD02037,28-04-2024,South,Mouse,Technology,403.31,93.47,Corporate,Credit Card
ORD02038,27-05-2022,South,Monitor,Technology,364.64,105.08,Home Office,Credit Card
ORD02039,03-06-2024,North,File Folder,Office Supplies,862.99,63.88,Home Office,Credit Card
ORD02040,24-11-2023,West,Keyboard,Technology,1489.67,414.11,Home Office,Credit Card
ORD02041,13-09-2023,South,Stapler,Office Supplies,715.74,102.46,Corporate,Credit Card
ORD02042,08-01-2023,South,Desk,Furniture,1895.24,476.97,Corporate,UPI
ORD02043,13-03-2024,West,Desk,Furniture,1894.44,437.86,Consumer,Prepaid
ORD02044,27-08-2024,South,Laptop,Technology,1385.24,269.36,Consumer,Credit Card
ORD02045,17-12-2022,West,Chair,Furniture,168.15,9,Corporate,Prepaid
ORD02046,11-07-2023,West,Desk,Furniture,1153.42,338.15,Consumer,Credit Card
ORD02047,04-08-2023,East,Monitor,Technology,1377.91,220.78,Consumer,Credit Card
ORD02048,26-04-2022,South,Notebook,Office Supplies,446.78,63.71,Consumer,Credit Card
ORD02049,14-04-2023,East,Pen,Office Supplies,1016.96,65.7,Home Office,Credit Card
ORD02050,01-07-2024,North,Keyboard,Technology,567.95,74.75,Corporate,UPI
ORD02051,14-04-2024,North,Mouse,Technology,72.49,6.87,Corporate,Cash on Delivery
ORD02052,14-02-2023,North,Mouse,Technology,631.53,110.17,Consumer,Prepaid
ORD02053,14-08-2022,West,Desk,Furniture,155.8,44.17,Consumer,Cash on Delivery
ORD02054,18-01-2023,North,Mouse,Technology,1799.4,439.33,Corporate,Credit Card
ORD02055,19-08-2024,East,Notebook,Office Supplies,956,270.29,Consumer,Prepaid
ORD02056,05-02-2024,North,Laptop,Technology,1695.44,434.17,Consumer,Prepaid
ORD02057,13-04-2024,West,Bookshelf,Furniture,1160.56,86.55,Home Office,UPI
ORD02058,28-07-2024,East,Cabinet,Furniture,1312.78,120.95,Consumer,Credit Card
ORD02059,26-07-2024,West,Cabinet,Furniture,194.1,32.6,Consumer,Cash on Delivery
ORD02060,20-09-2022,South,Bookshelf,Furniture,1665.24,360.92,Home Office,Credit Card
ORD02061,28-11-2023,South,Chair,Furniture,943.16,228.04,Consumer,Credit Card
ORD02062,10-08-2023,North,Chair,Furniture,1661.06,293.37,Consumer,Prepaid
ORD02063,14-09-2022,West,Notebook,Office Supplies,621.23,56.26,Consumer,Prepaid
ORD02064,15-04-2023,South,Monitor,Technology,1697.74,331.32,Consumer,Credit Card
ORD02065,22-01-2023,North,Keyboard,Technology,1198.51,224.99,Consumer,Prepaid
ORD02066,01-06-2024,South,Desk,Furniture,138.33,14.46,Corporate,Prepaid
ORD02067,22-07-2023,West,Keyboard,Technology,215.35,29.73,Home Office,Cash on Delivery
ORD02068,26-06-2022,North,File Folder,Office Supplies,1988.08,184.32,Corporate,Credit Card
ORD02069,21-07-2022,North,Desk,Furniture,394.8,89.48,Consumer,Credit Card
ORD02070,06-08-2022,East,Monitor,Technology,65.29,17.7,Home Office,Prepaid
ORD02071,07-03-2023,East,Monitor,Technology,808.04,170.23,Home Office,Cash on Delivery
ORD02072,25-08-2024,East,Printer,Technology,1814.32,423.59,Consumer,UPI
ORD02073,14-07-2024,West,Cabinet,Furniture,1735.86,365.83,Home Office,Credit Card
ORD02074,21-12-2024,East,Cabinet,Furniture,1828.68,316.85,Consumer,UPI
ORD02075,03-05-2022,South,Keyboard,Technology,635.86,190.48,Home Office,Prepaid
ORD02076,21-04-2022,East,Printer,Technology,684.6,45.35,Home Office,Prepaid
ORD02077,09-02-2022,East,Chair,Furniture,1076.96,302.06,Consumer,Credit Card
ORD02078,08-04-2022,West,File Folder,Office Supplies,1714.81,290.51,Home Office,UPI
ORD02079,29-07-2024,South,Notebook,Office Supplies,626.24,111.3,Corporate,Cash on Delivery
ORD02080,09-04-2022,North,Bookshelf,Furniture,893.57,171.36,Corporate,Prepaid
ORD02081,26-01-2022,South,Monitor,Technology,1635.8,254.21,Consumer,Credit Card
ORD02082,07-03-2024,South,Monitor,Technology,404.79,40.22,Corporate,UPI
ORD02083,24-01-2023,North,Monitor,Technology,1526.22,134.65,Consumer,Credit Card
ORD02084,14-04-2023,North,Laptop,Technology,146.35,17.33,Corporate,Prepaid
ORD02085,07-10-2023,West,Monitor,Technology,1701.02,228.06,Corporate,UPI
ORD02086,15-10-2023,South,Desk,Furniture,1362.88,136.97,Home Office,Prepaid
ORD02087,30-05-2023,South,Stapler,Office Supplies,1982.23,361.65,Corporate,Cash on Delivery
ORD02088,22-12-2022,West,File Folder,Office Supplies,1979.91,347.24,Corporate,Credit Card
ORD02089,19-06-2024,West,Stapler,Office Supplies,954.5,131.67,Consumer,UPI
ORD02090,08-03-2023,West,Pen,Office Supplies,1901.49,483.53,Home Office,Credit Card
ORD02091,03-05-2023,North,Mouse,Technology,957.3,111.17,Corporate,Cash on Delivery
ORD02092,17-11-2024,South,Cabinet,Furniture,1349.55,112.44,Consumer,Cash on Delivery
ORD02093,26-11-2024,South,Laptop,Technology,1803.88,281.28,Corporate,Cash on Delivery
ORD02094,27-02-2022,West,Mouse,Technology,927.48,53.25,Consumer,Credit Card
ORD02095,07-10-2024,West,Table,Furniture,187.68,42.87,Home Office,Cash on Delivery
ORD02096,10-10-2024,North,Notebook,Office Supplies,1153.28,197.14,Home Office,UPI
ORD02097,13-05-2022,South,Printer,Technology,1702.35,136.51,Consumer,Prepaid
ORD02098,05-10-2022,North,Bookshelf,Furniture,1758.82,134.58,Corporate,Credit Card
ORD02099,27-02-2023,North,Chair,Furniture,592.15,80.86,Consumer,Cash on Delivery
ORD02100,01-03-2024,East,Stapler,Office Supplies,678.96,183.92,Home Office,Prepaid
ORD02101,20-07-2022,East,Paper,Office Supplies,216.95,62.23,Home Office,Cash on Delivery
ORD02102,01-12-2022,South,Monitor,Technology,840.7,187.33,Consumer,Credit Card
ORD02103,15-09-2024,East,Chair,Furniture,1733.89,184.65,Home Office,Cash on Delivery
ORD02104,17-07-2023,East,Notebook,Office Supplies,1312.8,337.94,Home Office,UPI
ORD02105,05-08-2023,North,Chair,Furniture,108.81,20.9,Home Office,Credit Card
ORD02106,31-01-2022,North,Table,Furniture,1724.06,402.49,Corporate,UPI
ORD02107,20-06-2023,East,Mouse,Technology,510.6,56.19,Home Office,Prepaid
ORD02108,17-02-2024,East,Bookshelf,Furniture,589.58,160.56,Corporate,Credit Card
ORD02109,01-12-2023,South,Stapler,Office Supplies,1772.99,277.74,Corporate,Cash on Delivery
ORD02110,01-09-2022,West,Pen,Office Supplies,597.27,157.59,Consumer,Prepaid
ORD02111,10-10-2022,West,Table,Furniture,1646.27,461.34,Home Office,Prepaid
ORD02112,12-09-2022,East,Stapler,Office Supplies,569.11,147.21,Corporate,Credit Card
ORD02113,08-07-2022,West,Table,Furniture,1405.16,384.74,Home Office,Prepaid
ORD02114,24-02-2024,South,Stapler,Office Supplies,1414.12,358.63,Home Office,Prepaid
ORD02115,25-02-2023,North,Cabinet,Furniture,344.17,51.11,Corporate,Credit Card
ORD02116,06-08-2022,South,Paper,Office Supplies,1016.25,82.85,Home Office,Credit Card
ORD02117,02-08-2022,South,Keyboard,Technology,514.66,34.3,Home Office,UPI
ORD02118,07-07-2023,West,File Folder,Office Supplies,714.36,142.27,Consumer,UPI
ORD02119,30-04-2024,South,Stapler,Office Supplies,1709,384.94,Home Office,Prepaid
ORD02120,09-04-2024,East,Stapler,Office Supplies,794.68,238.23,Home Office,Prepaid
ORD02121,09-09-2023,West,File Folder,Office Supplies,1336.03,253.15,Home Office,Cash on Delivery
ORD02122,06-04-2022,South,File Folder,Office Supplies,1787,162.87,Home Office,Cash on Delivery
ORD02123,21-03-2024,East,Table,Furniture,97.44,5.68,Corporate,Credit Card
ORD02124,29-11-2024,North,Stapler,Office Supplies,1217.93,298.3,Consumer,Prepaid
ORD02125,19-06-2023,North,Table,Furniture,422.11,88.81,Corporate,Cash on Delivery
ORD02126,20-11-2023,West,Paper,Office Supplies,1553.89,93.98,Home Office,Credit Card
ORD02127,03-01-2022,North,Pen,Office Supplies,377.93,107.27,Consumer,Prepaid
ORD02128,27-08-2022,South,Cabinet,Furniture,160.78,39.5,Consumer,Cash on Delivery
ORD02129,13-09-2024,North,Laptop,Technology,645.76,119.15,Consumer,UPI
ORD02130,05-03-2023,East,Monitor,Technology,333.65,31,Corporate,Cash on Delivery
ORD02131,29-01-2022,East,Notebook,Office Supplies,282.18,63.45,Consumer,Cash on Delivery
ORD02132,13-03-2023,West,Keyboard,Technology,558.65,67.22,Corporate,UPI
ORD02133,29-10-2022,East,Cabinet,Furniture,1479.41,100.97,Home Office,Prepaid
ORD02134,23-12-2024,South,Printer,Technology,1268.59,360.39,Corporate,Credit Card
ORD02135,19-04-2022,South,Table,Furniture,1411.53,392.84,Home Office,Prepaid
ORD02136,25-10-2022,North,Monitor,Technology,1790.74,140.29,Corporate,Prepaid
ORD02137,17-06-2023,South,Pen,Office Supplies,966.56,76.39,Consumer,Cash on Delivery
ORD02138,16-06-2024,South,Stapler,Office Supplies,1997.5,522.79,Corporate,Credit Card
ORD02139,29-04-2024,North,Table,Furniture,344.6,66,Consumer,Credit Card
ORD02140,26-04-2023,North,Pen,Office Supplies,64.54,18.72,Corporate,Credit Card
ORD02141,24-07-2022,South,Cabinet,Furniture,916.81,76.01,Home Office,Cash on Delivery
ORD02142,24-05-2023,East,Stapler,Office Supplies,244.57,62.7,Corporate,UPI
ORD02143,15-02-2023,North,Notebook,Office Supplies,570.39,170.81,Consumer,Credit Card
ORD02144,29-12-2022,East,File Folder,Office Supplies,1052.61,202.59,Corporate,Prepaid
ORD02145,23-09-2022,South,Notebook,Office Supplies,1022.09,263.77,Home Office,Prepaid
ORD02146,07-11-2023,West,Monitor,Technology,196.29,38.23,Consumer,UPI
ORD02147,23-08-2022,South,Stapler,Office Supplies,850.34,233.76,Corporate,Credit Card
ORD02148,25-01-2024,East,Table,Furniture,1221.02,216.96,Home Office,Credit Card
ORD02149,16-04-2023,North,Cabinet,Furniture,1302.75,139.97,Home Office,Cash on Delivery
ORD02150,15-01-2024,West,Table,Furniture,518.06,119.15,Consumer,UPI
ORD02151,24-08-2022,North,Pen,Office Supplies,1601.78,410.94,Corporate,Prepaid
ORD02152,13-08-2024,East,Mouse,Technology,1021.8,124.97,Home Office,UPI
ORD02153,27-12-2022,East,Desk,Furniture,199.59,27.09,Home Office,UPI
ORD02154,15-06-2023,West,Table,Furniture,219.09,48.64,Home Office,Cash on Delivery
ORD02155,12-06-2024,East,Laptop,Technology,1144.72,267.15,Home Office,Prepaid
ORD02156,21-06-2022,West,Keyboard,Technology,1263.8,345.46,Consumer,Credit Card
ORD02157,06-05-2023,North,Printer,Technology,1561.43,311.63,Corporate,Credit Card
ORD02158,13-08-2022,South,Pen,Office Supplies,121.86,9.34,Home Office,Cash on Delivery
ORD02159,14-07-2024,North,File Folder,Office Supplies,1427.78,217.03,Corporate,UPI
ORD02160,14-12-2024,North,Monitor,Technology,1103.07,278.62,Home Office,Credit Card
ORD02161,25-12-2022,East,Stapler,Office Supplies,1191.37,279.64,Home Office,Cash on Delivery
ORD02162,05-08-2022,West,Monitor,Technology,1254.59,117.9,Consumer,Credit Card
ORD02163,12-07-2024,West,Notebook,Office Supplies,887.65,128.37,Consumer,UPI
ORD02164,28-05-2022,West,Table,Furniture,468.5,125.41,Home Office,Credit Card
ORD02165,11-11-2022,South,Mouse,Technology,1499.54,230.32,Consumer,Prepaid
ORD02166,06-08-2024,South,File Folder,Office Supplies,492.43,116.05,Home Office,Prepaid
ORD02167,13-02-2022,East,Stapler,Office Supplies,1732.77,488.24,Corporate,UPI
ORD02168,30-09-2023,North,Bookshelf,Furniture,1441.25,102.91,Home Office,Cash on Delivery
ORD02169,21-09-2023,South,Keyboard,Technology,1956.34,424.5,Consumer,UPI
ORD02170,02-03-2023,North,Bookshelf,Furniture,1582.89,367.67,Consumer,UPI
ORD02171,25-10-2024,South,Laptop,Technology,1093.33,277.97,Corporate,Prepaid
ORD02172,18-09-2024,North,File Folder,Office Supplies,1376.89,303.05,Corporate,UPI
ORD02173,13-11-2024,North,Mouse,Technology,1826.06,311.73,Home Office,Prepaid
ORD02174,10-10-2024,North,Table,Furniture,1620.16,297.57,Home Office,Credit Card
ORD02175,17-07-2024,East,File Folder,Office Supplies,602.89,106.56,Home Office,Credit Card
ORD02176,09-06-2023,North,File Folder,Office Supplies,1130.47,298.15,Corporate,Prepaid
ORD02177,09-07-2022,North,Table,Furniture,715.49,68.73,Consumer,UPI
ORD02178,17-06-2023,West,Table,Furniture,1292.1,345.3,Consumer,Cash on Delivery
ORD02179,28-11-2023,East,Desk,Furniture,1583.05,203.3,Home Office,UPI
ORD02180,23-09-2023,East,Pen,Office Supplies,771.75,202.05,Home Office,Credit Card
ORD02181,02-08-2022,South,Chair,Furniture,682.3,134.57,Corporate,UPI
ORD02182,21-03-2023,South,Paper,Office Supplies,717.46,194.33,Consumer,UPI
ORD02183,13-10-2022,East,Monitor,Technology,536.63,120.1,Corporate,Prepaid
ORD02184,20-12-2023,North,Chair,Furniture,123.74,12.3,Home Office,Prepaid
ORD02185,21-03-2023,East,Keyboard,Technology,204.3,12.51,Corporate,Credit Card
ORD02186,06-08-2024,North,Pen,Office Supplies,1007.53,122.27,Consumer,Credit Card
ORD02187,20-09-2022,West,File Folder,Office Supplies,1239.21,111.85,Consumer,Cash on Delivery
ORD02188,03-07-2024,South,Printer,Technology,1669.41,135.35,Corporate,Cash on Delivery
ORD02189,02-07-2024,North,File Folder,Office Supplies,324.27,77.11,Home Office,Credit Card
ORD02190,12-11-2023,West,File Folder,Office Supplies,1765.88,172.46,Home Office,UPI
ORD02191,18-12-2023,South,Desk,Furniture,1793.91,278.21,Corporate,UPI
ORD02192,05-06-2022,North,Laptop,Technology,1941.05,144.34,Corporate,UPI
ORD02193,05-02-2022,North,Desk,Furniture,1173.85,180.07,Consumer,UPI
ORD02194,19-05-2022,South,Table,Furniture,524.49,100.94,Corporate,Prepaid
ORD02195,18-10-2022,East,Notebook,Office Supplies,354.73,24.55,Home Office,Cash on Delivery
ORD02196,16-08-2023,East,Keyboard,Technology,963.9,144.74,Corporate,UPI
ORD02197,31-12-2022,West,Laptop,Technology,891.2,234.16,Corporate,Cash on Delivery
ORD02198,28-03-2023,North,Mouse,Technology,863.74,159.28,Consumer,Cash on Delivery
ORD02199,28-04-2024,South,Chair,Furniture,1847.41,367.82,Consumer,Prepaid
ORD02200,16-11-2024,East,Monitor,Technology,430.98,53.13,Consumer,UPI
ORD02201,20-12-2024,East,Keyboard,Technology,947.39,244.69,Corporate,UPI
ORD02202,25-01-2022,East,Laptop,Technology,1714.73,181.98,Home Office,Prepaid
ORD02203,28-03-2023,South,Paper,Office Supplies,1100.95,296.08,Consumer,Credit Card
ORD02204,09-05-2022,South,Laptop,Technology,1940.64,300.82,Consumer,Prepaid
ORD02205,19-09-2023,North,Cabinet,Furniture,802.2,151.62,Corporate,UPI
ORD02206,01-03-2024,East,Pen,Office Supplies,342.02,17.52,Consumer,UPI
ORD02207,20-11-2022,East,Bookshelf,Furniture,239.55,33.13,Corporate,Prepaid
ORD02208,10-12-2023,South,Stapler,Office Supplies,1180.39,140.48,Home Office,Credit Card
ORD02209,28-09-2023,North,Laptop,Technology,640.8,65.63,Corporate,Prepaid
ORD02210,30-04-2023,East,Keyboard,Technology,830.68,212.44,Home Office,Cash on Delivery
ORD02211,21-05-2023,West,Bookshelf,Furniture,959.67,79.71,Consumer,Cash on Delivery
ORD02212,06-03-2024,North,Laptop,Technology,498.72,32.9,Consumer,UPI
ORD02213,27-10-2022,East,Table,Furniture,1664.67,194.72,Home Office,Prepaid
ORD02214,13-05-2022,West,Keyboard,Technology,814.55,51.4,Corporate,Prepaid
ORD02215,23-06-2024,North,Desk,Furniture,1884.8,260.53,Home Office,Cash on Delivery
ORD02216,05-04-2022,West,Cabinet,Furniture,1136.23,184.53,Corporate,Credit Card
ORD02217,04-05-2022,North,Laptop,Technology,1474.07,381.99,Corporate,Credit Card
ORD02218,15-01-2023,North,Printer,Technology,1140.99,188.53,Corporate,Credit Card
ORD02219,08-07-2023,South,Bookshelf,Furniture,399.16,114.14,Consumer,Prepaid
ORD02220,23-01-2022,South,Mouse,Technology,1168.64,72.06,Consumer,UPI
ORD02221,06-03-2024,North,Monitor,Technology,211.47,42.42,Consumer,UPI
ORD02222,13-06-2024,West,Paper,Office Supplies,1032.23,78.13,Home Office,Prepaid
ORD02223,16-12-2024,West,Bookshelf,Furniture,1230.09,222.22,Corporate,Cash on Delivery
ORD02224,08-12-2022,East,Stapler,Office Supplies,961.51,252.9,Consumer,Cash on Delivery
ORD02225,15-10-2023,East,Chair,Furniture,1874.97,166.6,Corporate,Cash on Delivery
ORD02226,28-02-2022,East,Laptop,Technology,366.43,45.7,Consumer,Prepaid
ORD02227,09-03-2022,West,Table,Furniture,1365.75,97.19,Home Office,UPI
ORD02228,28-11-2024,South,Desk,Furniture,1949.34,439.34,Home Office,Credit Card
ORD02229,22-07-2023,South,Cabinet,Furniture,1234.01,245.88,Corporate,UPI
ORD02230,12-12-2022,North,Pen,Office Supplies,1326.57,153.38,Consumer,Credit Card
ORD02231,03-11-2024,South,Chair,Furniture,1210.36,112.29,Home Office,UPI
ORD02232,01-11-2024,North,Printer,Technology,1668.54,222.38,Home Office,Credit Card
ORD02233,25-08-2023,West,Desk,Furniture,514.84,65.67,Consumer,Prepaid
ORD02234,17-12-2023,South,Mouse,Technology,1682.15,354.86,Home Office,UPI
ORD02235,30-09-2024,West,Monitor,Technology,338.67,26.67,Corporate,UPI
ORD02236,28-05-2023,West,Printer,Technology,976.73,192.09,Consumer,Prepaid
ORD02237,09-06-2024,South,Chair,Furniture,1259.93,162.94,Consumer,Credit Card
ORD02238,28-07-2022,North,Chair,Furniture,1898.31,177.24,Corporate,Credit Card
ORD02239,19-11-2024,North,Monitor,Technology,1071.51,269.59,Corporate,Prepaid
ORD02240,07-12-2022,West,Printer,Technology,1365.54,263.46,Consumer,UPI
ORD02241,29-04-2023,East,Paper,Office Supplies,137.93,29.37,Consumer,Cash on Delivery
ORD02242,02-01-2023,North,Pen,Office Supplies,1761.52,95.55,Home Office,Credit Card
ORD02243,27-03-2024,North,Mouse,Technology,1854.9,117.99,Corporate,Cash on Delivery
ORD02244,11-05-2022,North,File Folder,Office Supplies,256.88,59.18,Corporate,Cash on Delivery
ORD02245,24-02-2024,North,Printer,Technology,375.01,51.4,Consumer,UPI
ORD02246,12-12-2022,West,Printer,Technology,840.5,190.2,Consumer,Cash on Delivery
ORD02247,12-09-2022,North,Keyboard,Technology,717.05,136.74,Corporate,Credit Card
ORD02248,12-04-2024,East,Desk,Furniture,1567.28,308.9,Corporate,Prepaid
ORD02249,27-05-2022,East,Pen,Office Supplies,680.82,99.31,Home Office,Prepaid
ORD02250,19-01-2024,North,Notebook,Office Supplies,438.5,125.04,Corporate,Prepaid
ORD02251,03-07-2024,North,Monitor,Technology,1318.56,366.58,Consumer,Cash on Delivery
ORD02252,14-01-2024,East,Keyboard,Technology,1733.59,119.19,Home Office,UPI
ORD02253,15-10-2022,South,File Folder,Office Supplies,1569.58,326.3,Home Office,Cash on Delivery
ORD02254,31-03-2024,East,File Folder,Office Supplies,1962.15,146.56,Home Office,UPI
ORD02255,14-12-2022,East,Laptop,Technology,711.77,110.78,Home Office,Cash on Delivery
ORD02256,24-08-2023,North,Desk,Furniture,195.74,52.24,Consumer,UPI
ORD02257,09-09-2022,West,Bookshelf,Furniture,818.39,125.31,Corporate,Cash on Delivery
ORD02258,12-12-2022,West,Notebook,Office Supplies,1638.91,274.23,Home Office,Credit Card
ORD02259,21-07-2022,North,Desk,Furniture,1737.18,415.29,Corporate,Prepaid
ORD02260,18-03-2023,South,Stapler,Office Supplies,431.5,126.02,Corporate,Prepaid
ORD02261,27-02-2024,North,Printer,Technology,1656.59,174.46,Home Office,Prepaid
ORD02262,23-01-2023,South,Pen,Office Supplies,888.7,195.46,Corporate,UPI
ORD02263,21-07-2024,East,Notebook,Office Supplies,890.15,141.21,Home Office,UPI
ORD02264,08-07-2023,East,Chair,Furniture,1298.94,331.03,Home Office,UPI
ORD02265,05-06-2022,South,Stapler,Office Supplies,64.35,11.04,Consumer,Cash on Delivery
ORD02266,24-03-2023,East,Mouse,Technology,844.54,106.29,Consumer,UPI
ORD02267,27-02-2023,North,Desk,Furniture,961.29,153.64,Corporate,Credit Card
ORD02268,11-01-2022,East,Desk,Furniture,1188.88,235.69,Home Office,Cash on Delivery
ORD02269,25-01-2024,North,Table,Furniture,981.09,139.18,Corporate,Credit Card
ORD02270,12-08-2022,North,Chair,Furniture,765.83,178.83,Consumer,Prepaid
ORD02271,14-12-2023,South,Monitor,Technology,479.29,54.47,Consumer,Cash on Delivery
ORD02272,07-07-2024,East,Chair,Furniture,704.09,168.26,Home Office,UPI
ORD02273,06-04-2024,South,Monitor,Technology,352.82,66.86,Consumer,UPI
ORD02274,21-12-2023,South,Bookshelf,Furniture,1111.55,179.54,Corporate,Credit Card
ORD02275,15-01-2024,West,File Folder,Office Supplies,284.72,65.7,Consumer,Prepaid
ORD02276,12-10-2023,South,Desk,Furniture,601.16,139.82,Corporate,Cash on Delivery
ORD02277,04-03-2022,East,Bookshelf,Furniture,1360.5,281.03,Home Office,Cash on Delivery
ORD02278,18-07-2022,West,Desk,Furniture,1584.87,448.5,Home Office,Cash on Delivery
ORD02279,14-03-2022,North,Pen,Office Supplies,1136.59,72.04,Consumer,Prepaid
ORD02280,23-08-2022,South,Stapler,Office Supplies,1086.03,56.87,Home Office,Prepaid
ORD02281,15-05-2024,South,Cabinet,Furniture,1484.41,180.32,Consumer,Credit Card
ORD02282,22-07-2022,North,Keyboard,Technology,627.66,156.74,Home Office,UPI
ORD02283,01-08-2022,West,Chair,Furniture,53.64,7.13,Corporate,Cash on Delivery
ORD02284,21-02-2022,South,Notebook,Office Supplies,212.23,42.82,Home Office,Cash on Delivery
ORD02285,18-11-2022,North,Mouse,Technology,109.64,30.89,Corporate,Credit Card
ORD02286,18-06-2023,West,Chair,Furniture,1558.68,128.56,Consumer,Cash on Delivery
ORD02287,22-01-2022,North,Laptop,Technology,1021.46,75.86,Consumer,UPI
ORD02288,26-05-2022,South,Laptop,Technology,1046.2,254.61,Consumer,Credit Card
ORD02289,21-07-2024,South,Chair,Furniture,868.1,63.67,Consumer,UPI
ORD02290,09-11-2024,West,Laptop,Technology,1988.04,311.5,Corporate,UPI
ORD02291,08-11-2023,West,Laptop,Technology,1433.5,279.16,Home Office,UPI
ORD02292,15-02-2024,North,Laptop,Technology,200.17,16.4,Home Office,UPI
ORD02293,27-12-2022,North,Keyboard,Technology,1578.92,256.6,Corporate,Credit Card
ORD02294,20-09-2022,East,Monitor,Technology,341.41,91.76,Corporate,Credit Card
ORD02295,10-02-2023,West,Table,Furniture,407.33,60.35,Consumer,Credit Card
ORD02296,08-01-2023,West,Printer,Technology,1802.03,494.37,Corporate,UPI
ORD02297,29-03-2023,West,File Folder,Office Supplies,621.43,74.56,Consumer,Cash on Delivery
ORD02298,18-03-2022,South,Monitor,Technology,685.27,158.12,Consumer,UPI
ORD02299,07-02-2023,North,Stapler,Office Supplies,352.25,76.21,Home Office,Credit Card
ORD02300,21-02-2024,West,Keyboard,Technology,853.31,228.26,Consumer,Prepaid
ORD02301,22-03-2022,North,Paper,Office Supplies,100.57,27.93,Corporate,Cash on Delivery
ORD02302,19-11-2023,North,Table,Furniture,1170.37,67.05,Corporate,UPI
ORD02303,20-03-2023,South,Laptop,Technology,1386.25,325.19,Home Office,UPI
ORD02304,16-04-2023,South,Desk,Furniture,872.36,76.63,Corporate,Credit Card
ORD02305,26-07-2023,East,Desk,Furniture,831.32,225.04,Home Office,UPI
ORD02306,01-11-2024,West,Laptop,Technology,188.65,48.37,Home Office,Credit Card
ORD02307,10-05-2022,West,Cabinet,Furniture,1820.91,235.82,Corporate,Credit Card
ORD02308,28-11-2024,East,Pen,Office Supplies,1935.98,130.67,Corporate,Cash on Delivery
ORD02309,24-11-2023,West,Desk,Furniture,306.52,84.7,Home Office,Cash on Delivery
ORD02310,23-02-2023,South,Pen,Office Supplies,1725.6,396.96,Consumer,Credit Card
ORD02311,17-01-2022,East,Printer,Technology,886.3,244.83,Consumer,Credit Card
ORD02312,16-06-2023,West,Printer,Technology,1849.82,204.9,Home Office,Prepaid
ORD02313,22-03-2023,North,Monitor,Technology,1273.56,99.06,Home Office,Credit Card
ORD02314,19-05-2023,West,Cabinet,Furniture,214.9,48.68,Home Office,UPI
ORD02315,27-05-2023,East,File Folder,Office Supplies,1505.92,231.3,Consumer,UPI
ORD02316,04-07-2022,South,File Folder,Office Supplies,905.72,259.29,Home Office,Credit Card
ORD02317,22-07-2022,South,Mouse,Technology,913.05,249.01,Corporate,Cash on Delivery
ORD02318,15-04-2022,North,Stapler,Office Supplies,1691.8,331.47,Home Office,UPI
ORD02319,08-01-2022,East,Pen,Office Supplies,340.5,54.67,Home Office,Cash on Delivery
ORD02320,20-10-2022,South,Pen,Office Supplies,1900.18,154.6,Home Office,Cash on Delivery
ORD02321,21-12-2022,East,Desk,Furniture,723.69,103.91,Corporate,UPI
ORD02322,13-10-2022,West,Table,Furniture,531.91,88.02,Home Office,Prepaid
ORD02323,09-02-2024,North,Table,Furniture,648.99,35.35,Home Office,Cash on Delivery
ORD02324,22-05-2022,North,Notebook,Office Supplies,296.94,51.16,Consumer,Prepaid
ORD02325,15-09-2022,West,Stapler,Office Supplies,1080.54,201.01,Corporate,Cash on Delivery
ORD02326,03-09-2023,North,Chair,Furniture,1278.31,369.48,Consumer,Cash on Delivery
ORD02327,31-10-2023,North,Stapler,Office Supplies,1479.93,113.22,Corporate,Prepaid
ORD02328,04-09-2024,East,Desk,Furniture,1400.86,275.25,Corporate,Credit Card
ORD02329,26-03-2024,West,Printer,Technology,1890.25,436.89,Consumer,Credit Card
ORD02330,29-06-2023,West,Printer,Technology,556.55,124.05,Home Office,Prepaid
ORD02331,25-06-2022,West,Mouse,Technology,896.64,146.32,Corporate,Credit Card
ORD02332,01-10-2023,North,Chair,Furniture,1630.08,224.4,Consumer,UPI
ORD02333,09-02-2022,North,Stapler,Office Supplies,1927.77,526.99,Consumer,Credit Card
ORD02334,15-05-2023,South,Monitor,Technology,1630.74,382.21,Corporate,Credit Card
ORD02335,11-12-2022,West,File Folder,Office Supplies,110.54,28.9,Home Office,Credit Card
ORD02336,17-04-2023,West,Monitor,Technology,109.21,29.82,Corporate,Cash on Delivery
ORD02337,09-03-2022,South,Chair,Furniture,1669.12,424.82,Home Office,Credit Card
ORD02338,20-06-2024,South,Paper,Office Supplies,1361.28,276.94,Corporate,UPI
ORD02339,28-04-2023,West,Notebook,Office Supplies,1399.13,249.22,Consumer,Prepaid
ORD02340,10-12-2024,North,Paper,Office Supplies,356.59,59.66,Home Office,Cash on Delivery
ORD02341,13-04-2023,East,Notebook,Office Supplies,1336.66,197.82,Home Office,Prepaid
ORD02342,05-05-2024,North,Notebook,Office Supplies,523.79,86.02,Corporate,UPI
ORD02343,09-10-2022,East,Laptop,Technology,1377.66,114.1,Home Office,Credit Card
ORD02344,31-10-2024,North,Cabinet,Furniture,636.08,85.35,Consumer,Prepaid
ORD02345,08-12-2022,West,Monitor,Technology,762.07,136.59,Home Office,Cash on Delivery
ORD02346,04-03-2024,South,Laptop,Technology,1335.92,365.19,Corporate,Prepaid
ORD02347,01-05-2024,South,Monitor,Technology,253.47,60.2,Consumer,Cash on Delivery
ORD02348,25-05-2023,North,Printer,Technology,1610.6,312.11,Home Office,Cash on Delivery
ORD02349,21-02-2024,South,Stapler,Office Supplies,1987.77,253.76,Consumer,Prepaid
ORD02350,23-12-2022,West,Notebook,Office Supplies,1620.17,471.43,Consumer,Credit Card
ORD02351,01-05-2023,North,Desk,Furniture,1846.81,503.25,Home Office,Prepaid
ORD02352,20-06-2024,South,Paper,Office Supplies,797.05,50.85,Consumer,Cash on Delivery
ORD02353,15-06-2023,North,Laptop,Technology,1876.65,269.25,Home Office,Credit Card
ORD02354,08-07-2023,West,Stapler,Office Supplies,1471.18,278.07,Corporate,Cash on Delivery
ORD02355,08-05-2022,South,Cabinet,Furniture,1067.41,124.48,Consumer,Credit Card
ORD02356,09-11-2024,East,Desk,Furniture,1852.57,332.99,Home Office,Credit Card
ORD02357,03-12-2022,West,Stapler,Office Supplies,1224.68,260.48,Consumer,Credit Card
ORD02358,25-06-2024,West,Table,Furniture,653.58,165.6,Home Office,Prepaid
ORD02359,12-09-2023,South,Chair,Furniture,916.16,63.42,Corporate,Cash on Delivery
ORD02360,09-01-2023,East,Paper,Office Supplies,1161.12,272.18,Home Office,Cash on Delivery
ORD02361,13-09-2024,South,Table,Furniture,1616.7,427.54,Corporate,Credit Card
ORD02362,09-09-2024,North,Cabinet,Furniture,1702.93,154.4,Consumer,Cash on Delivery
ORD02363,24-05-2024,West,Pen,Office Supplies,1807.86,362.6,Home Office,Prepaid
ORD02364,08-07-2023,North,Notebook,Office Supplies,1134.16,186.6,Corporate,Credit Card
ORD02365,31-01-2023,West,Paper,Office Supplies,1367.44,251.84,Consumer,Credit Card
ORD02366,26-07-2022,South,Stapler,Office Supplies,1151.56,174.81,Corporate,UPI
ORD02367,18-05-2024,East,Laptop,Technology,1526.84,410.74,Consumer,UPI
ORD02368,17-06-2024,East,Desk,Furniture,1527.45,155.91,Corporate,UPI
ORD02369,08-12-2022,North,Table,Furniture,866.41,197.03,Home Office,Prepaid
ORD02370,19-09-2022,North,Table,Furniture,725.15,99.94,Consumer,Cash on Delivery
ORD02371,27-10-2022,North,Keyboard,Technology,1118.46,198.85,Home Office,UPI
ORD02372,02-09-2024,South,Bookshelf,Furniture,400.87,25.75,Home Office,UPI
ORD02373,19-09-2024,North,Printer,Technology,165.48,24.71,Corporate,Credit Card
ORD02374,13-07-2022,North,Mouse,Technology,1316.32,117.66,Home Office,Cash on Delivery
ORD02375,15-07-2023,West,Table,Furniture,1482.96,227.15,Corporate,Prepaid
ORD02376,12-08-2023,West,Desk,Furniture,1837.92,395.41,Home Office,UPI
ORD02377,28-11-2022,West,Paper,Office Supplies,970.62,250.31,Home Office,Cash on Delivery
ORD02378,06-04-2022,West,Mouse,Technology,466.57,118.98,Corporate,Credit Card
ORD02379,08-12-2022,South,Bookshelf,Furniture,1075.82,215.09,Consumer,Cash on Delivery
ORD02380,05-07-2022,East,Laptop,Technology,1302.03,241.76,Home Office,Cash on Delivery
ORD02381,21-10-2022,North,File Folder,Office Supplies,926.71,246.27,Home Office,Credit Card
ORD02382,05-02-2022,South,Cabinet,Furniture,1062.25,297.63,Home Office,Prepaid
ORD02383,23-12-2024,North,Chair,Furniture,1812.12,427.37,Home Office,UPI
ORD02384,02-07-2024,South,Laptop,Technology,817.57,243.3,Corporate,Credit Card
ORD02385,15-10-2023,East,Pen,Office Supplies,1181.11,118.65,Consumer,UPI
ORD02386,13-10-2023,South,Notebook,Office Supplies,533.19,90.89,Consumer,Prepaid
ORD02387,07-11-2022,West,Stapler,Office Supplies,1129.99,266.48,Corporate,UPI
ORD02388,13-07-2022,East,Mouse,Technology,1518.68,370.61,Consumer,UPI
ORD02389,09-01-2023,East,Stapler,Office Supplies,597.94,142.68,Consumer,Credit Card
ORD02390,22-02-2023,South,Printer,Technology,391.61,31.38,Corporate,Cash on Delivery
ORD02391,27-04-2023,West,Table,Furniture,446.94,133.56,Home Office,Prepaid
ORD02392,18-10-2022,South,Pen,Office Supplies,799.78,103.08,Consumer,Cash on Delivery
ORD02393,02-04-2023,North,Desk,Furniture,1340.76,211.05,Consumer,Credit Card
ORD02394,17-11-2024,North,Printer,Technology,748.87,145.23,Consumer,Credit Card
ORD02395,01-12-2024,East,Table,Furniture,1762.85,166.57,Consumer,Cash on Delivery
ORD02396,29-09-2023,East,Chair,Furniture,1696.12,400.46,Corporate,Credit Card
ORD02397,19-01-2023,West,Stapler,Office Supplies,918.78,80.72,Home Office,Credit Card
ORD02398,01-06-2022,South,Laptop,Technology,121.09,16.39,Corporate,Prepaid
ORD02399,19-06-2023,South,Laptop,Technology,1110.21,315.91,Corporate,Prepaid
ORD02400,14-05-2023,East,Keyboard,Technology,1609.76,341.47,Corporate,UPI
ORD02401,02-02-2024,East,Monitor,Technology,1274.69,110.07,Corporate,Prepaid
ORD02402,07-08-2023,East,Cabinet,Furniture,908.32,167.43,Home Office,Credit Card
ORD02403,29-05-2022,East,Paper,Office Supplies,1512.61,234.81,Home Office,Cash on Delivery
ORD02404,02-07-2022,North,Notebook,Office Supplies,1357.47,342.88,Corporate,Cash on Delivery
ORD02405,16-05-2024,East,Laptop,Technology,1636.6,237.25,Consumer,Cash on Delivery
ORD02406,28-05-2024,West,Printer,Technology,273.7,51.44,Home Office,Credit Card
ORD02407,04-12-2023,West,Mouse,Technology,1497.94,263.72,Corporate,UPI
ORD02408,27-06-2024,South,Monitor,Technology,917.11,237.53,Consumer,Cash on Delivery
ORD02409,29-04-2024,East,Cabinet,Furniture,1546.62,369.56,Consumer,Prepaid
ORD02410,21-03-2024,West,Notebook,Office Supplies,1170.2,105.56,Home Office,Cash on Delivery
ORD02411,15-03-2023,West,Table,Furniture,1731.6,310.26,Home Office,Credit Card
ORD02412,30-01-2024,West,Cabinet,Furniture,71.66,11.62,Corporate,Prepaid
ORD02413,11-05-2022,South,Printer,Technology,1449.77,226.4,Consumer,UPI
ORD02414,19-01-2022,North,Table,Furniture,1672.98,492.08,Consumer,Prepaid
ORD02415,17-09-2023,East,Paper,Office Supplies,913.22,128.29,Consumer,Credit Card
ORD02416,06-10-2023,West,Chair,Furniture,1064.69,107.45,Corporate,Cash on Delivery
ORD02417,15-05-2022,North,Monitor,Technology,1480.73,244.62,Consumer,Prepaid
ORD02418,23-10-2024,East,Chair,Furniture,1595.72,382.72,Corporate,Credit Card
ORD02419,26-04-2024,West,Notebook,Office Supplies,558.64,123.46,Corporate,UPI
ORD02420,22-01-2024,East,Chair,Furniture,1346.83,351.3,Corporate,Cash on Delivery
ORD02421,11-01-2023,North,Cabinet,Furniture,252.04,37.46,Home Office,Prepaid
ORD02422,28-08-2024,North,Stapler,Office Supplies,1088.84,256.58,Consumer,Credit Card
ORD02423,27-03-2022,South,Cabinet,Furniture,552.08,60.89,Corporate,Credit Card
ORD02424,26-09-2022,West,Notebook,Office Supplies,1746.46,264.11,Corporate,Credit Card
ORD02425,04-11-2022,South,Notebook,Office Supplies,1543.94,138.24,Consumer,UPI
ORD02426,30-06-2024,West,Paper,Office Supplies,1712.06,261.3,Consumer,UPI
ORD02427,15-01-2024,South,File Folder,Office Supplies,792.87,67.74,Home Office,Cash on Delivery
ORD02428,31-05-2023,North,Notebook,Office Supplies,1691.39,367.84,Corporate,Prepaid
ORD02429,13-11-2022,West,Laptop,Technology,370.93,105.04,Home Office,Credit Card
ORD02430,21-03-2024,East,Table,Furniture,126.91,33.68,Home Office,Cash on Delivery
ORD02431,08-03-2024,South,Bookshelf,Furniture,272.6,32.1,Home Office,Credit Card
ORD02432,05-12-2023,West,Desk,Furniture,1021.28,200.12,Corporate,UPI
ORD02433,08-06-2024,West,Chair,Furniture,1351.28,172.56,Corporate,Prepaid
ORD02434,12-01-2023,East,Desk,Furniture,390.34,105.22,Home Office,Cash on Delivery
ORD02435,13-02-2023,West,Laptop,Technology,77.67,10.45,Consumer,Credit Card
ORD02436,09-07-2024,East,Bookshelf,Furniture,695.48,56.13,Consumer,Prepaid
ORD02437,11-09-2023,East,Paper,Office Supplies,958.2,253.3,Home Office,Cash on Delivery
ORD02438,05-05-2022,East,Bookshelf,Furniture,528.2,53.91,Home Office,UPI
ORD02439,17-04-2024,South,Paper,Office Supplies,463.98,42.67,Consumer,Cash on Delivery
ORD02440,09-07-2023,South,Laptop,Technology,155.69,20.68,Corporate,Cash on Delivery
ORD02441,19-04-2022,East,Cabinet,Furniture,369.01,81.97,Consumer,Credit Card
ORD02442,03-09-2022,West,Keyboard,Technology,977.55,71.62,Home Office,UPI
ORD02443,13-01-2024,West,Monitor,Technology,288.17,15.34,Corporate,Prepaid
ORD02444,01-04-2022,West,Paper,Office Supplies,1783.85,473.84,Corporate,UPI
ORD02445,31-03-2023,East,Pen,Office Supplies,1146.77,235.57,Home Office,UPI
ORD02446,14-04-2022,West,Bookshelf,Furniture,401.54,61.56,Home Office,Prepaid
ORD02447,24-02-2023,North,Chair,Furniture,695.66,200.94,Corporate,Credit Card
ORD02448,17-09-2023,East,Monitor,Technology,1983.2,469.2,Consumer,Cash on Delivery
ORD02449,18-06-2024,North,Stapler,Office Supplies,1678,417.29,Corporate,Credit Card
ORD02450,18-04-2023,South,Chair,Furniture,321.47,77.06,Corporate,Prepaid
ORD02451,06-07-2022,East,Pen,Office Supplies,159.81,40.48,Consumer,Cash on Delivery
ORD02452,05-04-2024,North,Bookshelf,Furniture,533.53,145.62,Home Office,UPI
ORD02453,01-08-2023,North,Notebook,Office Supplies,1580.52,206.86,Consumer,Cash on Delivery
ORD02454,03-12-2023,West,File Folder,Office Supplies,857.78,208.87,Corporate,UPI
ORD02455,24-05-2023,West,Stapler,Office Supplies,1501.97,290.47,Home Office,Credit Card
ORD02456,12-07-2023,West,Printer,Technology,1870.67,291,Corporate,Prepaid
ORD02457,18-11-2022,South,Keyboard,Technology,1566.79,432.8,Home Office,Prepaid
ORD02458,11-02-2022,West,Printer,Technology,1249.06,143.95,Consumer,Credit Card
ORD02459,08-10-2024,East,File Folder,Office Supplies,748.68,97.5,Consumer,Credit Card
ORD02460,10-08-2023,South,Stapler,Office Supplies,378.1,106.01,Home Office,Prepaid
ORD02461,24-05-2022,South,Bookshelf,Furniture,685.09,177.14,Corporate,UPI
ORD02462,05-08-2022,East,Notebook,Office Supplies,368.72,60.2,Corporate,Prepaid
ORD02463,18-04-2024,West,Chair,Furniture,1133.33,171.49,Consumer,Credit Card
ORD02464,27-01-2024,South,Laptop,Technology,1467.36,286.71,Corporate,Cash on Delivery
ORD02465,15-04-2023,West,Paper,Office Supplies,976.54,195.41,Consumer,Prepaid
ORD02466,09-10-2022,East,Table,Furniture,476.86,102.3,Home Office,Prepaid
ORD02467,15-12-2024,East,Mouse,Technology,879.9,192.46,Home Office,Prepaid
ORD02468,01-06-2022,North,Mouse,Technology,588.13,134.7,Consumer,Prepaid
ORD02469,10-10-2022,South,Paper,Office Supplies,249.33,38.95,Consumer,Credit Card
ORD02470,22-01-2024,South,Chair,Furniture,194.44,28.88,Home Office,UPI
ORD02471,11-03-2023,South,Paper,Office Supplies,780.36,119.16,Home Office,Cash on Delivery
ORD02472,08-09-2023,South,Table,Furniture,233.84,51.93,Home Office,UPI
ORD02473,07-01-2022,North,Notebook,Office Supplies,1869.9,187.17,Home Office,Cash on Delivery
ORD02474,04-12-2023,North,Pen,Office Supplies,902.39,140.92,Corporate,Cash on Delivery
ORD02475,03-06-2023,West,Bookshelf,Furniture,1154.18,249.51,Corporate,Credit Card
ORD02476,26-01-2023,East,File Folder,Office Supplies,1157.4,291.02,Corporate,UPI
ORD02477,26-04-2024,East,Notebook,Office Supplies,874.73,258.8,Consumer,Cash on Delivery
ORD02478,04-02-2024,South,Printer,Technology,1047.06,76.14,Home Office,Cash on Delivery
ORD02479,29-07-2023,South,Laptop,Technology,678.03,54.61,Home Office,Prepaid
ORD02480,20-06-2024,West,Bookshelf,Furniture,217.55,20.21,Consumer,Credit Card
ORD02481,03-01-2024,North,Keyboard,Technology,702.48,79.26,Consumer,Prepaid
ORD02482,18-03-2023,North,Monitor,Technology,1036.53,198.56,Corporate,Cash on Delivery
ORD02483,19-12-2024,West,Table,Furniture,1363.68,283.25,Home Office,Cash on Delivery
ORD02484,22-10-2024,West,Notebook,Office Supplies,1538.64,183.23,Corporate,Cash on Delivery
ORD02485,18-07-2022,South,Table,Furniture,357.26,36.7,Home Office,Credit Card
ORD02486,29-03-2024,East,Cabinet,Furniture,316.83,88.27,Home Office,Cash on Delivery
ORD02487,01-08-2023,East,Notebook,Office Supplies,478.79,87.04,Home Office,Cash on Delivery
ORD02488,19-06-2022,North,Stapler,Office Supplies,1503.16,315.68,Consumer,Prepaid
ORD02489,10-04-2022,West,Notebook,Office Supplies,304.08,42.43,Corporate,Credit Card
ORD02490,14-12-2024,North,Printer,Technology,633.85,43.22,Corporate,Prepaid
ORD02491,11-08-2023,North,Stapler,Office Supplies,981.06,252.23,Home Office,Cash on Delivery
ORD02492,25-01-2022,South,Table,Furniture,1828.38,223.52,Consumer,UPI
ORD02493,26-09-2023,West,Table,Furniture,1171.64,297.09,Corporate,UPI
ORD02494,30-11-2023,South,Bookshelf,Furniture,589.98,159.72,Home Office,Prepaid
ORD02495,16-02-2022,South,Table,Furniture,1719.96,135.3,Consumer,Cash on Delivery
ORD02496,07-11-2024,South,Printer,Technology,1273.36,151.39,Corporate,Prepaid
ORD02497,07-09-2022,West,Desk,Furniture,1453.92,179.36,Corporate,Credit Card
ORD02498,10-08-2023,North,Printer,Technology,286.46,44.72,Home Office,Cash on Delivery
ORD02499,21-10-2024,North,Mouse,Technology,699.9,86.99,Consumer,UPI
ORD02500,14-04-2022,North,Laptop,Technology,1861.24,455.05,Home Office,Cash on Delivery
ORD02501,24-03-2022,West,Stapler,Office Supplies,422.82,94.36,Corporate,Credit Card
ORD02502,27-02-2022,North,Cabinet,Furniture,815.87,124.37,Home Office,Credit Card
ORD02503,12-05-2022,West,Monitor,Technology,1260.54,84.89,Consumer,UPI
ORD02504,04-05-2023,South,Bookshelf,Furniture,979.16,98.8,Home Office,Prepaid
ORD02505,05-10-2022,West,Bookshelf,Furniture,498.07,70.59,Consumer,Prepaid
ORD02506,02-09-2023,South,Pen,Office Supplies,1606.48,241,Corporate,Cash on Delivery
ORD02507,20-01-2022,East,File Folder,Office Supplies,1838.16,540.96,Corporate,Prepaid
ORD02508,16-04-2023,North,Mouse,Technology,1011.99,198.76,Home Office,UPI
ORD02509,16-10-2022,East,File Folder,Office Supplies,484.86,97.7,Home Office,Prepaid
ORD02510,12-05-2022,East,Monitor,Technology,1708.82,329.52,Consumer,UPI
ORD02511,19-01-2022,East,Laptop,Technology,627.16,108.56,Corporate,UPI
ORD02512,23-12-2022,West,Cabinet,Furniture,1698.25,432.59,Consumer,Cash on Delivery
ORD02513,28-05-2022,East,Pen,Office Supplies,1305.45,179.34,Home Office,Cash on Delivery
ORD02514,13-09-2023,East,Monitor,Technology,1982.84,384.82,Corporate,Cash on Delivery
ORD02515,08-11-2023,West,File Folder,Office Supplies,1553.52,109.41,Consumer,Prepaid
ORD02516,02-12-2022,North,Keyboard,Technology,494.44,63.5,Corporate,UPI
ORD02517,30-03-2024,North,Notebook,Office Supplies,317.27,80.33,Home Office,Prepaid
ORD02518,12-11-2024,South,Mouse,Technology,1607.2,443.88,Corporate,UPI
ORD02519,24-01-2024,North,Chair,Furniture,1770.52,389.5,Consumer,Prepaid
ORD02520,30-03-2024,North,Keyboard,Technology,505.21,149.41,Consumer,Prepaid
ORD02521,21-05-2022,South,Chair,Furniture,1398.85,310.94,Consumer,Cash on Delivery
ORD02522,25-04-2022,West,Pen,Office Supplies,418.73,51.46,Consumer,Credit Card
ORD02523,04-09-2024,West,Chair,Furniture,1027.65,253.58,Consumer,Credit Card
ORD02524,18-08-2024,East,Table,Furniture,1016.14,216.28,Consumer,UPI
ORD02525,22-03-2023,North,Laptop,Technology,415.36,49.46,Consumer,Cash on Delivery
ORD02526,13-03-2023,South,Notebook,Office Supplies,433.88,38.85,Consumer,Prepaid
ORD02527,30-11-2022,North,Laptop,Technology,661.4,93.98,Home Office,Prepaid
ORD02528,24-06-2022,North,File Folder,Office Supplies,917.74,220.89,Corporate,Prepaid
ORD02529,09-05-2022,North,Printer,Technology,561.49,120.68,Corporate,Prepaid
ORD02530,20-06-2024,East,Monitor,Technology,1970.25,277.35,Corporate,UPI
ORD02531,16-12-2024,North,Stapler,Office Supplies,159.55,45.65,Consumer,Credit Card
ORD02532,21-05-2023,South,Laptop,Technology,683.58,90.92,Home Office,Prepaid
ORD02533,20-07-2022,West,Printer,Technology,1801.63,234.97,Home Office,Prepaid
ORD02534,02-09-2024,East,Desk,Furniture,1823.62,127.64,Consumer,Prepaid
ORD02535,02-10-2024,West,Cabinet,Furniture,149.81,20.04,Consumer,UPI
ORD02536,01-02-2023,North,Chair,Furniture,1270.8,320.41,Home Office,Cash on Delivery
ORD02537,27-06-2022,East,Laptop,Technology,892.47,133.39,Home Office,UPI
ORD02538,29-09-2022,East,Paper,Office Supplies,1379.43,152.02,Home Office,Prepaid
ORD02539,05-09-2022,East,Chair,Furniture,998.81,206.28,Home Office,Cash on Delivery
ORD02540,30-06-2024,West,Keyboard,Technology,1389.78,143.9,Home Office,UPI
ORD02541,21-08-2024,North,Printer,Technology,901.7,149.83,Corporate,Prepaid
ORD02542,07-10-2022,North,Paper,Office Supplies,1149.48,306.62,Home Office,Cash on Delivery
ORD02543,12-08-2023,South,Chair,Furniture,962.92,48.85,Home Office,Credit Card
ORD02544,03-11-2022,West,Keyboard,Technology,53.31,6.78,Consumer,Prepaid
ORD02545,31-10-2022,West,Paper,Office Supplies,851.83,170.41,Home Office,UPI
ORD02546,06-05-2023,South,Paper,Office Supplies,1643.23,116.88,Corporate,Prepaid
ORD02547,02-12-2023,South,Printer,Technology,1910.67,343.17,Home Office,Prepaid
ORD02548,13-03-2022,West,Stapler,Office Supplies,1089.69,316.2,Consumer,Credit Card
ORD02549,13-06-2022,East,Desk,Furniture,1701.87,101.46,Home Office,UPI
ORD02550,18-10-2022,West,File Folder,Office Supplies,475.01,140.66,Home Office,Credit Card
ORD02551,19-10-2023,West,Table,Furniture,1835.27,512.86,Consumer,Credit Card
ORD02552,19-03-2022,East,Monitor,Technology,680,183.16,Consumer,UPI
ORD02553,06-01-2022,South,Paper,Office Supplies,1709.54,440.03,Consumer,Prepaid
ORD02554,03-05-2024,East,Cabinet,Furniture,1710.2,316.15,Home Office,UPI
ORD02555,18-11-2024,East,Cabinet,Furniture,1965.78,567.62,Consumer,UPI
ORD02556,05-03-2023,North,Cabinet,Furniture,1605.3,367.71,Consumer,Cash on Delivery
ORD02557,21-04-2022,West,Paper,Office Supplies,283.99,48.06,Home Office,Credit Card
ORD02558,08-02-2024,North,Table,Furniture,366.45,72.72,Corporate,Cash on Delivery
ORD02559,23-10-2022,South,Printer,Technology,1627,421.7,Home Office,Prepaid
ORD02560,03-06-2022,East,Mouse,Technology,226.06,12.75,Corporate,Cash on Delivery
ORD02561,20-12-2024,North,Desk,Furniture,250.2,39.36,Consumer,UPI
ORD02562,25-11-2022,South,Laptop,Technology,705.79,74.05,Consumer,Cash on Delivery
ORD02563,29-07-2024,South,Paper,Office Supplies,806.43,214.63,Home Office,UPI
ORD02564,16-05-2024,South,Bookshelf,Furniture,1902.11,308.11,Home Office,Cash on Delivery
ORD02565,25-01-2022,South,Desk,Furniture,1458.51,146.12,Consumer,Cash on Delivery
ORD02566,16-09-2023,East,Mouse,Technology,780.11,92.03,Consumer,Cash on Delivery
ORD02567,01-04-2022,East,Paper,Office Supplies,835.58,181.4,Corporate,Prepaid
ORD02568,20-03-2022,East,Notebook,Office Supplies,745.79,101.01,Home Office,UPI
ORD02569,25-07-2023,East,Paper,Office Supplies,1117.25,214.29,Corporate,UPI
ORD02570,01-12-2022,West,Table,Furniture,246.76,60.38,Home Office,Cash on Delivery
ORD02571,17-10-2022,West,Keyboard,Technology,1622.26,311.16,Corporate,Prepaid
ORD02572,05-09-2023,North,Cabinet,Furniture,639.42,143,Corporate,Credit Card
ORD02573,14-12-2022,East,Cabinet,Furniture,817.96,189.76,Home Office,Credit Card
ORD02574,06-01-2023,North,Monitor,Technology,811.14,85.42,Consumer,Cash on Delivery
ORD02575,14-11-2024,South,Pen,Office Supplies,613.75,174.46,Consumer,Cash on Delivery
ORD02576,22-04-2022,North,Cabinet,Furniture,1508.21,165.83,Consumer,Cash on Delivery
ORD02577,09-08-2024,East,Laptop,Technology,1207.71,209.3,Consumer,Cash on Delivery
ORD02578,12-08-2023,East,Cabinet,Furniture,507.24,40.19,Consumer,Cash on Delivery
ORD02579,12-04-2024,North,File Folder,Office Supplies,1189.48,144.79,Corporate,Credit Card
ORD02580,18-12-2022,North,Laptop,Technology,1790.35,402.68,Corporate,UPI
ORD02581,05-04-2023,South,Cabinet,Furniture,79.68,23.36,Consumer,Prepaid
ORD02582,07-08-2022,East,Bookshelf,Furniture,1093.69,67.83,Consumer,Credit Card
ORD02583,08-05-2022,South,Cabinet,Furniture,783.21,76.42,Corporate,Cash on Delivery
ORD02584,15-08-2022,North,Pen,Office Supplies,756.12,88.86,Home Office,Prepaid
ORD02585,16-08-2024,North,Table,Furniture,664.06,77.18,Corporate,Credit Card
ORD02586,23-12-2024,South,Notebook,Office Supplies,597.59,134.85,Consumer,Cash on Delivery
ORD02587,31-01-2022,South,Desk,Furniture,741.01,76.96,Home Office,Prepaid
ORD02588,13-11-2022,West,Laptop,Technology,1975.77,550.88,Corporate,Prepaid
ORD02589,22-07-2023,North,Chair,Furniture,1477.66,204.26,Corporate,Cash on Delivery
ORD02590,05-03-2023,South,Laptop,Technology,1180.17,343.24,Consumer,UPI
ORD02591,14-10-2024,North,Printer,Technology,266.66,57.6,Consumer,Credit Card
ORD02592,25-06-2023,West,Printer,Technology,1997.19,237.5,Consumer,Prepaid
ORD02593,30-10-2022,South,Keyboard,Technology,477.5,35.99,Consumer,Credit Card
ORD02594,13-06-2022,North,File Folder,Office Supplies,676.47,138.94,Corporate,Credit Card
ORD02595,29-10-2023,South,Laptop,Technology,1771.99,388.42,Consumer,UPI
ORD02596,17-12-2024,North,Paper,Office Supplies,1338.75,160.09,Home Office,UPI
ORD02597,10-10-2024,North,Laptop,Technology,1727.33,330.66,Corporate,UPI
ORD02598,14-10-2024,South,Printer,Technology,1259.6,204.62,Home Office,UPI
ORD02599,03-08-2023,North,Printer,Technology,544.72,90.2,Home Office,Credit Card
ORD02600,22-08-2024,East,Monitor,Technology,490.59,92.81,Consumer,UPI
ORD02601,27-12-2023,West,Pen,Office Supplies,1905.08,495.99,Consumer,Prepaid
ORD02602,05-12-2022,East,Chair,Furniture,347.42,74.43,Consumer,Credit Card
ORD02603,13-11-2023,East,Printer,Technology,308.12,47.96,Corporate,UPI
ORD02604,13-03-2022,North,Mouse,Technology,1406.14,286.3,Consumer,Credit Card
ORD02605,05-09-2022,East,Desk,Furniture,544.77,81.82,Home Office,Prepaid
ORD02606,02-07-2022,South,Stapler,Office Supplies,1629.79,84.58,Consumer,UPI
ORD02607,11-05-2023,West,Monitor,Technology,1604.11,292.37,Home Office,Cash on Delivery
ORD02608,22-03-2023,North,Chair,Furniture,1801.86,125.81,Consumer,UPI
ORD02609,02-05-2023,North,Bookshelf,Furniture,1822.61,266.79,Consumer,UPI
ORD02610,14-07-2023,West,Desk,Furniture,1744.8,133.6,Corporate,Credit Card
ORD02611,01-05-2022,North,Paper,Office Supplies,1432.26,386.52,Consumer,Cash on Delivery
ORD02612,22-01-2023,North,Paper,Office Supplies,785.76,130.42,Corporate,UPI
ORD02613,28-10-2024,West,Bookshelf,Furniture,1783.94,229.44,Corporate,Cash on Delivery
ORD02614,29-01-2023,North,Mouse,Technology,548.74,143.83,Corporate,Prepaid
ORD02615,20-07-2022,South,Pen,Office Supplies,535.96,39.98,Consumer,UPI
ORD02616,13-04-2023,East,Printer,Technology,1623.18,191.5,Home Office,Cash on Delivery
ORD02617,22-06-2023,North,Table,Furniture,1615.21,198.72,Corporate,Cash on Delivery
ORD02618,21-10-2022,South,Paper,Office Supplies,1490.66,109.98,Home Office,Prepaid
ORD02619,19-11-2022,South,Printer,Technology,138.7,21.34,Home Office,Cash on Delivery
ORD02620,11-08-2022,West,Cabinet,Furniture,1339.21,95.36,Consumer,Credit Card
ORD02621,29-10-2023,West,Mouse,Technology,1728.21,87.85,Consumer,Credit Card
ORD02622,02-03-2023,West,Monitor,Technology,1408.81,183.4,Home Office,Prepaid
ORD02623,02-08-2023,South,File Folder,Office Supplies,747.87,145.95,Consumer,Prepaid
ORD02624,16-03-2023,South,File Folder,Office Supplies,1937.61,244.17,Consumer,Credit Card
ORD02625,09-01-2024,South,Table,Furniture,82.22,12.34,Home Office,UPI
ORD02626,11-09-2022,North,Stapler,Office Supplies,1188.4,221.8,Consumer,UPI
ORD02627,04-02-2024,East,Table,Furniture,1947.95,445.12,Corporate,UPI
ORD02628,22-02-2023,North,File Folder,Office Supplies,1644.43,341.08,Consumer,Cash on Delivery
ORD02629,17-02-2024,North,Keyboard,Technology,1816.03,223.63,Home Office,Cash on Delivery
ORD02630,05-03-2023,North,Laptop,Technology,203.51,30.09,Home Office,Credit Card
ORD02631,06-06-2023,East,Bookshelf,Furniture,982.8,142.51,Home Office,Prepaid
ORD02632,28-11-2023,East,Chair,Furniture,478.84,99.27,Home Office,Credit Card
ORD02633,05-09-2024,North,Notebook,Office Supplies,1259.75,246.23,Consumer,Cash on Delivery
ORD02634,16-08-2022,South,Printer,Technology,1217.54,173.65,Consumer,Prepaid
ORD02635,26-11-2024,East,Bookshelf,Furniture,1177.83,283.66,Consumer,Cash on Delivery
ORD02636,02-05-2022,North,Printer,Technology,373.1,88.6,Home Office,Prepaid
ORD02637,10-11-2024,East,Keyboard,Technology,1606.68,92.27,Home Office,Credit Card
ORD02638,03-12-2024,North,Mouse,Technology,1780.4,230.24,Corporate,Cash on Delivery
ORD02639,15-03-2024,North,Notebook,Office Supplies,170.04,46.13,Home Office,Prepaid
ORD02640,13-02-2024,South,Printer,Technology,927.5,272.77,Home Office,Cash on Delivery
ORD02641,19-05-2023,West,Notebook,Office Supplies,1815.2,278.36,Corporate,UPI
ORD02642,23-10-2023,East,Laptop,Technology,484.24,99.66,Home Office,Prepaid
ORD02643,04-09-2023,North,Laptop,Technology,1621.96,119.96,Home Office,Prepaid
ORD02644,14-07-2022,West,Desk,Furniture,320.06,66.95,Consumer,Credit Card
ORD02645,02-02-2024,East,Printer,Technology,980.69,190.48,Consumer,UPI
ORD02646,15-03-2024,East,Stapler,Office Supplies,1276.6,208.9,Corporate,UPI
ORD02647,02-07-2024,East,Cabinet,Furniture,1086.37,204.6,Consumer,Cash on Delivery
ORD02648,16-03-2023,East,Printer,Technology,193,46.32,Home Office,Cash on Delivery
ORD02649,09-03-2023,North,Cabinet,Furniture,1779.06,492.16,Corporate,UPI
ORD02650,01-07-2023,South,Mouse,Technology,706.5,94.33,Home Office,Prepaid
ORD02651,04-10-2022,West,Notebook,Office Supplies,888.6,243.39,Home Office,Cash on Delivery
ORD02652,01-08-2022,North,Desk,Furniture,1746.3,169.48,Corporate,Credit Card
ORD02653,25-01-2023,North,Chair,Furniture,302.35,15.99,Consumer,Cash on Delivery
ORD02654,17-01-2023,North,Chair,Furniture,942.32,152.34,Corporate,Cash on Delivery
ORD02655,10-12-2024,North,Mouse,Technology,1111.04,106.79,Corporate,Credit Card
ORD02656,14-10-2023,South,Mouse,Technology,466.1,123.25,Corporate,Cash on Delivery
ORD02657,11-07-2024,East,Bookshelf,Furniture,738.1,60.86,Corporate,Prepaid
ORD02658,17-02-2023,South,Pen,Office Supplies,101.83,8.75,Home Office,Credit Card
ORD02659,07-12-2023,South,Bookshelf,Furniture,1192.86,175.96,Consumer,UPI
ORD02660,19-06-2022,West,Printer,Technology,772.94,83.54,Corporate,Cash on Delivery
ORD02661,01-05-2022,West,Keyboard,Technology,146.22,20.05,Home Office,UPI
ORD02662,06-07-2024,South,Mouse,Technology,648.23,56.57,Consumer,Credit Card
ORD02663,17-08-2022,East,Desk,Furniture,990.88,215.35,Corporate,Prepaid
ORD02664,13-08-2023,North,Stapler,Office Supplies,1642.76,283.19,Home Office,Prepaid
ORD02665,22-05-2023,East,File Folder,Office Supplies,216.94,34.03,Home Office,UPI
ORD02666,24-08-2024,East,Desk,Furniture,1642.74,332.64,Home Office,UPI
ORD02667,18-06-2022,West,Stapler,Office Supplies,224.88,16,Consumer,Cash on Delivery
ORD02668,27-11-2022,South,Stapler,Office Supplies,1299.54,356.9,Home Office,UPI
ORD02669,09-01-2022,South,Mouse,Technology,1059.91,223.42,Corporate,Credit Card
ORD02670,06-05-2022,North,Paper,Office Supplies,1255.39,122.13,Home Office,Credit Card
ORD02671,20-08-2023,South,File Folder,Office Supplies,251.85,56.2,Home Office,Credit Card
ORD02672,24-04-2022,East,Table,Furniture,1626.37,445.66,Consumer,Credit Card
ORD02673,03-10-2024,South,Printer,Technology,256.79,18.52,Consumer,Credit Card
ORD02674,19-10-2023,South,Mouse,Technology,1703.03,85.58,Corporate,Prepaid
ORD02675,01-02-2022,North,Cabinet,Furniture,147.49,43.23,Corporate,Prepaid
ORD02676,01-03-2024,East,Mouse,Technology,1088.22,67.29,Corporate,UPI
ORD02677,13-02-2022,South,Paper,Office Supplies,884,170.3,Home Office,Cash on Delivery
ORD02678,19-12-2024,West,Chair,Furniture,211.68,50.73,Consumer,Credit Card
ORD02679,24-01-2023,North,Printer,Technology,1375.74,101.31,Consumer,UPI
ORD02680,20-02-2023,North,File Folder,Office Supplies,918.5,110.44,Corporate,Cash on Delivery
ORD02681,29-07-2023,North,Paper,Office Supplies,1239.94,239.08,Corporate,UPI
ORD02682,18-02-2024,East,Keyboard,Technology,278.89,20.6,Corporate,Cash on Delivery
ORD02683,11-10-2023,North,Keyboard,Technology,756.66,150.6,Corporate,Prepaid
ORD02684,04-05-2022,South,Keyboard,Technology,1306.05,223.14,Home Office,Prepaid
ORD02685,27-04-2022,East,Paper,Office Supplies,1631.27,90.95,Home Office,Prepaid
ORD02686,05-02-2022,West,Pen,Office Supplies,407.29,32.21,Home Office,Prepaid
ORD02687,23-04-2022,South,Monitor,Technology,547.75,76.53,Corporate,Prepaid
ORD02688,12-07-2023,West,Printer,Technology,451.06,112.15,Consumer,UPI
ORD02689,23-03-2023,West,Monitor,Technology,1767.58,205.7,Corporate,UPI
ORD02690,20-05-2022,North,Paper,Office Supplies,1903,255.12,Consumer,Cash on Delivery
ORD02691,24-06-2023,South,Table,Furniture,1977.44,550.64,Corporate,Credit Card
ORD02692,20-08-2024,West,Stapler,Office Supplies,704.19,90.12,Consumer,Prepaid
ORD02693,14-09-2023,North,Laptop,Technology,1964.66,243.6,Home Office,Credit Card
ORD02694,04-05-2022,South,Notebook,Office Supplies,1631.63,209.95,Consumer,Prepaid
ORD02695,15-05-2022,East,Monitor,Technology,460.92,103.99,Corporate,UPI
ORD02696,01-02-2023,South,Keyboard,Technology,256.08,43.58,Corporate,Prepaid
ORD02697,10-09-2022,North,Stapler,Office Supplies,493.3,85.17,Consumer,Prepaid
ORD02698,30-11-2024,North,Printer,Technology,555.37,145.32,Corporate,Prepaid
ORD02699,27-12-2023,East,Chair,Furniture,494.15,108.98,Consumer,UPI
ORD02700,15-02-2022,East,Keyboard,Technology,1438.34,214.07,Home Office,Cash on Delivery
ORD02701,24-02-2022,West,Monitor,Technology,1928.11,331.76,Corporate,UPI
ORD02702,25-12-2023,West,Desk,Furniture,1348.63,78.56,Home Office,Credit Card
ORD02703,04-12-2023,South,Stapler,Office Supplies,744.12,179.4,Corporate,Prepaid
ORD02704,04-02-2024,North,Cabinet,Furniture,1789.64,348.63,Consumer,Prepaid
ORD02705,01-08-2024,West,Paper,Office Supplies,1688.54,433.37,Home Office,Prepaid
ORD02706,06-06-2023,West,Bookshelf,Furniture,575.15,50.97,Consumer,UPI
ORD02707,15-11-2023,North,Pen,Office Supplies,363.66,51.72,Corporate,Cash on Delivery
ORD02708,07-02-2022,West,Keyboard,Technology,622.17,164.5,Home Office,Prepaid
ORD02709,19-08-2023,South,Stapler,Office Supplies,637.98,39,Consumer,Prepaid
ORD02710,11-01-2022,East,Keyboard,Technology,680.32,203.88,Consumer,UPI
ORD02711,11-01-2022,North,Paper,Office Supplies,1917.77,391.58,Consumer,Cash on Delivery
ORD02712,03-12-2022,North,Desk,Furniture,1997.06,331.07,Corporate,Prepaid
ORD02713,14-01-2024,East,Mouse,Technology,1750.55,193.55,Corporate,UPI
ORD02714,05-12-2023,North,Cabinet,Furniture,1867.36,386.17,Corporate,Cash on Delivery
ORD02715,29-11-2022,West,Bookshelf,Furniture,266.59,25.7,Consumer,Prepaid
ORD02716,06-10-2023,North,Laptop,Technology,1651.17,234.85,Home Office,Credit Card
ORD02717,15-05-2022,East,Notebook,Office Supplies,1836.53,531.7,Consumer,Credit Card
ORD02718,21-01-2024,North,Pen,Office Supplies,848.36,193.55,Corporate,Prepaid
ORD02719,31-05-2023,South,Keyboard,Technology,641.77,131.05,Home Office,Cash on Delivery
ORD02720,31-08-2022,West,Chair,Furniture,933.87,259.86,Corporate,Cash on Delivery
ORD02721,20-03-2023,North,Paper,Office Supplies,359.98,86.83,Home Office,Credit Card
ORD02722,23-07-2023,East,Printer,Technology,1492,186.6,Consumer,Prepaid
ORD02723,05-07-2022,East,Keyboard,Technology,974.5,152.35,Home Office,Credit Card
ORD02724,22-08-2024,North,File Folder,Office Supplies,741.33,176.24,Home Office,Cash on Delivery
ORD02725,02-11-2023,West,Chair,Furniture,306.04,23.85,Home Office,Cash on Delivery
ORD02726,25-12-2022,East,Cabinet,Furniture,1383.36,92.23,Home Office,UPI
ORD02727,07-12-2022,East,Stapler,Office Supplies,734.6,81.57,Home Office,UPI
ORD02728,17-12-2023,North,Chair,Furniture,1557.4,221.36,Home Office,Credit Card
ORD02729,06-03-2024,North,Mouse,Technology,1829,143.68,Consumer,Cash on Delivery
ORD02730,02-01-2023,South,Printer,Technology,1718.31,312.68,Corporate,Cash on Delivery
ORD02731,23-02-2022,East,Pen,Office Supplies,1179.34,181.97,Consumer,Credit Card
ORD02732,10-01-2023,East,Desk,Furniture,741.83,171.48,Home Office,Cash on Delivery
ORD02733,10-12-2023,East,Paper,Office Supplies,1358.29,387.86,Corporate,Credit Card
ORD02734,13-05-2024,North,Printer,Technology,117.1,7.96,Consumer,Cash on Delivery
ORD02735,16-06-2023,West,File Folder,Office Supplies,1110.66,301.22,Home Office,UPI
ORD02736,02-02-2024,East,Cabinet,Furniture,1863.71,478.36,Home Office,UPI
ORD02737,19-02-2022,East,Table,Furniture,1304.82,309.57,Home Office,Credit Card
ORD02738,30-05-2023,West,Keyboard,Technology,1376.16,303.55,Home Office,UPI
ORD02739,16-05-2022,North,Bookshelf,Furniture,1223.51,149.69,Home Office,Cash on Delivery
ORD02740,08-11-2022,North,Desk,Furniture,531.23,125.3,Home Office,Credit Card
ORD02741,28-12-2024,East,Cabinet,Furniture,1132.92,70.23,Consumer,UPI
ORD02742,09-08-2023,East,Chair,Furniture,1173.65,94.55,Consumer,Credit Card
ORD02743,07-01-2023,North,File Folder,Office Supplies,109.3,6.46,Consumer,Credit Card
ORD02744,23-09-2022,North,Printer,Technology,349.84,57.24,Home Office,UPI
ORD02745,19-08-2024,North,Cabinet,Furniture,289.55,53,Corporate,Prepaid
ORD02746,17-06-2024,East,Cabinet,Furniture,950.13,107.06,Home Office,UPI
ORD02747,06-07-2023,East,File Folder,Office Supplies,1256.17,168.67,Home Office,UPI
ORD02748,07-05-2023,North,Pen,Office Supplies,461.7,31.58,Corporate,UPI
ORD02749,13-09-2022,East,Notebook,Office Supplies,641.65,156.05,Home Office,Credit Card
ORD02750,30-08-2024,North,Mouse,Technology,773.28,161.25,Home Office,Prepaid
ORD02751,01-11-2023,South,Keyboard,Technology,1908.39,493.03,Consumer,Prepaid
ORD02752,31-08-2023,South,Desk,Furniture,310.6,67.54,Corporate,Credit Card
ORD02753,22-11-2022,West,Bookshelf,Furniture,150.26,25.91,Home Office,UPI
ORD02754,16-02-2024,South,Printer,Technology,553.68,162.13,Corporate,Prepaid
ORD02755,02-03-2023,East,Cabinet,Furniture,138.19,21.96,Home Office,Prepaid
ORD02756,28-01-2023,South,Cabinet,Furniture,1741.31,500.1,Home Office,UPI
ORD02757,24-06-2022,South,Desk,Furniture,409,96.67,Home Office,Credit Card
ORD02758,21-03-2023,South,Desk,Furniture,1953.7,212.53,Corporate,Credit Card
ORD02759,20-06-2022,East,Laptop,Technology,1469.16,415.61,Corporate,Prepaid
ORD02760,13-12-2022,South,Pen,Office Supplies,114.69,12.34,Home Office,Credit Card
ORD02761,30-01-2024,East,Printer,Technology,233.18,26.52,Home Office,Credit Card
ORD02762,25-09-2023,South,Paper,Office Supplies,194.4,27.14,Home Office,Cash on Delivery
ORD02763,24-06-2022,South,Desk,Furniture,703.02,88.28,Home Office,Credit Card
ORD02764,29-11-2023,West,Monitor,Technology,558.53,163.45,Corporate,UPI
ORD02765,05-09-2023,South,Mouse,Technology,768.49,100.79,Consumer,Cash on Delivery
ORD02766,25-09-2022,South,File Folder,Office Supplies,1651.22,92.3,Consumer,UPI
ORD02767,22-01-2022,North,Bookshelf,Furniture,1073.33,145.32,Home Office,Prepaid
ORD02768,21-04-2024,North,Desk,Furniture,601.56,46.71,Corporate,Credit Card
ORD02769,11-04-2023,South,Pen,Office Supplies,1398.63,83.97,Corporate,Credit Card
ORD02770,07-12-2023,South,Laptop,Technology,52.68,10.19,Consumer,Cash on Delivery
ORD02771,25-04-2023,East,Laptop,Technology,762.4,142.91,Consumer,Cash on Delivery
ORD02772,20-11-2024,South,Stapler,Office Supplies,1606,119.59,Corporate,Credit Card
ORD02773,30-08-2024,North,Mouse,Technology,332.97,19.25,Home Office,UPI
ORD02774,27-04-2024,North,Chair,Furniture,778.96,60.04,Consumer,Cash on Delivery
ORD02775,15-07-2023,South,Pen,Office Supplies,1382.15,139.1,Home Office,Prepaid
ORD02776,19-09-2022,North,Printer,Technology,391.23,109.81,Corporate,Cash on Delivery
ORD02777,04-01-2024,West,Cabinet,Furniture,498.89,49.76,Consumer,Cash on Delivery
ORD02778,10-08-2024,West,Notebook,Office Supplies,1844.18,464.01,Home Office,UPI
ORD02779,14-04-2022,South,Bookshelf,Furniture,1440.18,361.77,Corporate,Credit Card
ORD02780,09-02-2024,East,Bookshelf,Furniture,1520.43,233.11,Corporate,UPI
ORD02781,22-12-2023,South,Notebook,Office Supplies,752.97,220.52,Corporate,UPI
ORD02782,22-08-2024,North,Stapler,Office Supplies,1496.73,95.02,Corporate,Credit Card
ORD02783,12-03-2024,West,Bookshelf,Furniture,1386.11,240.81,Consumer,Credit Card
ORD02784,18-12-2023,North,Stapler,Office Supplies,575.94,62.26,Corporate,UPI
ORD02785,11-10-2024,East,File Folder,Office Supplies,1168.25,320.25,Home Office,UPI
ORD02786,08-02-2024,South,Desk,Furniture,1494.43,322.52,Corporate,Prepaid
ORD02787,17-03-2024,South,Stapler,Office Supplies,1293.1,317.23,Consumer,Prepaid
ORD02788,29-04-2024,East,Chair,Furniture,527.16,103.11,Corporate,UPI
ORD02789,04-04-2022,North,Cabinet,Furniture,342.92,80.55,Home Office,Prepaid
ORD02790,01-08-2024,West,Monitor,Technology,386.88,26.98,Corporate,Credit Card
ORD02791,29-02-2024,South,Printer,Technology,1623.67,180.09,Consumer,Credit Card
ORD02792,19-04-2024,South,Monitor,Technology,1208.11,118.04,Corporate,Credit Card
ORD02793,17-10-2024,West,Mouse,Technology,714.51,76.6,Corporate,Credit Card
ORD02794,02-03-2023,South,Bookshelf,Furniture,206.04,44.75,Home Office,Credit Card
ORD02795,27-05-2023,South,Table,Furniture,1464.56,123.24,Home Office,Prepaid
ORD02796,07-10-2023,East,Laptop,Technology,1697.48,211.82,Home Office,Cash on Delivery
ORD02797,13-11-2024,West,Paper,Office Supplies,790.72,192.35,Corporate,Prepaid
ORD02798,14-11-2023,West,Chair,Furniture,1477.57,190.07,Corporate,Credit Card
ORD02799,28-05-2022,West,Stapler,Office Supplies,1866.62,150.14,Corporate,Credit Card
ORD02800,28-11-2024,East,File Folder,Office Supplies,1807.76,208.54,Corporate,Prepaid
ORD02801,09-11-2023,East,Keyboard,Technology,1983.42,456.39,Corporate,Credit Card
ORD02802,25-03-2024,East,Cabinet,Furniture,1543.55,414.73,Home Office,Cash on Delivery
ORD02803,23-09-2022,West,Stapler,Office Supplies,1336.47,400.57,Corporate,Cash on Delivery
ORD02804,15-12-2023,North,Table,Furniture,1702.59,355.26,Consumer,Cash on Delivery
ORD02805,14-02-2022,South,Desk,Furniture,1994.23,317.43,Home Office,Credit Card
ORD02806,30-05-2023,West,Bookshelf,Furniture,692.1,37.74,Corporate,UPI
ORD02807,03-10-2024,North,Bookshelf,Furniture,1385.19,97.28,Home Office,Prepaid
ORD02808,22-08-2024,East,Table,Furniture,89.44,12.17,Consumer,Prepaid
ORD02809,24-12-2023,West,File Folder,Office Supplies,1850.87,387.15,Consumer,Prepaid
ORD02810,09-11-2022,West,Monitor,Technology,901.31,60.98,Corporate,UPI
ORD02811,08-01-2024,North,Laptop,Technology,584.43,90.07,Home Office,Credit Card
ORD02812,27-05-2023,South,Laptop,Technology,1558.89,201.85,Consumer,Cash on Delivery
ORD02813,29-05-2024,West,Laptop,Technology,1623.53,295.74,Home Office,UPI
ORD02814,16-08-2023,West,Paper,Office Supplies,1086.18,291.23,Consumer,Cash on Delivery
ORD02815,15-06-2022,West,Laptop,Technology,1160.72,278.86,Home Office,Credit Card
ORD02816,23-12-2024,South,Bookshelf,Furniture,1045.53,246.2,Consumer,UPI
ORD02817,02-05-2022,West,Laptop,Technology,821.86,159.06,Consumer,UPI
ORD02818,24-01-2024,West,File Folder,Office Supplies,617.73,66.68,Corporate,Prepaid
ORD02819,02-09-2022,South,Chair,Furniture,1898.69,370.23,Corporate,Credit Card
ORD02820,08-06-2022,North,Stapler,Office Supplies,1304.15,73.01,Consumer,Prepaid
ORD02821,22-10-2022,South,Cabinet,Furniture,1210.56,290.75,Home Office,Credit Card
ORD02822,28-04-2024,West,Notebook,Office Supplies,1222.1,269.57,Consumer,Cash on Delivery
ORD02823,05-02-2022,East,File Folder,Office Supplies,498.93,123.38,Home Office,Credit Card
ORD02824,30-05-2022,South,Paper,Office Supplies,1734.99,466.8,Home Office,Cash on Delivery
ORD02825,05-03-2022,North,Table,Furniture,1831.8,462.89,Consumer,Credit Card
ORD02826,26-05-2023,East,Monitor,Technology,368.71,48.59,Home Office,Prepaid
ORD02827,23-07-2024,South,Keyboard,Technology,1897.99,114.58,Home Office,UPI
ORD02828,01-06-2022,East,Keyboard,Technology,657.63,191.3,Corporate,UPI
ORD02829,20-09-2023,West,Printer,Technology,379.12,19.99,Home Office,Cash on Delivery
ORD02830,07-10-2023,East,Pen,Office Supplies,1515.73,286.48,Consumer,Prepaid
ORD02831,03-03-2024,West,Bookshelf,Furniture,175.09,39.27,Corporate,Prepaid
ORD02832,27-01-2024,South,File Folder,Office Supplies,1468.76,233.01,Consumer,Prepaid
ORD02833,05-12-2023,North,Stapler,Office Supplies,63.17,14.28,Corporate,UPI
ORD02834,24-09-2022,West,Printer,Technology,922.75,135.44,Home Office,Cash on Delivery
ORD02835,03-06-2024,West,Stapler,Office Supplies,160.87,16.9,Consumer,UPI
ORD02836,27-09-2022,South,Paper,Office Supplies,1993.54,464.89,Home Office,Prepaid
ORD02837,09-02-2024,North,Mouse,Technology,1846.08,404.56,Corporate,UPI
ORD02838,01-11-2023,West,Cabinet,Furniture,1643.85,483.47,Consumer,Cash on Delivery
ORD02839,03-06-2023,East,File Folder,Office Supplies,818.57,210.61,Corporate,Prepaid
ORD02840,23-07-2023,West,Bookshelf,Furniture,1253.53,306.76,Home Office,Credit Card
ORD02841,03-01-2023,East,Keyboard,Technology,883.04,136.22,Consumer,Credit Card
ORD02842,17-03-2024,North,Bookshelf,Furniture,1571.16,470.06,Consumer,Cash on Delivery
ORD02843,30-03-2024,East,Monitor,Technology,583.01,108.38,Home Office,UPI
ORD02844,24-10-2023,South,Table,Furniture,116.26,10.5,Consumer,UPI
ORD02845,17-09-2023,West,Keyboard,Technology,657.79,53.43,Consumer,Prepaid
ORD02846,08-02-2024,North,Bookshelf,Furniture,308.71,18.71,Corporate,UPI
ORD02847,09-12-2022,South,Chair,Furniture,1874.36,446.71,Consumer,Prepaid
ORD02848,27-04-2023,North,Stapler,Office Supplies,375.75,58.66,Corporate,Credit Card
ORD02849,26-03-2023,North,Printer,Technology,594.94,142.01,Home Office,UPI
ORD02850,18-10-2023,West,Laptop,Technology,91.88,13.87,Corporate,Prepaid
ORD02851,26-11-2022,South,Laptop,Technology,207.27,58.73,Corporate,Prepaid
ORD02852,18-11-2022,East,File Folder,Office Supplies,1426.55,345.82,Corporate,Prepaid
ORD02853,09-12-2022,South,Mouse,Technology,1839.87,426.47,Consumer,Prepaid
ORD02854,06-11-2022,West,Stapler,Office Supplies,180.57,25.79,Home Office,Credit Card
ORD02855,01-12-2024,South,Keyboard,Technology,787.25,174.04,Consumer,Prepaid
ORD02856,06-01-2023,North,Laptop,Technology,801.8,140.94,Consumer,Cash on Delivery
ORD02857,02-02-2023,South,File Folder,Office Supplies,1671.26,114,Corporate,Prepaid
ORD02858,16-12-2024,South,Bookshelf,Furniture,1226.92,105.22,Consumer,Prepaid
ORD02859,14-09-2024,North,Cabinet,Furniture,646.72,166.24,Consumer,UPI
ORD02860,27-12-2023,East,Paper,Office Supplies,692.88,56.71,Home Office,Credit Card
ORD02861,13-05-2022,North,Pen,Office Supplies,727.63,161.91,Corporate,Credit Card
ORD02862,25-05-2022,West,Mouse,Technology,1105.64,79.02,Corporate,UPI
ORD02863,26-11-2024,North,Table,Furniture,1682.83,197.07,Consumer,UPI
ORD02864,18-09-2023,West,File Folder,Office Supplies,831.78,200.35,Consumer,Prepaid
ORD02865,07-02-2023,South,Keyboard,Technology,1123.42,289.07,Corporate,UPI
ORD02866,22-06-2024,East,Mouse,Technology,1863.43,499.2,Consumer,Cash on Delivery
ORD02867,13-05-2023,West,File Folder,Office Supplies,1556.65,454.31,Corporate,Credit Card
ORD02868,23-01-2022,West,Bookshelf,Furniture,1156.53,68.49,Corporate,Cash on Delivery
ORD02869,12-02-2022,West,Mouse,Technology,1817,407.95,Consumer,Credit Card
ORD02870,05-08-2023,South,Paper,Office Supplies,1928.44,548.58,Consumer,Credit Card
ORD02871,10-07-2023,South,Cabinet,Furniture,62.57,15.04,Home Office,Prepaid
ORD02872,26-02-2024,West,Monitor,Technology,1482.15,155.62,Home Office,UPI
ORD02873,13-03-2022,West,Mouse,Technology,1633.1,87.24,Consumer,Prepaid
ORD02874,26-10-2024,North,Cabinet,Furniture,252.55,58.49,Corporate,Cash on Delivery
ORD02875,06-01-2023,South,Printer,Technology,1960.22,101.16,Corporate,Prepaid
ORD02876,05-11-2024,South,Cabinet,Furniture,851.64,204.72,Corporate,Cash on Delivery
ORD02877,23-11-2023,South,Cabinet,Furniture,677.22,200.85,Consumer,Prepaid
ORD02878,01-12-2022,North,Desk,Furniture,1761.69,492.03,Consumer,Prepaid
ORD02879,20-02-2023,North,Paper,Office Supplies,935.59,174.12,Home Office,Credit Card
ORD02880,26-05-2023,West,Cabinet,Furniture,1098.47,111.7,Home Office,Cash on Delivery
ORD02881,12-07-2023,South,Stapler,Office Supplies,1219.03,74.39,Home Office,Credit Card
ORD02882,22-06-2022,West,Keyboard,Technology,264.8,44.09,Home Office,Cash on Delivery
ORD02883,20-12-2024,South,Desk,Furniture,1921.25,292.16,Consumer,Prepaid
ORD02884,11-01-2022,South,Bookshelf,Furniture,1531.07,271.87,Consumer,UPI
ORD02885,07-08-2022,West,Printer,Technology,842.98,186.22,Corporate,Cash on Delivery
ORD02886,20-05-2024,West,Cabinet,Furniture,1678.08,201.74,Corporate,Credit Card
ORD02887,11-05-2023,South,Stapler,Office Supplies,370.29,55.79,Corporate,Credit Card
ORD02888,06-02-2022,South,Stapler,Office Supplies,1494.14,373.96,Corporate,UPI
ORD02889,05-12-2024,South,Table,Furniture,1855.58,380.28,Home Office,UPI
ORD02890,20-10-2023,East,Stapler,Office Supplies,1298.99,238.92,Home Office,Credit Card
ORD02891,17-03-2022,North,File Folder,Office Supplies,859.01,100.93,Corporate,UPI
ORD02892,29-06-2022,West,Bookshelf,Furniture,113.85,16.49,Consumer,Cash on Delivery
ORD02893,04-04-2023,East,Pen,Office Supplies,294.71,31.38,Consumer,Cash on Delivery
ORD02894,26-04-2022,South,Paper,Office Supplies,697.9,128.32,Home Office,Prepaid
ORD02895,12-09-2022,West,Chair,Furniture,932.43,112.75,Consumer,Cash on Delivery
ORD02896,02-05-2022,West,Keyboard,Technology,814.84,127.81,Consumer,Cash on Delivery
ORD02897,30-07-2024,South,Chair,Furniture,233.48,37.72,Corporate,Cash on Delivery
ORD02898,17-05-2023,West,Pen,Office Supplies,1071.93,237.43,Consumer,UPI
ORD02899,09-06-2024,West,Table,Furniture,1761.9,195.02,Corporate,UPI
ORD02900,13-01-2023,East,File Folder,Office Supplies,1167,157.32,Consumer,Credit Card
ORD02901,25-06-2022,South,File Folder,Office Supplies,1255.16,341.86,Corporate,Cash on Delivery
ORD02902,08-05-2022,South,Paper,Office Supplies,914.56,256.4,Home Office,Prepaid
ORD02903,24-08-2022,East,Desk,Furniture,399.04,53.33,Consumer,Credit Card
ORD02904,14-08-2024,South,Printer,Technology,1297.69,107.87,Corporate,Credit Card
ORD02905,12-01-2024,North,Keyboard,Technology,828.96,174.22,Corporate,Prepaid
ORD02906,31-05-2024,South,Desk,Furniture,858.85,147.07,Consumer,Credit Card
ORD02907,04-10-2024,East,Cabinet,Furniture,322.17,44.45,Home Office,Cash on Delivery
ORD02908,22-12-2022,South,Notebook,Office Supplies,1344.5,219.25,Home Office,Credit Card
ORD02909,27-12-2024,North,Chair,Furniture,654.9,55.24,Corporate,UPI
ORD02910,08-05-2022,West,Cabinet,Furniture,708.95,128.07,Consumer,Prepaid
ORD02911,16-01-2024,West,Table,Furniture,1700.01,291.74,Corporate,Credit Card
ORD02912,12-05-2023,East,Table,Furniture,1254.74,170.85,Corporate,Cash on Delivery
ORD02913,08-03-2023,North,Printer,Technology,1474.34,323.62,Consumer,Credit Card
ORD02914,28-06-2024,North,Bookshelf,Furniture,450.93,99.82,Consumer,Prepaid
ORD02915,25-08-2023,North,Mouse,Technology,1626.8,460.51,Consumer,Credit Card
ORD02916,09-06-2024,South,Paper,Office Supplies,518.65,154.05,Consumer,Credit Card
ORD02917,04-03-2023,West,Chair,Furniture,213.96,51.85,Home Office,Cash on Delivery
ORD02918,10-07-2024,East,Cabinet,Furniture,330.25,21.81,Consumer,UPI
ORD02919,03-11-2024,West,Cabinet,Furniture,285.52,80.32,Corporate,Cash on Delivery
ORD02920,30-03-2024,West,Printer,Technology,90.3,9.05,Home Office,Cash on Delivery
ORD02921,18-04-2022,East,Mouse,Technology,703.21,195.67,Home Office,UPI
ORD02922,10-10-2024,West,Desk,Furniture,1255.12,356.34,Home Office,Cash on Delivery
ORD02923,01-05-2022,North,Pen,Office Supplies,1303.98,359.93,Consumer,UPI
ORD02924,03-11-2024,East,Desk,Furniture,1480.3,165.41,Corporate,UPI
ORD02925,30-05-2023,North,Chair,Furniture,1737.74,323.31,Corporate,Credit Card
ORD02926,14-12-2024,South,Keyboard,Technology,777.85,77.62,Consumer,UPI
ORD02927,09-09-2023,East,Keyboard,Technology,1937.84,539.1,Corporate,Credit Card
ORD02928,25-07-2024,North,Bookshelf,Furniture,176.47,43.68,Consumer,UPI
ORD02929,08-05-2023,East,Pen,Office Supplies,522.94,135.63,Home Office,Prepaid
ORD02930,14-02-2024,South,Desk,Furniture,1687.38,238.41,Home Office,Cash on Delivery
ORD02931,22-02-2023,North,Desk,Furniture,111.45,19.89,Home Office,Credit Card
ORD02932,20-02-2024,South,Pen,Office Supplies,125.09,14.89,Home Office,Credit Card
ORD02933,26-10-2024,North,Monitor,Technology,786.96,154.01,Corporate,Cash on Delivery
ORD02934,26-10-2023,North,Mouse,Technology,1019.94,90.79,Corporate,Credit Card
ORD02935,13-08-2023,North,Stapler,Office Supplies,1662.73,346.28,Home Office,Credit Card
ORD02936,30-05-2022,South,Notebook,Office Supplies,910.3,234.41,Home Office,Prepaid
ORD02937,08-01-2023,East,Stapler,Office Supplies,672.34,166.31,Consumer,Prepaid
ORD02938,29-12-2024,West,Paper,Office Supplies,1318.01,159.21,Corporate,UPI
ORD02939,02-06-2024,North,Bookshelf,Furniture,155.04,24.82,Consumer,Prepaid
ORD02940,09-08-2024,West,Desk,Furniture,1964.28,571.2,Home Office,Credit Card
ORD02941,25-11-2024,North,Laptop,Technology,180.21,45.38,Home Office,Prepaid
ORD02942,07-11-2022,North,Chair,Furniture,361.83,88.99,Consumer,Prepaid
ORD02943,16-06-2023,East,Printer,Technology,72.51,10.82,Home Office,Prepaid
ORD02944,12-04-2023,West,Monitor,Technology,1368.69,73.95,Consumer,Prepaid
ORD02945,06-04-2023,West,Table,Furniture,642.81,70.68,Corporate,UPI
ORD02946,30-08-2023,West,Mouse,Technology,1259.6,153.74,Corporate,UPI
ORD02947,30-10-2024,South,Notebook,Office Supplies,1194.85,228.43,Consumer,Cash on Delivery
ORD02948,05-10-2024,South,Printer,Technology,872.03,150.49,Consumer,Prepaid
ORD02949,30-08-2023,West,Pen,Office Supplies,1750.1,109.15,Home Office,Credit Card
ORD02950,27-04-2022,North,Table,Furniture,1611.22,94.03,Consumer,Credit Card
ORD02951,14-10-2022,South,Table,Furniture,1162.14,262.44,Consumer,UPI
ORD02952,21-11-2024,South,Table,Furniture,471.8,48.79,Home Office,Prepaid
ORD02953,17-01-2024,East,File Folder,Office Supplies,207.82,38.65,Consumer,Prepaid
ORD02954,13-09-2022,South,Printer,Technology,1671.83,318.8,Home Office,UPI
ORD02955,10-01-2023,East,Chair,Furniture,1787.1,321.89,Consumer,UPI
ORD02956,15-05-2022,North,Table,Furniture,862.2,130.16,Home Office,UPI
ORD02957,11-10-2023,East,Pen,Office Supplies,294.88,35.87,Corporate,Cash on Delivery
ORD02958,09-08-2022,West,File Folder,Office Supplies,1433.39,378.26,Home Office,Credit Card
ORD02959,25-12-2024,West,Notebook,Office Supplies,913.48,53.1,Home Office,UPI
ORD02960,08-10-2024,East,Monitor,Technology,694.79,186.75,Corporate,UPI
ORD02961,18-05-2023,North,Printer,Technology,367.01,92.26,Corporate,UPI
ORD02962,12-04-2022,East,Stapler,Office Supplies,62.71,4.48,Corporate,Prepaid
ORD02963,29-05-2022,West,Mouse,Technology,1732.12,389.68,Corporate,Prepaid
ORD02964,07-11-2022,West,Cabinet,Furniture,1744.14,269.58,Home Office,UPI
ORD02965,13-11-2023,East,Paper,Office Supplies,1261.65,208.7,Home Office,Prepaid
ORD02966,02-10-2024,South,Paper,Office Supplies,56.4,8.67,Home Office,Prepaid
ORD02967,22-10-2023,South,Mouse,Technology,1472.32,247.75,Corporate,Credit Card
ORD02968,09-02-2022,West,Pen,Office Supplies,119.49,6.39,Corporate,Prepaid
ORD02969,27-07-2022,South,Table,Furniture,748.21,141.32,Corporate,Prepaid
ORD02970,01-08-2023,North,Keyboard,Technology,558.91,45.5,Corporate,UPI
ORD02971,05-01-2023,North,Notebook,Office Supplies,1796.03,416.36,Home Office,Cash on Delivery
ORD02972,16-12-2024,South,File Folder,Office Supplies,965.58,251.85,Home Office,Credit Card
ORD02973,05-04-2023,South,Paper,Office Supplies,1634.57,168.18,Home Office,Cash on Delivery
ORD02974,14-03-2023,West,Laptop,Technology,497.58,93.1,Corporate,UPI
ORD02975,13-12-2023,East,Chair,Furniture,627.63,58.69,Corporate,UPI
ORD02976,24-01-2023,South,Laptop,Technology,1116.16,201.1,Corporate,Cash on Delivery
ORD02977,03-12-2023,East,Pen,Office Supplies,1724.47,280.85,Corporate,UPI
ORD02978,14-06-2023,East,Pen,Office Supplies,1555.33,224.88,Consumer,UPI
ORD02979,22-04-2024,West,Chair,Furniture,1308.53,82.52,Home Office,Credit Card
ORD02980,19-07-2024,West,Bookshelf,Furniture,1648.66,450.1,Corporate,Cash on Delivery
ORD02981,26-01-2024,South,Monitor,Technology,1353.39,362.35,Corporate,UPI
ORD02982,07-01-2023,South,Bookshelf,Furniture,168.99,30.71,Corporate,UPI
ORD02983,24-12-2024,North,Monitor,Technology,1716.79,213.61,Home Office,Prepaid
ORD02984,29-03-2024,North,Printer,Technology,732.83,187.88,Consumer,Credit Card
ORD02985,02-03-2024,North,Bookshelf,Furniture,1703.85,476.86,Home Office,Cash on Delivery
ORD02986,04-10-2022,East,Keyboard,Technology,593.97,70.62,Corporate,Credit Card
ORD02987,10-07-2023,South,Pen,Office Supplies,1258.29,121.01,Consumer,UPI
ORD02988,12-05-2024,East,Mouse,Technology,1786.36,111.35,Home Office,Prepaid
ORD02989,25-04-2023,East,Table,Furniture,1927.94,536.28,Home Office,Cash on Delivery
ORD02990,26-09-2022,North,Keyboard,Technology,1650.94,389.06,Consumer,UPI
ORD02991,06-01-2023,East,Paper,Office Supplies,513.33,104.25,Home Office,Cash on Delivery
ORD02992,11-02-2024,South,Monitor,Technology,330.26,31.52,Consumer,Credit Card
ORD02993,16-10-2022,South,Table,Furniture,1767.85,372.7,Corporate,Credit Card
ORD02994,01-01-2024,North,Monitor,Technology,1928.04,115.11,Consumer,Cash on Delivery
ORD02995,24-11-2022,West,Monitor,Technology,354.16,32.25,Consumer,Credit Card
ORD02996,17-09-2023,East,Bookshelf,Furniture,180.98,22.08,Corporate,Credit Card
ORD02997,14-02-2023,East,File Folder,Office Supplies,1962.3,227.53,Corporate,Cash on Delivery
ORD02998,01-12-2024,North,Mouse,Technology,967.81,59.49,Home Office,UPI
ORD02999,19-09-2024,West,Laptop,Technology,1246.78,333.01,Consumer,Credit Card
ORD03000,26-08-2023,West,Notebook,Office Supplies,438.12,59.13,Home Office,Credit Card
ORD03001,13-04-2024,East,Mouse,Technology,414.3,29.71,Corporate,Credit Card
ORD03002,04-09-2022,South,Notebook,Office Supplies,1629.71,146.6,Consumer,Credit Card
ORD03003,20-08-2023,North,Notebook,Office Supplies,1097.88,135.02,Consumer,Cash on Delivery
ORD03004,17-11-2024,West,Desk,Furniture,1381.1,76.76,Home Office,Prepaid
ORD03005,13-05-2022,West,Cabinet,Furniture,1523.26,180.24,Corporate,Credit Card
ORD03006,26-01-2022,East,Desk,Furniture,1305.12,371.75,Home Office,Cash on Delivery
ORD03007,25-10-2024,East,Monitor,Technology,1218.04,327.87,Consumer,Credit Card
ORD03008,03-02-2024,North,Keyboard,Technology,67.43,9.54,Consumer,Cash on Delivery
ORD03009,26-10-2024,South,Chair,Furniture,342.34,40.56,Consumer,Prepaid
ORD03010,24-03-2022,North,Stapler,Office Supplies,183.13,16.52,Home Office,Credit Card
ORD03011,31-03-2024,East,Chair,Furniture,1586.67,420.04,Consumer,Cash on Delivery
ORD03012,24-07-2024,East,Keyboard,Technology,1790.54,437.44,Home Office,UPI
ORD03013,13-08-2022,South,Desk,Furniture,1876.55,421.51,Consumer,Cash on Delivery
ORD03014,11-09-2023,West,Mouse,Technology,738.31,137.91,Consumer,Cash on Delivery
ORD03015,05-05-2022,North,Pen,Office Supplies,1710.71,415.84,Home Office,Prepaid
ORD03016,11-04-2024,North,Pen,Office Supplies,394.88,58.89,Corporate,UPI
ORD03017,10-02-2024,West,Paper,Office Supplies,1394.19,212.95,Consumer,UPI
ORD03018,10-05-2024,North,Mouse,Technology,1591.82,95.11,Consumer,Credit Card
ORD03019,02-01-2024,North,Stapler,Office Supplies,223.31,16.81,Home Office,Credit Card
ORD03020,08-07-2022,North,File Folder,Office Supplies,923.42,263.66,Corporate,Cash on Delivery
ORD03021,03-12-2023,West,File Folder,Office Supplies,1756.11,315.66,Corporate,Cash on Delivery
ORD03022,12-03-2022,West,Cabinet,Furniture,1231.27,319.26,Home Office,Prepaid
ORD03023,30-11-2022,South,Laptop,Technology,132.14,34.34,Corporate,UPI
ORD03024,12-07-2024,West,Laptop,Technology,849.27,157.24,Consumer,UPI
ORD03025,28-08-2023,South,Keyboard,Technology,1199.52,181.07,Corporate,Credit Card
ORD03026,18-05-2022,West,Pen,Office Supplies,1411.07,154.79,Consumer,Prepaid
ORD03027,11-04-2023,North,Stapler,Office Supplies,1831.26,544.56,Consumer,Cash on Delivery
ORD03028,11-10-2023,North,Mouse,Technology,240.88,52.43,Corporate,Cash on Delivery
ORD03029,05-04-2023,North,Bookshelf,Furniture,1718.56,334.85,Corporate,UPI
ORD03030,19-02-2024,East,Desk,Furniture,945.45,244.73,Home Office,Credit Card
ORD03031,04-08-2024,South,Laptop,Technology,140.05,30.74,Consumer,Cash on Delivery
ORD03032,26-09-2023,East,Stapler,Office Supplies,1687.01,442.15,Corporate,Prepaid
ORD03033,15-01-2023,East,Bookshelf,Furniture,534.3,111.36,Corporate,Cash on Delivery
ORD03034,20-02-2023,South,Cabinet,Furniture,789.53,99.89,Home Office,Prepaid
ORD03035,17-07-2023,South,Notebook,Office Supplies,701.66,134.77,Corporate,Cash on Delivery
ORD03036,22-06-2024,North,Bookshelf,Furniture,1292.32,185.59,Corporate,Prepaid
ORD03037,25-04-2023,South,Laptop,Technology,1898.78,119.03,Corporate,Cash on Delivery
ORD03038,14-12-2022,South,File Folder,Office Supplies,1597.12,122.5,Home Office,Prepaid
ORD03039,30-06-2023,South,Desk,Furniture,199.88,43.53,Consumer,UPI
ORD03040,23-05-2024,North,Stapler,Office Supplies,1935.32,439.53,Corporate,Cash on Delivery
ORD03041,30-07-2022,East,File Folder,Office Supplies,853.81,206.21,Consumer,Prepaid
ORD03042,23-11-2022,East,Keyboard,Technology,1888.77,531.09,Home Office,Credit Card
ORD03043,01-04-2024,North,Laptop,Technology,157.96,8.07,Home Office,UPI
ORD03044,11-03-2022,South,Pen,Office Supplies,645.32,86.52,Home Office,Prepaid
ORD03045,13-02-2022,South,Table,Furniture,1650.9,229.23,Consumer,UPI
ORD03046,30-08-2023,West,Monitor,Technology,152.16,11.47,Home Office,UPI
ORD03047,25-04-2023,East,Notebook,Office Supplies,689.53,189.12,Corporate,Credit Card
ORD03048,17-09-2024,West,Notebook,Office Supplies,1270.46,137.04,Consumer,Cash on Delivery
ORD03049,24-07-2022,West,File Folder,Office Supplies,1582.01,471.99,Consumer,Cash on Delivery
ORD03050,26-01-2022,East,Desk,Furniture,329.42,21.11,Corporate,Prepaid
ORD03051,07-11-2024,East,Cabinet,Furniture,1122.26,113.95,Corporate,Prepaid
ORD03052,20-01-2024,West,File Folder,Office Supplies,621.69,112.83,Consumer,Prepaid
ORD03053,18-12-2023,North,Printer,Technology,143.54,40.14,Corporate,Credit Card
ORD03054,05-09-2023,East,Printer,Technology,657.95,176.84,Home Office,Credit Card
ORD03055,10-07-2023,South,Pen,Office Supplies,1421.7,368.89,Consumer,UPI
ORD03056,10-01-2022,North,Pen,Office Supplies,1828.33,328.59,Corporate,Prepaid
ORD03057,07-03-2022,West,Chair,Furniture,1102.7,185.09,Consumer,Credit Card
ORD03058,04-08-2024,South,Keyboard,Technology,181.72,12.72,Consumer,Credit Card
ORD03059,09-10-2023,East,Mouse,Technology,460.93,52.3,Corporate,UPI
ORD03060,17-03-2023,East,Pen,Office Supplies,580.7,95.47,Consumer,UPI
ORD03061,30-09-2024,North,Stapler,Office Supplies,1368.71,245.11,Corporate,Credit Card
ORD03062,07-02-2024,South,Keyboard,Technology,456.29,47.81,Consumer,Credit Card
ORD03063,21-01-2024,West,Pen,Office Supplies,1724.21,89.47,Home Office,Prepaid
ORD03064,04-02-2023,West,Monitor,Technology,425.07,105.99,Consumer,Prepaid
ORD03065,26-05-2022,East,Mouse,Technology,510.32,91.44,Consumer,Cash on Delivery
ORD03066,17-07-2024,West,Mouse,Technology,455.15,50.64,Corporate,Credit Card
ORD03067,12-08-2024,East,Keyboard,Technology,1712.96,228.98,Consumer,Credit Card
ORD03068,15-11-2023,West,Cabinet,Furniture,1934.49,133.54,Consumer,Cash on Delivery
ORD03069,04-09-2024,South,Mouse,Technology,644.6,138.12,Home Office,Cash on Delivery
ORD03070,30-11-2024,North,Printer,Technology,1369.93,344.86,Consumer,UPI
ORD03071,29-03-2022,South,Laptop,Technology,192.75,28.9,Consumer,Prepaid
ORD03072,25-07-2024,South,Stapler,Office Supplies,738.57,99.55,Consumer,Credit Card
ORD03073,09-05-2024,South,Monitor,Technology,1341.63,182.43,Consumer,UPI
ORD03074,23-12-2022,West,Stapler,Office Supplies,276.03,49.26,Corporate,Prepaid
ORD03075,17-11-2022,South,Table,Furniture,1327.22,332.17,Consumer,UPI
ORD03076,12-08-2024,South,Laptop,Technology,592.95,121.87,Consumer,Prepaid
ORD03077,08-10-2022,North,Laptop,Technology,171.94,15.17,Home Office,UPI
ORD03078,03-09-2023,North,Notebook,Office Supplies,128.66,16.18,Consumer,Credit Card
ORD03079,24-08-2024,East,Keyboard,Technology,213.57,44.45,Home Office,UPI
ORD03080,22-03-2022,South,Laptop,Technology,898.19,150.25,Corporate,Credit Card
ORD03081,05-02-2024,South,Bookshelf,Furniture,1689.16,298.64,Home Office,Cash on Delivery
ORD03082,09-07-2023,North,Keyboard,Technology,427.3,109.13,Corporate,Prepaid
ORD03083,10-06-2024,West,Paper,Office Supplies,970.3,67.69,Corporate,Prepaid
ORD03084,25-04-2023,South,Chair,Furniture,1148.98,147.99,Corporate,Prepaid
ORD03085,28-07-2022,East,Stapler,Office Supplies,1718.21,474.06,Home Office,Credit Card
ORD03086,03-02-2022,North,Bookshelf,Furniture,1493.14,332.81,Corporate,Prepaid
ORD03087,17-01-2022,South,Cabinet,Furniture,216.61,51.99,Corporate,Prepaid
ORD03088,30-06-2024,West,Printer,Technology,627.3,93.15,Home Office,UPI
ORD03089,04-02-2023,South,Notebook,Office Supplies,1323.75,309.44,Home Office,Cash on Delivery
ORD03090,22-01-2024,North,Mouse,Technology,827.85,93.2,Consumer,UPI
ORD03091,05-09-2024,South,Mouse,Technology,195.9,54.71,Consumer,UPI
ORD03092,02-08-2024,South,Monitor,Technology,1590.49,129.17,Corporate,Prepaid
ORD03093,17-08-2023,West,Desk,Furniture,1593.69,337.25,Consumer,Credit Card
ORD03094,14-08-2023,North,File Folder,Office Supplies,110.09,28.99,Consumer,Credit Card
ORD03095,02-04-2023,North,Chair,Furniture,1362.71,240.17,Consumer,Prepaid
ORD03096,28-05-2022,North,Bookshelf,Furniture,1617.84,375.66,Home Office,UPI
ORD03097,12-10-2022,South,Notebook,Office Supplies,1473.65,295.7,Corporate,Credit Card
ORD03098,14-07-2022,West,Mouse,Technology,352.2,67.55,Corporate,UPI
ORD03099,07-04-2024,North,Chair,Furniture,1906.36,272.54,Consumer,Cash on Delivery
ORD03100,08-09-2022,East,Pen,Office Supplies,510.79,40.38,Consumer,Credit Card
ORD03101,05-08-2024,West,Pen,Office Supplies,1805.26,486.8,Corporate,Cash on Delivery
ORD03102,21-06-2023,North,Keyboard,Technology,109.7,7.15,Consumer,Credit Card
ORD03103,25-09-2024,South,Monitor,Technology,1210.57,321.5,Consumer,Prepaid
ORD03104,29-09-2024,East,Monitor,Technology,812.8,190.1,Home Office,Cash on Delivery
ORD03105,17-09-2024,South,Laptop,Technology,1705.71,192.05,Home Office,Cash on Delivery
ORD03106,24-12-2024,West,Monitor,Technology,1111.52,64.41,Home Office,Cash on Delivery
ORD03107,29-07-2023,West,Stapler,Office Supplies,664.89,47.73,Home Office,UPI
ORD03108,14-05-2022,South,Table,Furniture,1219.71,240.19,Home Office,Prepaid
ORD03109,02-12-2023,East,Keyboard,Technology,1606.3,439.45,Home Office,Credit Card
ORD03110,10-05-2022,North,Printer,Technology,1702.79,378.68,Consumer,Prepaid
ORD03111,23-06-2023,West,Cabinet,Furniture,816.79,58.98,Corporate,Credit Card
ORD03112,09-04-2022,West,File Folder,Office Supplies,1294.84,69.66,Home Office,UPI
ORD03113,31-03-2024,North,Printer,Technology,704.37,92.64,Home Office,UPI
ORD03114,02-11-2023,East,Paper,Office Supplies,428.94,57.74,Consumer,UPI
ORD03115,18-04-2022,East,File Folder,Office Supplies,1489.85,153.58,Corporate,Cash on Delivery
ORD03116,02-09-2024,South,Table,Furniture,238.33,39.52,Consumer,Credit Card
ORD03117,04-02-2024,North,Notebook,Office Supplies,1457.71,238.43,Home Office,Cash on Delivery
ORD03118,01-11-2024,West,Pen,Office Supplies,1116.27,334.03,Home Office,UPI
ORD03119,28-01-2022,West,Laptop,Technology,245.34,25.6,Corporate,Credit Card
ORD03120,24-05-2024,North,Mouse,Technology,883.96,166.7,Home Office,UPI
ORD03121,30-12-2023,South,Notebook,Office Supplies,1840.98,461.5,Consumer,Cash on Delivery
ORD03122,21-03-2023,South,Table,Furniture,1535.57,428.84,Corporate,Credit Card
ORD03123,18-08-2024,South,Laptop,Technology,415.32,89.43,Home Office,Cash on Delivery
ORD03124,22-12-2022,South,Printer,Technology,741.63,57.63,Corporate,Cash on Delivery
ORD03125,16-01-2022,North,Cabinet,Furniture,1803.02,173.75,Home Office,Credit Card
ORD03126,17-10-2022,North,Keyboard,Technology,1609.67,302.96,Home Office,Cash on Delivery
ORD03127,17-02-2023,East,Chair,Furniture,1530.7,194.01,Consumer,Credit Card
ORD03128,27-07-2022,North,File Folder,Office Supplies,1122.63,79.71,Corporate,Cash on Delivery
ORD03129,25-08-2024,West,Desk,Furniture,694.1,91.39,Corporate,Credit Card
ORD03130,21-02-2023,East,Cabinet,Furniture,1404.26,145.77,Home Office,Credit Card
ORD03131,20-07-2023,West,File Folder,Office Supplies,837.62,154.88,Consumer,Credit Card
ORD03132,18-08-2024,North,Printer,Technology,756.52,187.65,Home Office,Prepaid
ORD03133,26-03-2023,North,Mouse,Technology,1018.23,265.3,Consumer,Cash on Delivery
ORD03134,12-06-2024,West,Monitor,Technology,1898.64,161.94,Consumer,Prepaid
ORD03135,10-08-2024,East,Paper,Office Supplies,629.85,69.29,Corporate,Credit Card
ORD03136,26-02-2023,East,Table,Furniture,137.33,19.78,Corporate,UPI
ORD03137,30-04-2022,West,Keyboard,Technology,1703.8,327.03,Corporate,Credit Card
ORD03138,20-01-2024,East,Monitor,Technology,469.63,69.4,Consumer,Prepaid
ORD03139,06-06-2022,West,File Folder,Office Supplies,1876.07,268.56,Consumer,UPI
ORD03140,19-10-2022,South,Keyboard,Technology,274.34,45.98,Consumer,Credit Card
ORD03141,06-09-2023,East,Chair,Furniture,87.13,10.74,Home Office,Credit Card
ORD03142,03-05-2022,South,Cabinet,Furniture,323.92,91.71,Corporate,Prepaid
ORD03143,01-10-2023,West,Pen,Office Supplies,905,184.41,Home Office,UPI
ORD03144,31-03-2022,North,Printer,Technology,647.96,185.61,Consumer,Cash on Delivery
ORD03145,10-11-2024,West,Notebook,Office Supplies,1033.31,127.04,Corporate,Cash on Delivery
ORD03146,01-10-2024,East,Cabinet,Furniture,898.51,176.26,Corporate,Cash on Delivery
ORD03147,29-03-2023,South,Monitor,Technology,359.45,51.96,Corporate,Cash on Delivery
ORD03148,14-01-2024,North,Stapler,Office Supplies,1779.34,507.96,Consumer,UPI
ORD03149,23-08-2022,North,Keyboard,Technology,1978.24,356.1,Home Office,Cash on Delivery
ORD03150,18-10-2024,West,Bookshelf,Furniture,1466.37,191.91,Corporate,Cash on Delivery
ORD03151,02-09-2023,North,Table,Furniture,1103.1,170.62,Consumer,UPI
ORD03152,28-01-2024,North,Paper,Office Supplies,358.67,43.09,Corporate,UPI
ORD03153,09-09-2023,West,Cabinet,Furniture,976.65,277.72,Consumer,Prepaid
ORD03154,15-09-2022,West,Stapler,Office Supplies,851.09,142.04,Corporate,Cash on Delivery
ORD03155,01-11-2022,West,Laptop,Technology,1177.07,316.38,Corporate,UPI
ORD03156,02-01-2024,North,Cabinet,Furniture,606.85,63.6,Home Office,Credit Card
ORD03157,16-11-2022,West,Laptop,Technology,1010.99,81.73,Home Office,Cash on Delivery
ORD03158,20-12-2023,East,Laptop,Technology,1904.66,474.54,Corporate,Prepaid
ORD03159,14-06-2024,West,Pen,Office Supplies,1746.44,393.2,Home Office,Prepaid
ORD03160,10-08-2023,North,Printer,Technology,1991.25,414.21,Consumer,Prepaid
ORD03161,17-10-2022,East,Keyboard,Technology,1735.54,142.5,Corporate,UPI
ORD03162,22-11-2024,South,Notebook,Office Supplies,1721.87,136.03,Corporate,UPI
ORD03163,26-04-2023,South,Chair,Furniture,1315.7,100.8,Home Office,Prepaid
ORD03164,17-07-2023,North,Cabinet,Furniture,1114.04,222.62,Corporate,UPI
ORD03165,07-02-2024,West,Notebook,Office Supplies,1029.01,97.24,Consumer,Prepaid
ORD03166,17-08-2022,East,Chair,Furniture,674.72,125.2,Corporate,Cash on Delivery
ORD03167,14-06-2022,North,Cabinet,Furniture,493.94,34.84,Home Office,Prepaid
ORD03168,17-05-2024,West,Cabinet,Furniture,102.63,12.43,Home Office,Prepaid
ORD03169,26-09-2023,East,Pen,Office Supplies,859.3,229.69,Corporate,UPI
ORD03170,01-07-2023,North,Printer,Technology,130.09,14.61,Consumer,Cash on Delivery
ORD03171,12-08-2024,South,Paper,Office Supplies,1519.54,176.83,Home Office,Credit Card
ORD03172,15-03-2022,North,Desk,Furniture,1515.98,332.22,Consumer,Prepaid
ORD03173,04-09-2024,East,Pen,Office Supplies,1501.81,367.43,Home Office,UPI
ORD03174,17-02-2023,North,Table,Furniture,242.05,47.61,Home Office,Prepaid
ORD03175,09-03-2024,East,Monitor,Technology,622.19,48.73,Home Office,Credit Card
ORD03176,26-09-2023,West,Laptop,Technology,1621.72,483.49,Corporate,Cash on Delivery
ORD03177,02-07-2023,South,Monitor,Technology,658.02,162.59,Corporate,Prepaid
ORD03178,05-05-2024,South,Laptop,Technology,502.7,39.52,Home Office,Cash on Delivery
ORD03179,12-05-2024,South,Printer,Technology,374.88,22.03,Consumer,Credit Card
ORD03180,18-02-2022,South,Laptop,Technology,169.03,31.53,Home Office,UPI
ORD03181,18-01-2022,South,Pen,Office Supplies,1888.56,309.79,Home Office,Credit Card
ORD03182,24-11-2024,South,Pen,Office Supplies,128.09,16.08,Consumer,UPI
ORD03183,20-04-2024,East,Stapler,Office Supplies,1362.61,339.06,Home Office,UPI
ORD03184,17-08-2023,East,Desk,Furniture,1016.94,146.44,Home Office,UPI
ORD03185,08-11-2023,South,Table,Furniture,1339.24,172.61,Home Office,Cash on Delivery
ORD03186,28-11-2022,South,Desk,Furniture,1678.74,200.22,Corporate,Prepaid
ORD03187,23-05-2022,North,Table,Furniture,820.84,177.89,Home Office,UPI
ORD03188,05-08-2024,North,Monitor,Technology,585.02,170.37,Home Office,Cash on Delivery
ORD03189,30-10-2022,East,Stapler,Office Supplies,464.16,96.32,Home Office,Prepaid
ORD03190,09-12-2024,North,Pen,Office Supplies,1440.97,123.38,Home Office,UPI
ORD03191,12-11-2023,West,Printer,Technology,569.51,169.75,Consumer,Prepaid
ORD03192,16-03-2022,North,Monitor,Technology,927.19,81.45,Consumer,Credit Card
ORD03193,08-09-2023,South,Table,Furniture,410.45,101.53,Home Office,UPI
ORD03194,16-04-2022,North,Bookshelf,Furniture,1440.26,189.71,Corporate,Credit Card
ORD03195,01-05-2023,South,Pen,Office Supplies,900.94,219.18,Consumer,UPI
ORD03196,09-04-2022,West,Chair,Furniture,1318.07,80.15,Corporate,UPI
ORD03197,09-04-2022,East,File Folder,Office Supplies,61.59,4.41,Consumer,Cash on Delivery
ORD03198,18-08-2022,North,Mouse,Technology,235,42.29,Home Office,Cash on Delivery
ORD03199,03-01-2024,South,Desk,Furniture,1514.6,211.1,Consumer,Cash on Delivery
ORD03200,28-12-2022,North,Chair,Furniture,959.37,281.18,Home Office,Prepaid
ORD03201,08-08-2024,North,Pen,Office Supplies,1029.86,73.68,Corporate,UPI
ORD03202,27-04-2024,North,Monitor,Technology,593.06,167.39,Home Office,Cash on Delivery
ORD03203,14-10-2023,West,Notebook,Office Supplies,127.5,30.14,Corporate,UPI
ORD03204,21-05-2022,South,Printer,Technology,1189.31,149.42,Home Office,UPI
ORD03205,28-01-2022,East,Printer,Technology,304.69,52.15,Home Office,Cash on Delivery
ORD03206,12-04-2024,West,Bookshelf,Furniture,1829.54,216.37,Corporate,Credit Card
ORD03207,16-09-2022,North,Bookshelf,Furniture,716.96,49.5,Home Office,UPI
ORD03208,07-12-2022,North,Laptop,Technology,1939.3,537.97,Home Office,Credit Card
ORD03209,07-08-2024,West,Keyboard,Technology,1040.71,301.24,Consumer,Credit Card
ORD03210,14-05-2023,West,Stapler,Office Supplies,1203.86,95.58,Corporate,UPI
ORD03211,17-05-2022,East,Notebook,Office Supplies,290.51,69.5,Home Office,Cash on Delivery
ORD03212,16-04-2023,East,Printer,Technology,1893.13,239.57,Consumer,Cash on Delivery
ORD03213,03-10-2024,North,Bookshelf,Furniture,1693.37,304.48,Corporate,Cash on Delivery
ORD03214,25-12-2023,East,Table,Furniture,1713.87,394.65,Corporate,Prepaid
ORD03215,09-04-2024,North,Monitor,Technology,249.47,37.21,Corporate,Cash on Delivery
ORD03216,11-09-2022,South,Keyboard,Technology,1195.62,234.63,Home Office,UPI
ORD03217,18-01-2022,South,File Folder,Office Supplies,1447.13,293.19,Consumer,Credit Card
ORD03218,03-01-2023,South,Stapler,Office Supplies,1259.95,324.39,Corporate,UPI
ORD03219,29-06-2022,South,Bookshelf,Furniture,953.43,103.29,Corporate,UPI
ORD03220,21-08-2023,West,Stapler,Office Supplies,724.23,166.98,Consumer,Prepaid
ORD03221,23-03-2024,West,Printer,Technology,1897.63,169.57,Corporate,Credit Card
ORD03222,04-02-2022,East,Bookshelf,Furniture,314.93,56.99,Consumer,UPI
ORD03223,26-01-2023,East,File Folder,Office Supplies,1375.11,380.35,Consumer,Cash on Delivery
ORD03224,10-08-2024,South,File Folder,Office Supplies,88.3,4.88,Consumer,Cash on Delivery
ORD03225,04-07-2022,East,Chair,Furniture,355.2,23.65,Corporate,UPI
ORD03226,13-03-2023,North,Laptop,Technology,1785.9,318.3,Consumer,Credit Card
ORD03227,17-01-2023,North,Keyboard,Technology,1252.07,137.79,Consumer,Prepaid
ORD03228,17-06-2023,North,File Folder,Office Supplies,1755.84,95.12,Consumer,Credit Card
ORD03229,14-03-2023,South,Printer,Technology,570.83,125.78,Consumer,Prepaid
ORD03230,15-01-2023,West,Cabinet,Furniture,379.75,72.33,Consumer,UPI
ORD03231,03-05-2023,West,Desk,Furniture,893.66,92.23,Home Office,Credit Card
ORD03232,27-04-2024,West,Laptop,Technology,1536.36,276.43,Corporate,Credit Card
ORD03233,19-11-2023,West,Printer,Technology,138.43,32.62,Home Office,Cash on Delivery
ORD03234,18-03-2022,North,Chair,Furniture,1136.82,199.93,Home Office,UPI
ORD03235,04-11-2022,North,File Folder,Office Supplies,550.73,63.72,Consumer,UPI
ORD03236,20-10-2023,West,Pen,Office Supplies,1716.15,204.51,Corporate,Cash on Delivery
ORD03237,02-04-2022,North,File Folder,Office Supplies,1525.14,108.86,Corporate,Cash on Delivery
ORD03238,16-02-2023,West,Chair,Furniture,822.34,135.58,Consumer,UPI
ORD03239,28-01-2023,North,File Folder,Office Supplies,1572.82,180.35,Consumer,Prepaid
ORD03240,21-01-2024,South,Pen,Office Supplies,930.78,151.9,Corporate,UPI
ORD03241,09-12-2023,South,Cabinet,Furniture,325.28,54.05,Home Office,Prepaid
ORD03242,24-03-2022,West,Laptop,Technology,597.65,144.94,Consumer,UPI
ORD03243,18-01-2022,North,Printer,Technology,407.17,67.99,Corporate,UPI
ORD03244,17-11-2022,West,Pen,Office Supplies,309.45,75.44,Corporate,Cash on Delivery
ORD03245,15-09-2023,West,Bookshelf,Furniture,1140.47,263.45,Home Office,Credit Card
ORD03246,20-09-2024,West,File Folder,Office Supplies,114.64,5.81,Corporate,UPI
ORD03247,24-08-2024,South,Notebook,Office Supplies,1939.22,418.49,Consumer,UPI
ORD03248,17-10-2024,South,Printer,Technology,281.73,40.26,Corporate,UPI
ORD03249,03-06-2024,North,Keyboard,Technology,1344.49,210.67,Home Office,Cash on Delivery
ORD03250,31-01-2022,South,Stapler,Office Supplies,1825.09,255.35,Corporate,Cash on Delivery
ORD03251,08-05-2023,East,Table,Furniture,1866.71,401.35,Corporate,Prepaid
ORD03252,31-03-2022,West,Mouse,Technology,1038.33,185.97,Home Office,Prepaid
ORD03253,28-08-2023,South,Monitor,Technology,1951.8,465.46,Consumer,Cash on Delivery
ORD03254,04-02-2024,West,Monitor,Technology,275.25,43.23,Corporate,Prepaid
ORD03255,14-04-2024,North,Cabinet,Furniture,375.94,52.48,Home Office,Prepaid
ORD03256,09-01-2024,West,Notebook,Office Supplies,1697.19,171.8,Consumer,Prepaid
ORD03257,10-04-2022,North,Bookshelf,Furniture,813.61,235.02,Home Office,Credit Card
ORD03258,06-07-2023,East,Laptop,Technology,170.85,31.11,Consumer,Credit Card
ORD03259,02-07-2023,North,Table,Furniture,200.05,12.06,Home Office,Prepaid
ORD03260,03-11-2024,North,Monitor,Technology,1672.14,443.28,Home Office,UPI
ORD03261,26-11-2023,East,Chair,Furniture,1797.42,405.81,Corporate,Credit Card
ORD03262,07-09-2024,East,File Folder,Office Supplies,1536.53,304.71,Home Office,Credit Card
ORD03263,05-09-2023,South,Keyboard,Technology,505.45,74.18,Home Office,Prepaid
ORD03264,28-01-2023,North,Table,Furniture,947.25,145.79,Consumer,Credit Card
ORD03265,13-12-2022,East,Laptop,Technology,544.56,46.44,Consumer,Credit Card
ORD03266,10-03-2023,West,Mouse,Technology,1096.93,317.04,Home Office,Prepaid
ORD03267,14-08-2024,North,Stapler,Office Supplies,69.73,6.75,Corporate,Credit Card
ORD03268,04-07-2022,East,Desk,Furniture,1744.92,229.78,Corporate,Cash on Delivery
ORD03269,09-12-2024,North,Laptop,Technology,1259.56,312.23,Consumer,Credit Card
ORD03270,24-11-2023,North,Laptop,Technology,1010.87,94.09,Home Office,Credit Card
ORD03271,16-05-2023,East,File Folder,Office Supplies,558.66,131.36,Corporate,Prepaid
ORD03272,08-07-2022,East,Chair,Furniture,804.45,199.04,Home Office,Cash on Delivery
ORD03273,03-01-2023,North,Desk,Furniture,758.27,53.23,Corporate,Cash on Delivery
ORD03274,31-08-2022,West,Monitor,Technology,1597.76,289.58,Home Office,Cash on Delivery
ORD03275,22-01-2022,North,Table,Furniture,825.45,179.09,Corporate,Prepaid
ORD03276,13-10-2023,North,Mouse,Technology,1506.04,234.81,Consumer,Credit Card
ORD03277,27-04-2022,East,Monitor,Technology,1961.54,431.17,Home Office,Credit Card
ORD03278,04-08-2023,South,Bookshelf,Furniture,1835.13,491.78,Corporate,Prepaid
ORD03279,08-12-2022,North,Stapler,Office Supplies,62.96,17.1,Home Office,UPI
ORD03280,29-01-2022,North,Chair,Furniture,135.23,39.26,Corporate,Cash on Delivery
ORD03281,10-01-2023,North,Desk,Furniture,1271.7,225.78,Home Office,Credit Card
ORD03282,07-06-2024,East,File Folder,Office Supplies,1654.41,126.19,Consumer,Prepaid
ORD03283,12-04-2024,South,Bookshelf,Furniture,999.37,257.7,Consumer,Prepaid
ORD03284,14-03-2023,West,Laptop,Technology,1272.76,126.24,Corporate,Credit Card
ORD03285,26-10-2023,North,Mouse,Technology,757.24,37.98,Home Office,Cash on Delivery
ORD03286,09-03-2023,East,Table,Furniture,1297.52,377.95,Consumer,UPI
ORD03287,27-08-2023,East,Table,Furniture,1800.34,145.96,Consumer,UPI
ORD03288,11-10-2022,East,Desk,Furniture,399.52,111.75,Consumer,Prepaid
ORD03289,09-12-2022,West,Chair,Furniture,1472.24,134.8,Corporate,Credit Card
ORD03290,25-03-2024,East,Stapler,Office Supplies,1248.08,337.9,Consumer,Prepaid
ORD03291,11-12-2022,South,Desk,Furniture,937.51,176.93,Corporate,Prepaid
ORD03292,18-08-2024,West,Laptop,Technology,1671.75,147.14,Consumer,Prepaid
ORD03293,28-05-2023,North,Paper,Office Supplies,1151.14,303.61,Corporate,UPI
ORD03294,30-01-2024,North,Stapler,Office Supplies,1992.27,280.66,Consumer,Cash on Delivery
ORD03295,25-10-2022,South,Desk,Furniture,1881.81,363.26,Consumer,Credit Card
ORD03296,30-11-2022,North,Bookshelf,Furniture,1351.09,70.1,Home Office,Prepaid
ORD03297,04-03-2024,North,Paper,Office Supplies,1696.62,114.7,Home Office,UPI
ORD03298,06-02-2022,South,Stapler,Office Supplies,500.04,77.61,Consumer,UPI
ORD03299,09-06-2023,West,Mouse,Technology,399.52,114.24,Consumer,Credit Card
ORD03300,10-02-2022,West,File Folder,Office Supplies,191.39,46.05,Home Office,Credit Card
ORD03301,01-10-2023,East,Cabinet,Furniture,288.02,52.12,Corporate,UPI
ORD03302,11-12-2023,West,Cabinet,Furniture,843.35,119.14,Home Office,Credit Card
ORD03303,16-10-2024,North,Keyboard,Technology,928.68,121.68,Consumer,Prepaid
ORD03304,28-12-2022,East,Paper,Office Supplies,489.39,40.77,Home Office,Cash on Delivery
ORD03305,05-10-2024,North,Desk,Furniture,691.98,72.06,Corporate,Credit Card
ORD03306,25-04-2024,East,Stapler,Office Supplies,1371.67,215.54,Corporate,UPI
ORD03307,23-03-2023,South,Stapler,Office Supplies,658.34,146.62,Consumer,Cash on Delivery
ORD03308,30-12-2023,North,Desk,Furniture,1302.82,166.05,Home Office,Credit Card
ORD03309,16-05-2023,North,Monitor,Technology,1743.12,381.38,Home Office,UPI
ORD03310,14-03-2023,East,Laptop,Technology,1480.24,200.21,Home Office,UPI
ORD03311,20-08-2022,West,Desk,Furniture,857.09,208.12,Corporate,Credit Card
ORD03312,25-08-2023,East,Printer,Technology,782.31,142.78,Consumer,Prepaid
ORD03313,04-05-2024,West,Printer,Technology,1705.82,305.78,Corporate,Cash on Delivery
ORD03314,29-05-2022,East,Desk,Furniture,1082.16,54.98,Home Office,Credit Card
ORD03315,09-09-2022,East,Bookshelf,Furniture,1572.31,358.43,Consumer,Cash on Delivery
ORD03316,24-02-2024,South,Notebook,Office Supplies,813.19,87.96,Consumer,Cash on Delivery
ORD03317,03-06-2024,East,Notebook,Office Supplies,1124.02,318.05,Home Office,Cash on Delivery
ORD03318,02-07-2022,South,Laptop,Technology,1894.56,426.32,Consumer,Cash on Delivery
ORD03319,23-11-2022,South,Paper,Office Supplies,756.6,63.75,Corporate,Credit Card
ORD03320,03-09-2024,North,Stapler,Office Supplies,1727.04,324.26,Consumer,Cash on Delivery
ORD03321,31-01-2024,North,Keyboard,Technology,748.47,86.22,Consumer,Cash on Delivery
ORD03322,12-06-2023,East,Pen,Office Supplies,1336.03,369.22,Corporate,Credit Card
ORD03323,10-07-2023,South,File Folder,Office Supplies,1196.38,335.73,Corporate,Prepaid
ORD03324,06-11-2023,East,Mouse,Technology,699.26,55.65,Home Office,Cash on Delivery
ORD03325,20-11-2023,South,Desk,Furniture,1253.81,338.98,Consumer,Prepaid
ORD03326,10-02-2023,East,Desk,Furniture,65.6,6.37,Consumer,UPI
ORD03327,28-12-2022,East,Chair,Furniture,1595.75,135.85,Consumer,Credit Card
ORD03328,27-02-2024,South,Notebook,Office Supplies,1874.45,177.39,Corporate,Prepaid
ORD03329,09-03-2022,East,Stapler,Office Supplies,539.78,43.66,Home Office,Credit Card
ORD03330,14-10-2023,East,Paper,Office Supplies,1068.52,121.61,Home Office,UPI
ORD03331,22-06-2024,East,Paper,Office Supplies,273.18,39.93,Consumer,Credit Card
ORD03332,15-04-2022,West,Keyboard,Technology,587.35,50.81,Consumer,Cash on Delivery
ORD03333,16-06-2024,West,Pen,Office Supplies,596.59,59.38,Home Office,Credit Card
ORD03334,03-05-2022,North,Monitor,Technology,497.61,29.95,Consumer,Cash on Delivery
ORD03335,27-09-2024,West,Monitor,Technology,484.91,46.12,Consumer,Credit Card
ORD03336,05-10-2023,East,Printer,Technology,1935.86,249.27,Corporate,Cash on Delivery
ORD03337,19-06-2022,North,Mouse,Technology,1341.32,159.46,Corporate,Prepaid
ORD03338,07-12-2022,West,File Folder,Office Supplies,1167.53,112.12,Corporate,Prepaid
ORD03339,28-04-2022,North,Bookshelf,Furniture,1491.34,363.54,Corporate,Prepaid
ORD03340,11-03-2023,West,Desk,Furniture,1116.18,293.7,Home Office,Prepaid
ORD03341,16-04-2024,West,Pen,Office Supplies,1312.21,175.17,Corporate,Prepaid
ORD03342,02-12-2023,North,Stapler,Office Supplies,1377.39,403.32,Corporate,Credit Card
ORD03343,01-11-2024,West,Pen,Office Supplies,672.1,166.5,Consumer,Credit Card
ORD03344,19-07-2022,South,Monitor,Technology,146.8,27.59,Consumer,UPI
ORD03345,24-07-2022,East,Notebook,Office Supplies,736.65,158.27,Home Office,Prepaid
ORD03346,28-05-2024,South,Paper,Office Supplies,73.49,12.37,Home Office,UPI
ORD03347,31-12-2022,West,File Folder,Office Supplies,1843.63,209.4,Corporate,Prepaid
ORD03348,09-07-2023,South,Table,Furniture,624.23,172.81,Home Office,UPI
ORD03349,14-09-2022,East,Stapler,Office Supplies,1934.11,458.63,Consumer,Credit Card
ORD03350,01-09-2024,South,Monitor,Technology,71.69,12.11,Home Office,Credit Card
ORD03351,05-04-2023,South,Pen,Office Supplies,1955.82,522.38,Corporate,Cash on Delivery
ORD03352,04-05-2023,West,Bookshelf,Furniture,1089.56,227.43,Home Office,Prepaid
ORD03353,26-02-2022,North,Mouse,Technology,1778.56,441.32,Home Office,Cash on Delivery
ORD03354,21-10-2022,East,Desk,Furniture,1395.41,343.1,Consumer,Cash on Delivery
ORD03355,08-12-2024,North,Keyboard,Technology,335.12,64.58,Home Office,UPI
ORD03356,20-07-2023,South,Printer,Technology,1802.02,385.1,Home Office,UPI
ORD03357,05-04-2024,South,Stapler,Office Supplies,1858.93,230.13,Corporate,UPI
ORD03358,06-04-2024,East,Notebook,Office Supplies,1401.25,135.35,Home Office,Credit Card
ORD03359,06-12-2022,North,File Folder,Office Supplies,1631.07,459.61,Home Office,UPI
ORD03360,25-05-2022,North,Chair,Furniture,937.33,72.18,Corporate,UPI
ORD03361,20-07-2022,North,Cabinet,Furniture,953.21,61.61,Corporate,UPI
ORD03362,09-04-2024,North,Laptop,Technology,477.15,83.61,Corporate,Prepaid
ORD03363,31-05-2023,North,Cabinet,Furniture,1852.18,513.5,Corporate,Prepaid
ORD03364,10-05-2023,East,Printer,Technology,1871.65,312.62,Consumer,Credit Card
ORD03365,20-08-2022,West,Mouse,Technology,1087.82,79.95,Consumer,Credit Card
ORD03366,01-01-2022,West,Mouse,Technology,1253.26,80.24,Consumer,Credit Card
ORD03367,06-03-2022,West,Paper,Office Supplies,909.53,227.92,Corporate,Cash on Delivery
ORD03368,05-12-2024,South,Paper,Office Supplies,871.09,247.75,Home Office,UPI
ORD03369,23-08-2023,East,Monitor,Technology,585.97,60.58,Corporate,Cash on Delivery
ORD03370,04-03-2024,West,File Folder,Office Supplies,1804.06,234.46,Consumer,Prepaid
ORD03371,19-07-2024,East,File Folder,Office Supplies,404.4,67.17,Home Office,Prepaid
ORD03372,16-09-2023,East,Stapler,Office Supplies,81.93,11.47,Home Office,Credit Card
ORD03373,30-12-2022,East,Chair,Furniture,1973.75,175.8,Home Office,UPI
ORD03374,22-02-2024,East,Mouse,Technology,1750.02,116.67,Consumer,Cash on Delivery
ORD03375,02-03-2022,East,Desk,Furniture,363.93,81.39,Corporate,Prepaid
ORD03376,22-02-2023,East,Notebook,Office Supplies,627.91,157.13,Home Office,Prepaid
ORD03377,06-03-2024,South,Mouse,Technology,1061.03,179.91,Corporate,Credit Card
ORD03378,02-05-2022,North,Paper,Office Supplies,1016.23,239.86,Corporate,UPI
ORD03379,20-03-2022,West,Pen,Office Supplies,705.9,157.63,Consumer,Credit Card
ORD03380,23-04-2023,West,Bookshelf,Furniture,704.59,97.93,Consumer,Cash on Delivery
ORD03381,28-10-2024,South,Keyboard,Technology,724.09,190.29,Home Office,Prepaid
ORD03382,25-04-2023,West,Keyboard,Technology,545.2,53.42,Corporate,Credit Card
ORD03383,21-02-2024,West,Pen,Office Supplies,692.65,131.22,Home Office,Prepaid
ORD03384,19-05-2024,South,Laptop,Technology,872.94,171.27,Consumer,Cash on Delivery
ORD03385,30-12-2024,East,Table,Furniture,692.81,92.46,Corporate,Prepaid
ORD03386,14-05-2024,North,Pen,Office Supplies,1553.18,231.08,Consumer,Cash on Delivery
ORD03387,19-01-2023,North,Stapler,Office Supplies,1433.82,91.18,Consumer,UPI
ORD03388,30-11-2022,South,Pen,Office Supplies,1261.78,113.99,Consumer,Prepaid
ORD03389,21-10-2023,North,File Folder,Office Supplies,1951.24,514.98,Corporate,Credit Card
ORD03390,24-06-2023,West,File Folder,Office Supplies,806.97,106.05,Home Office,Credit Card
ORD03391,26-04-2024,South,Bookshelf,Furniture,916.11,215.66,Home Office,Credit Card
ORD03392,09-06-2023,East,Stapler,Office Supplies,1185.09,160.8,Corporate,Cash on Delivery
ORD03393,04-07-2023,West,Stapler,Office Supplies,531.77,75.71,Corporate,UPI
ORD03394,19-06-2024,East,Paper,Office Supplies,205.86,16.33,Consumer,Cash on Delivery
ORD03395,06-10-2023,West,Paper,Office Supplies,1966.02,270.72,Corporate,UPI
ORD03396,05-08-2023,South,Chair,Furniture,1157.53,212.88,Home Office,UPI
ORD03397,21-12-2023,West,Stapler,Office Supplies,791.05,114.95,Consumer,Credit Card
ORD03398,22-07-2023,North,Pen,Office Supplies,953.36,106.65,Corporate,Credit Card
ORD03399,28-09-2023,South,File Folder,Office Supplies,574.12,120.28,Corporate,Credit Card
ORD03400,28-03-2022,West,Paper,Office Supplies,1547.18,239.58,Corporate,Cash on Delivery
ORD03401,07-08-2022,North,Table,Furniture,724.3,179.16,Consumer,Cash on Delivery
ORD03402,20-12-2022,South,File Folder,Office Supplies,1982.64,124.21,Consumer,UPI
ORD03403,09-03-2024,West,Keyboard,Technology,96.29,13.18,Home Office,Prepaid
ORD03404,25-01-2023,West,Mouse,Technology,504.51,111.39,Home Office,Credit Card
ORD03405,01-04-2023,East,Notebook,Office Supplies,763.48,186.37,Consumer,UPI
ORD03406,17-04-2022,West,Mouse,Technology,470.31,45.4,Corporate,UPI
ORD03407,05-07-2024,North,Chair,Furniture,1157.46,186.57,Home Office,UPI
ORD03408,08-09-2024,East,Printer,Technology,1025.71,188.6,Corporate,Credit Card
ORD03409,28-06-2022,North,Desk,Furniture,895.76,214.93,Home Office,Cash on Delivery
ORD03410,12-07-2022,West,Paper,Office Supplies,466.46,70.34,Consumer,UPI
ORD03411,27-05-2024,West,Chair,Furniture,329.36,88.69,Home Office,Cash on Delivery
ORD03412,30-01-2024,East,Chair,Furniture,1503.64,437.04,Consumer,Prepaid
ORD03413,16-04-2022,North,Stapler,Office Supplies,1207.03,212.83,Corporate,Credit Card
ORD03414,30-08-2024,South,Cabinet,Furniture,286.55,73.14,Corporate,UPI
ORD03415,24-01-2023,North,Notebook,Office Supplies,1559.83,405.09,Corporate,Cash on Delivery
ORD03416,08-11-2023,West,Printer,Technology,1814.14,428.54,Consumer,Cash on Delivery
ORD03417,24-11-2024,North,Pen,Office Supplies,1740.32,361.36,Consumer,UPI
ORD03418,26-03-2023,North,Pen,Office Supplies,1412.79,406.38,Consumer,Cash on Delivery
ORD03419,26-08-2024,East,Chair,Furniture,777.43,154.2,Consumer,UPI
ORD03420,28-06-2024,West,Paper,Office Supplies,89.46,17.57,Corporate,Credit Card
ORD03421,30-04-2022,North,Mouse,Technology,174.3,14.52,Home Office,Prepaid
ORD03422,04-10-2023,East,Keyboard,Technology,399.04,115.52,Home Office,Credit Card
ORD03423,16-05-2023,East,Keyboard,Technology,898.26,224.58,Consumer,UPI
ORD03424,31-03-2023,West,Bookshelf,Furniture,1762.51,515.8,Home Office,Prepaid
ORD03425,02-09-2022,West,Desk,Furniture,1516.99,288.41,Consumer,Prepaid
ORD03426,30-07-2023,West,Bookshelf,Furniture,487.27,76.73,Corporate,UPI
ORD03427,31-01-2022,South,Paper,Office Supplies,660.81,94.69,Corporate,Prepaid
ORD03428,15-01-2022,West,Keyboard,Technology,1428.76,425.8,Consumer,Credit Card
ORD03429,29-06-2023,South,Table,Furniture,1402.57,294.88,Home Office,UPI
ORD03430,17-10-2023,West,Keyboard,Technology,513.31,104.41,Consumer,Cash on Delivery
ORD03431,08-12-2022,South,File Folder,Office Supplies,328.83,49.73,Home Office,Prepaid
ORD03432,05-11-2024,East,Desk,Furniture,1442.4,237.54,Home Office,UPI
ORD03433,27-11-2024,South,Keyboard,Technology,127.54,31.5,Home Office,Prepaid
ORD03434,14-11-2022,South,File Folder,Office Supplies,1104.88,183.56,Consumer,Cash on Delivery
ORD03435,19-07-2022,North,Desk,Furniture,799.36,92.1,Consumer,UPI
ORD03436,20-10-2024,West,Bookshelf,Furniture,217.26,26.69,Corporate,Cash on Delivery
ORD03437,30-07-2022,North,Paper,Office Supplies,1865.56,209.63,Consumer,UPI
ORD03438,05-05-2022,West,Cabinet,Furniture,792.61,219.51,Consumer,Cash on Delivery
ORD03439,22-10-2023,East,Printer,Technology,79.15,9.26,Consumer,Prepaid
ORD03440,23-03-2023,South,Cabinet,Furniture,744.6,100.24,Home Office,Credit Card
ORD03441,03-01-2024,East,Mouse,Technology,1275.12,319.57,Home Office,Cash on Delivery
ORD03442,26-06-2023,East,Notebook,Office Supplies,985.14,50.34,Corporate,UPI
ORD03443,27-09-2023,West,Mouse,Technology,1711.88,460.93,Consumer,UPI
ORD03444,30-01-2022,North,File Folder,Office Supplies,1858.91,363.18,Corporate,Credit Card
ORD03445,03-05-2024,West,Mouse,Technology,996.75,170.33,Corporate,Cash on Delivery
ORD03446,02-08-2022,West,Chair,Furniture,1556.92,466.44,Consumer,Prepaid
ORD03447,20-08-2023,North,Stapler,Office Supplies,1516.77,236.31,Corporate,UPI
ORD03448,29-06-2023,South,Bookshelf,Furniture,376.62,73.16,Home Office,Cash on Delivery
ORD03449,15-02-2024,West,File Folder,Office Supplies,1573.51,342.48,Corporate,Credit Card
ORD03450,30-01-2022,West,Chair,Furniture,248.93,63.42,Corporate,UPI
ORD03451,23-08-2022,East,Mouse,Technology,885.29,257.13,Corporate,Cash on Delivery
ORD03452,12-06-2022,West,Keyboard,Technology,69.49,4.85,Home Office,Cash on Delivery
ORD03453,11-10-2024,North,Laptop,Technology,563.23,63.36,Corporate,Cash on Delivery
ORD03454,19-03-2022,South,Notebook,Office Supplies,244.35,18.78,Consumer,UPI
ORD03455,02-10-2023,South,Cabinet,Furniture,936.65,100.07,Corporate,Credit Card
ORD03456,17-12-2024,South,Chair,Furniture,114.38,20.54,Home Office,Prepaid
ORD03457,23-02-2022,South,Notebook,Office Supplies,691.27,142,Consumer,Credit Card
ORD03458,21-08-2022,East,Table,Furniture,758.71,80.58,Home Office,Prepaid
ORD03459,09-03-2022,East,Notebook,Office Supplies,864.2,47.88,Consumer,Credit Card
ORD03460,17-05-2023,North,Keyboard,Technology,564.73,154.17,Corporate,Cash on Delivery
ORD03461,05-01-2023,West,Notebook,Office Supplies,775.62,184.54,Consumer,UPI
ORD03462,19-01-2024,South,Chair,Furniture,1208.54,334.13,Corporate,Cash on Delivery
ORD03463,04-02-2022,East,Keyboard,Technology,383.92,21.26,Consumer,UPI
ORD03464,27-10-2023,South,File Folder,Office Supplies,906.92,144.76,Home Office,UPI
ORD03465,29-10-2022,North,Stapler,Office Supplies,235.73,55.82,Consumer,Cash on Delivery
ORD03466,03-01-2023,North,Chair,Furniture,193.74,55.54,Home Office,Cash on Delivery
ORD03467,06-04-2023,South,Laptop,Technology,836.04,98.31,Home Office,Cash on Delivery
ORD03468,14-08-2023,North,Pen,Office Supplies,1427.87,187.05,Consumer,Prepaid
ORD03469,10-06-2024,West,Chair,Furniture,234.7,49.57,Home Office,Prepaid
ORD03470,09-08-2022,North,Cabinet,Furniture,872.36,96.62,Corporate,Cash on Delivery
ORD03471,04-09-2023,South,File Folder,Office Supplies,163.61,41.37,Home Office,Cash on Delivery
ORD03472,09-02-2024,North,Stapler,Office Supplies,1654.2,119.68,Corporate,Credit Card
ORD03473,28-07-2024,North,Pen,Office Supplies,931.7,261.48,Corporate,Credit Card
ORD03474,24-06-2023,West,Monitor,Technology,1927.39,503.26,Consumer,Credit Card
ORD03475,07-09-2024,North,Notebook,Office Supplies,227.65,35.61,Consumer,Prepaid
ORD03476,21-05-2024,North,Printer,Technology,325.89,30.72,Consumer,UPI
ORD03477,06-12-2022,South,Cabinet,Furniture,1334.07,270.45,Home Office,Credit Card
ORD03478,29-11-2022,West,Notebook,Office Supplies,1322.71,134.27,Home Office,UPI
ORD03479,22-05-2023,South,Table,Furniture,199.55,41.87,Home Office,Prepaid
ORD03480,27-06-2022,North,Chair,Furniture,455.33,129.73,Consumer,Credit Card
ORD03481,13-04-2024,East,Laptop,Technology,1661.35,281.61,Consumer,Cash on Delivery
ORD03482,02-09-2024,North,Stapler,Office Supplies,359.65,74.02,Corporate,Prepaid
ORD03483,15-12-2022,South,Bookshelf,Furniture,1927.73,335,Home Office,Cash on Delivery
ORD03484,15-03-2022,East,Monitor,Technology,1784.49,137.12,Corporate,Prepaid
ORD03485,07-06-2022,West,Laptop,Technology,933.64,168.69,Home Office,Credit Card
ORD03486,30-07-2022,North,Printer,Technology,1448.84,408.35,Home Office,Credit Card
ORD03487,27-11-2024,West,Printer,Technology,1843.95,112.4,Consumer,Cash on Delivery
ORD03488,26-01-2023,South,Laptop,Technology,429.23,58.81,Home Office,UPI
ORD03489,24-12-2024,West,Cabinet,Furniture,1696.93,479.12,Home Office,Prepaid
ORD03490,18-07-2023,South,File Folder,Office Supplies,888.12,261.92,Corporate,Cash on Delivery
ORD03491,19-03-2024,North,Chair,Furniture,241.97,59.58,Consumer,Credit Card
ORD03492,18-10-2023,East,Bookshelf,Furniture,83.9,9.97,Consumer,Credit Card
ORD03493,09-09-2023,North,Cabinet,Furniture,1431.49,427.2,Corporate,Prepaid
ORD03494,19-05-2024,East,Notebook,Office Supplies,484.8,37.3,Corporate,Cash on Delivery
ORD03495,09-07-2022,South,Cabinet,Furniture,611.55,64.52,Home Office,Credit Card
ORD03496,18-02-2022,East,Paper,Office Supplies,1248.73,106.69,Corporate,Prepaid
ORD03497,18-12-2024,East,Desk,Furniture,1721.39,111.99,Corporate,Cash on Delivery
ORD03498,29-07-2023,East,Pen,Office Supplies,1216.71,298.11,Corporate,UPI
ORD03499,01-11-2024,West,Cabinet,Furniture,1906.22,161.43,Corporate,Prepaid
ORD03500,22-01-2022,West,Keyboard,Technology,402.6,91.11,Corporate,Credit Card
ORD03501,10-01-2023,West,Pen,Office Supplies,827.9,233.36,Consumer,Credit Card
ORD03502,16-05-2022,West,Table,Furniture,683.98,122.26,Corporate,UPI
ORD03503,25-10-2024,South,Desk,Furniture,1051.07,200.1,Corporate,Prepaid
ORD03504,01-12-2023,South,Stapler,Office Supplies,1554.14,423.64,Consumer,Prepaid
ORD03505,29-09-2023,West,Paper,Office Supplies,1331.87,237.24,Home Office,Credit Card
ORD03506,11-03-2022,South,Chair,Furniture,786.91,174.7,Corporate,Cash on Delivery
ORD03507,24-12-2024,West,Table,Furniture,1266.85,94.69,Corporate,Cash on Delivery
ORD03508,27-07-2023,North,Mouse,Technology,98.37,27.56,Home Office,UPI
ORD03509,10-07-2024,West,Paper,Office Supplies,427.32,28.84,Corporate,Prepaid
ORD03510,26-06-2023,South,Table,Furniture,1365.97,130.08,Corporate,Prepaid
ORD03511,10-07-2022,North,Pen,Office Supplies,1785.19,198.87,Corporate,Prepaid
ORD03512,29-02-2024,West,Table,Furniture,457.04,88.63,Corporate,Cash on Delivery
ORD03513,11-10-2023,South,Mouse,Technology,295.85,18.3,Corporate,Cash on Delivery
ORD03514,12-01-2023,South,Table,Furniture,634.39,113.13,Corporate,Credit Card
ORD03515,19-02-2023,West,Desk,Furniture,1314.66,300.53,Corporate,Prepaid
ORD03516,23-06-2023,South,Pen,Office Supplies,678.81,108.02,Home Office,Cash on Delivery
ORD03517,29-07-2024,West,Stapler,Office Supplies,1926.58,233.97,Corporate,Credit Card
ORD03518,06-10-2024,North,Bookshelf,Furniture,652.7,169.78,Home Office,Credit Card
ORD03519,14-02-2023,South,Keyboard,Technology,1526.84,137.98,Home Office,Credit Card
ORD03520,08-02-2022,North,Keyboard,Technology,1984.24,128.44,Home Office,Prepaid
ORD03521,03-08-2024,East,Pen,Office Supplies,260.3,58.57,Consumer,Credit Card
ORD03522,20-12-2023,East,Notebook,Office Supplies,1162.73,313.33,Consumer,Prepaid
ORD03523,02-05-2022,South,Printer,Technology,97.63,11.32,Consumer,Prepaid
ORD03524,23-09-2022,West,Paper,Office Supplies,822.91,122.15,Consumer,Credit Card
ORD03525,13-09-2022,West,Printer,Technology,1167.58,113.91,Consumer,Credit Card
ORD03526,09-10-2022,South,Keyboard,Technology,1577.03,197.03,Consumer,Credit Card
ORD03527,27-07-2024,East,Cabinet,Furniture,201.72,42.83,Corporate,UPI
ORD03528,24-06-2022,East,Laptop,Technology,1818.69,304.23,Home Office,UPI
ORD03529,17-11-2023,North,Keyboard,Technology,1385.16,168.47,Home Office,Credit Card
ORD03530,26-09-2022,South,Chair,Furniture,1767.9,452.23,Corporate,Cash on Delivery
ORD03531,27-07-2024,West,Chair,Furniture,188.48,22.73,Corporate,UPI
ORD03532,07-04-2024,South,Cabinet,Furniture,1249.52,256.55,Home Office,UPI
ORD03533,28-03-2024,North,Mouse,Technology,807.19,144.82,Consumer,UPI
ORD03534,12-08-2024,East,Paper,Office Supplies,736.97,185,Consumer,UPI
ORD03535,28-02-2023,East,Bookshelf,Furniture,1967.84,235.23,Home Office,Prepaid
ORD03536,25-04-2022,South,Stapler,Office Supplies,1106.78,121.99,Home Office,Credit Card
ORD03537,05-05-2024,East,Chair,Furniture,482.09,105.62,Home Office,Cash on Delivery
ORD03538,09-05-2022,West,Paper,Office Supplies,1580.17,216.09,Consumer,Credit Card
ORD03539,03-10-2024,East,Desk,Furniture,679.89,71.83,Corporate,Prepaid
ORD03540,19-11-2024,West,Paper,Office Supplies,1236.49,252.81,Consumer,UPI
ORD03541,08-12-2023,West,Mouse,Technology,995.11,275.76,Home Office,UPI
ORD03542,07-05-2023,West,Keyboard,Technology,1627.54,153.53,Home Office,Credit Card
ORD03543,20-06-2023,East,Keyboard,Technology,1500.78,367.04,Home Office,Credit Card
ORD03544,14-12-2023,West,Keyboard,Technology,1179.81,230.23,Consumer,UPI
ORD03545,22-12-2022,East,Laptop,Technology,1684.3,228.61,Corporate,Cash on Delivery
ORD03546,20-06-2022,South,Desk,Furniture,347.58,21.56,Consumer,UPI
ORD03547,16-09-2023,South,Keyboard,Technology,1479.37,227.32,Corporate,UPI
ORD03548,13-11-2022,North,Cabinet,Furniture,1342.04,320.22,Consumer,Prepaid
ORD03549,25-05-2024,South,Cabinet,Furniture,312.45,28.14,Corporate,Credit Card
ORD03550,19-08-2023,North,Keyboard,Technology,446.77,28.17,Home Office,Cash on Delivery
ORD03551,27-07-2024,West,Bookshelf,Furniture,576.7,141.05,Home Office,UPI
ORD03552,12-08-2022,West,Laptop,Technology,336.86,45.75,Corporate,Prepaid
ORD03553,16-03-2022,East,Pen,Office Supplies,1735.43,110.21,Consumer,UPI
ORD03554,02-08-2024,East,Chair,Furniture,1245.56,275.71,Consumer,Credit Card
ORD03555,05-05-2023,North,Notebook,Office Supplies,544.77,32.79,Corporate,Prepaid
ORD03556,16-09-2023,South,Desk,Furniture,1817.22,404.21,Home Office,Cash on Delivery
ORD03557,09-10-2022,West,Monitor,Technology,1603.87,144.08,Home Office,Credit Card
ORD03558,14-02-2024,South,Mouse,Technology,214.43,20.02,Corporate,Prepaid
ORD03559,26-12-2022,South,Printer,Technology,376.93,65.32,Corporate,Cash on Delivery
ORD03560,06-08-2022,East,Cabinet,Furniture,1429.5,401.36,Home Office,Credit Card
ORD03561,17-03-2024,North,File Folder,Office Supplies,1543.52,411.39,Consumer,Credit Card
ORD03562,13-10-2024,West,Mouse,Technology,1585.3,255.1,Consumer,Credit Card
ORD03563,11-05-2023,North,Paper,Office Supplies,233.19,33.45,Corporate,Credit Card
ORD03564,02-06-2024,West,Keyboard,Technology,98.71,21.26,Consumer,Prepaid
ORD03565,03-08-2024,East,Chair,Furniture,664.68,69.05,Home Office,Credit Card
ORD03566,20-07-2024,South,Keyboard,Technology,1478.17,94.63,Consumer,Prepaid
ORD03567,20-03-2022,North,Desk,Furniture,1182.35,264.34,Consumer,Credit Card
ORD03568,03-01-2023,North,Table,Furniture,1402.44,92.5,Home Office,Prepaid
ORD03569,23-07-2024,South,File Folder,Office Supplies,640.49,189.83,Home Office,Prepaid
ORD03570,01-11-2024,East,Notebook,Office Supplies,485.39,71.44,Corporate,Cash on Delivery
ORD03571,31-07-2022,South,Chair,Furniture,257.42,48.32,Consumer,Prepaid
ORD03572,04-04-2023,East,File Folder,Office Supplies,1489.14,248.81,Consumer,UPI
ORD03573,12-06-2024,North,Printer,Technology,1572.75,224.82,Corporate,Credit Card
ORD03574,27-11-2023,West,Cabinet,Furniture,1930.67,346.47,Consumer,Credit Card
ORD03575,16-09-2024,West,Mouse,Technology,1380.09,289.76,Home Office,Credit Card
ORD03576,05-06-2022,West,Pen,Office Supplies,658.92,51.89,Home Office,Prepaid
ORD03577,20-07-2022,South,Laptop,Technology,240.05,43.47,Home Office,UPI
ORD03578,13-02-2022,West,Notebook,Office Supplies,1299.65,74.51,Home Office,Cash on Delivery
ORD03579,01-01-2022,South,Notebook,Office Supplies,398.91,91.77,Home Office,Prepaid
ORD03580,23-11-2023,East,Chair,Furniture,1136.32,143.84,Consumer,UPI
ORD03581,14-02-2024,North,Monitor,Technology,1142.21,121.74,Consumer,Cash on Delivery
ORD03582,07-04-2024,South,Pen,Office Supplies,704.6,140.99,Home Office,Cash on Delivery
ORD03583,08-07-2023,South,Table,Furniture,1884.42,506.16,Consumer,Credit Card
ORD03584,14-04-2024,East,Desk,Furniture,1085.76,223.76,Corporate,Cash on Delivery
ORD03585,09-04-2022,East,Notebook,Office Supplies,850.33,94.76,Home Office,UPI
ORD03586,04-06-2024,South,Paper,Office Supplies,1666.17,103.31,Consumer,UPI
ORD03587,10-02-2024,North,Desk,Furniture,1924.91,150.63,Home Office,Prepaid
ORD03588,08-11-2023,South,File Folder,Office Supplies,1744.45,412.31,Corporate,UPI
ORD03589,07-11-2022,East,Keyboard,Technology,1187.53,273.31,Corporate,Cash on Delivery
ORD03590,10-05-2022,South,Pen,Office Supplies,735.65,44.19,Corporate,Credit Card
ORD03591,30-04-2024,South,Chair,Furniture,995.16,124.55,Consumer,Prepaid
ORD03592,05-08-2023,West,Notebook,Office Supplies,1993.32,216.02,Consumer,Credit Card
ORD03593,03-07-2023,North,Bookshelf,Furniture,1441.94,188.34,Consumer,Cash on Delivery
ORD03594,06-09-2023,North,Bookshelf,Furniture,866.75,156.09,Consumer,UPI
ORD03595,10-01-2024,East,Cabinet,Furniture,213.26,25.4,Consumer,Credit Card
ORD03596,14-03-2022,East,Printer,Technology,1324.82,310.7,Corporate,Prepaid
ORD03597,22-11-2024,South,Printer,Technology,1925.23,401.8,Corporate,UPI
ORD03598,11-02-2022,North,Cabinet,Furniture,895.68,71.46,Consumer,Prepaid
ORD03599,02-04-2024,North,Bookshelf,Furniture,941.36,253.23,Corporate,Credit Card
ORD03600,06-09-2022,East,Bookshelf,Furniture,928.98,48.35,Corporate,UPI
ORD03601,17-08-2022,East,Notebook,Office Supplies,297.76,46.41,Corporate,Credit Card
ORD03602,08-06-2022,North,Desk,Furniture,1531.65,395.32,Consumer,UPI
ORD03603,16-08-2022,West,Laptop,Technology,798.82,88.06,Home Office,Prepaid
ORD03604,15-01-2022,South,Stapler,Office Supplies,474.86,85.98,Home Office,UPI
ORD03605,06-04-2024,East,Notebook,Office Supplies,1702.25,309.89,Consumer,Prepaid
ORD03606,04-06-2024,East,Bookshelf,Furniture,1449.56,263.22,Corporate,Prepaid
ORD03607,26-03-2022,West,Table,Furniture,56.49,6.99,Consumer,Cash on Delivery
ORD03608,26-12-2024,South,Chair,Furniture,352.87,20.35,Corporate,Prepaid
ORD03609,05-10-2023,South,Keyboard,Technology,1178.51,180.99,Consumer,Cash on Delivery
ORD03610,14-11-2022,West,Laptop,Technology,265.96,40.36,Corporate,Credit Card
ORD03611,20-10-2023,West,Mouse,Technology,300.07,58.19,Home Office,Credit Card
ORD03612,10-06-2024,South,Notebook,Office Supplies,199.18,50.36,Consumer,UPI
ORD03613,23-09-2023,West,Monitor,Technology,1537.17,87.96,Consumer,UPI
ORD03614,15-10-2022,South,Desk,Furniture,1034.77,251.13,Corporate,Credit Card
ORD03615,26-03-2024,West,Table,Furniture,175.52,38.29,Corporate,Cash on Delivery
ORD03616,30-01-2022,South,Bookshelf,Furniture,784.01,107.93,Consumer,Prepaid
ORD03617,28-10-2022,South,Chair,Furniture,1161.12,344.39,Consumer,Prepaid
ORD03618,12-04-2022,North,Chair,Furniture,116.59,23.81,Corporate,Credit Card
ORD03619,28-07-2024,North,Keyboard,Technology,1720.86,206.79,Consumer,Cash on Delivery
ORD03620,10-08-2023,North,Stapler,Office Supplies,1789.5,425.89,Consumer,Prepaid
ORD03621,19-12-2024,South,Bookshelf,Furniture,1061.69,141.23,Consumer,UPI
ORD03622,21-12-2024,West,Printer,Technology,1265.06,362.47,Home Office,UPI
ORD03623,13-03-2024,West,File Folder,Office Supplies,1905.5,104.31,Consumer,Cash on Delivery
ORD03624,28-10-2024,South,Mouse,Technology,1180.34,164.39,Corporate,Cash on Delivery
ORD03625,24-05-2022,East,Notebook,Office Supplies,1062.4,230.82,Home Office,Credit Card
ORD03626,13-08-2022,West,Desk,Furniture,1536.66,347.65,Home Office,Credit Card
ORD03627,17-09-2023,East,Pen,Office Supplies,1137.38,246.23,Consumer,Cash on Delivery
ORD03628,15-02-2022,East,Paper,Office Supplies,1726.69,195.33,Home Office,Cash on Delivery
ORD03629,31-01-2024,East,Stapler,Office Supplies,773.18,63.91,Corporate,Prepaid
ORD03630,18-02-2022,South,Printer,Technology,1248.73,332.79,Home Office,Cash on Delivery
ORD03631,11-10-2024,West,Table,Furniture,601.7,180.36,Corporate,Credit Card
ORD03632,19-12-2023,North,Stapler,Office Supplies,232.87,13.47,Corporate,Credit Card
ORD03633,02-09-2023,South,Chair,Furniture,1754.54,395.48,Home Office,Prepaid
ORD03634,10-09-2024,East,File Folder,Office Supplies,603.74,165.18,Corporate,Prepaid
ORD03635,25-08-2023,South,Notebook,Office Supplies,763.73,91.31,Corporate,Cash on Delivery
ORD03636,03-09-2023,North,Desk,Furniture,748.79,218.63,Home Office,Credit Card
ORD03637,30-06-2024,South,Pen,Office Supplies,1897.36,209.08,Corporate,Prepaid
ORD03638,09-09-2022,North,Chair,Furniture,112.8,15.41,Home Office,Credit Card
ORD03639,29-07-2023,East,Bookshelf,Furniture,328.05,33.79,Home Office,UPI
ORD03640,18-05-2023,North,Cabinet,Furniture,1541.55,289.11,Consumer,Cash on Delivery
ORD03641,20-11-2024,West,Bookshelf,Furniture,1465.48,416.79,Home Office,UPI
ORD03642,19-08-2023,East,Desk,Furniture,1332.8,75.07,Consumer,Prepaid
ORD03643,27-03-2024,West,Stapler,Office Supplies,1618.88,195.82,Corporate,Prepaid
ORD03644,18-11-2024,South,File Folder,Office Supplies,287.28,53.99,Corporate,Credit Card
ORD03645,31-08-2024,North,Notebook,Office Supplies,107.01,7.89,Corporate,Credit Card
ORD03646,14-12-2022,West,Monitor,Technology,887.25,223.56,Corporate,Credit Card
ORD03647,28-08-2024,South,Pen,Office Supplies,53.01,9.61,Consumer,UPI
ORD03648,31-03-2022,West,Paper,Office Supplies,306.68,60.8,Corporate,UPI
ORD03649,02-09-2022,East,Chair,Furniture,1370.74,129.82,Consumer,Credit Card
ORD03650,08-09-2024,West,Laptop,Technology,1930.85,370.04,Corporate,Cash on Delivery
ORD03651,27-08-2024,North,Notebook,Office Supplies,122.54,18.93,Consumer,Cash on Delivery
ORD03652,18-08-2022,North,Table,Furniture,1608.97,179.03,Consumer,Prepaid
ORD03653,15-05-2022,West,Mouse,Technology,163.69,16.54,Home Office,UPI
ORD03654,25-06-2023,East,Pen,Office Supplies,918.89,209.75,Home Office,Prepaid
ORD03655,21-03-2022,East,Mouse,Technology,407.23,31.33,Consumer,Prepaid
ORD03656,21-12-2023,West,File Folder,Office Supplies,272.46,20.57,Corporate,Credit Card
ORD03657,13-12-2022,East,Pen,Office Supplies,958.24,249.8,Home Office,Credit Card
ORD03658,01-04-2022,East,Monitor,Technology,521.66,107.8,Home Office,Credit Card
ORD03659,18-04-2023,East,Keyboard,Technology,1285.57,210.41,Corporate,Credit Card
ORD03660,16-05-2023,South,Pen,Office Supplies,718.06,142.88,Home Office,Cash on Delivery
ORD03661,18-01-2022,East,Bookshelf,Furniture,1836.42,427.5,Corporate,Credit Card
ORD03662,13-12-2023,East,Mouse,Technology,867.52,124.35,Consumer,Cash on Delivery
ORD03663,06-05-2023,South,Notebook,Office Supplies,853.05,93.98,Corporate,Prepaid
ORD03664,30-06-2023,North,Desk,Furniture,1465.46,96.71,Consumer,Prepaid
ORD03665,11-06-2024,North,File Folder,Office Supplies,821.38,163.69,Consumer,Prepaid
ORD03666,17-03-2022,North,Desk,Furniture,60.94,10.51,Consumer,Prepaid
ORD03667,13-09-2023,North,Bookshelf,Furniture,743.53,60.97,Consumer,Credit Card
ORD03668,02-05-2023,East,Table,Furniture,715.16,109.35,Consumer,Cash on Delivery
ORD03669,12-05-2023,East,Chair,Furniture,1791.05,319.74,Corporate,Credit Card
ORD03670,19-07-2022,East,Monitor,Technology,233.85,68.97,Home Office,UPI
ORD03671,13-01-2022,South,Bookshelf,Furniture,1346.5,100.3,Corporate,UPI
ORD03672,26-07-2022,East,Bookshelf,Furniture,1388.96,169.16,Consumer,Credit Card
ORD03673,30-09-2024,South,Keyboard,Technology,615.44,183.48,Home Office,Credit Card
ORD03674,28-09-2024,East,Laptop,Technology,1702.32,458.9,Home Office,Credit Card
ORD03675,23-01-2022,South,Laptop,Technology,1707.06,133.84,Corporate,Prepaid
ORD03676,11-03-2022,East,Printer,Technology,832.26,95.81,Consumer,UPI
ORD03677,06-09-2022,North,Laptop,Technology,1033.67,67.23,Consumer,Prepaid
ORD03678,11-05-2024,North,Chair,Furniture,1398.98,188.85,Home Office,Prepaid
ORD03679,03-08-2022,West,Desk,Furniture,1738.52,395.92,Consumer,Credit Card
ORD03680,19-04-2022,North,File Folder,Office Supplies,643.86,159.6,Corporate,Credit Card
ORD03681,26-04-2024,East,Keyboard,Technology,58.96,14.71,Home Office,UPI
ORD03682,24-10-2023,West,Notebook,Office Supplies,454.12,31.71,Consumer,Credit Card
ORD03683,15-05-2023,West,File Folder,Office Supplies,1561.54,392.57,Home Office,UPI
ORD03684,05-02-2022,South,Stapler,Office Supplies,1451.05,399.4,Corporate,Prepaid
ORD03685,13-12-2024,West,Laptop,Technology,1321.65,350.2,Corporate,UPI
ORD03686,30-08-2024,North,Paper,Office Supplies,439.12,117.94,Corporate,Cash on Delivery
ORD03687,12-02-2022,West,Pen,Office Supplies,667.8,72.43,Corporate,Prepaid
ORD03688,22-02-2024,East,Paper,Office Supplies,853.37,86.81,Corporate,Prepaid
ORD03689,29-11-2022,East,Pen,Office Supplies,531.79,49.87,Corporate,UPI
ORD03690,25-07-2024,North,Chair,Furniture,445.16,113.83,Home Office,Prepaid
ORD03691,17-04-2023,North,Pen,Office Supplies,875.8,183.95,Consumer,UPI
ORD03692,26-11-2023,East,File Folder,Office Supplies,1071.41,69.77,Consumer,Credit Card
ORD03693,21-04-2022,East,Notebook,Office Supplies,722.11,122.46,Consumer,UPI
ORD03694,02-09-2022,North,Printer,Technology,153.6,19.3,Consumer,Credit Card
ORD03695,05-04-2023,East,Chair,Furniture,993.52,113.32,Corporate,UPI
ORD03696,07-04-2024,East,Stapler,Office Supplies,470.43,133.66,Home Office,Credit Card
ORD03697,19-05-2024,West,Desk,Furniture,434.68,31.87,Corporate,Cash on Delivery
ORD03698,25-09-2022,South,Notebook,Office Supplies,458.46,48.85,Home Office,Prepaid
ORD03699,12-12-2023,West,Laptop,Technology,1131.66,238.19,Corporate,Cash on Delivery
ORD03700,28-04-2024,South,Laptop,Technology,1209.74,129.91,Home Office,Credit Card
ORD03701,08-10-2023,West,Stapler,Office Supplies,1009.89,297.17,Corporate,UPI
ORD03702,26-09-2023,East,Desk,Furniture,253.78,38.86,Home Office,Cash on Delivery
ORD03703,28-01-2022,North,Printer,Technology,810.3,133.14,Home Office,Credit Card
ORD03704,28-10-2022,South,Mouse,Technology,525.99,145.29,Home Office,Credit Card
ORD03705,23-12-2024,South,Printer,Technology,518.39,54.97,Consumer,UPI
ORD03706,26-06-2024,East,Stapler,Office Supplies,1184.24,72.97,Corporate,Credit Card
ORD03707,17-12-2023,West,Paper,Office Supplies,1100.04,150.55,Consumer,Prepaid
ORD03708,10-04-2024,West,Laptop,Technology,1858.94,149.56,Home Office,Cash on Delivery
ORD03709,21-04-2023,North,Desk,Furniture,1855.78,259.51,Consumer,UPI
ORD03710,31-07-2022,North,Pen,Office Supplies,1008.63,125.56,Home Office,UPI
ORD03711,14-04-2022,West,Keyboard,Technology,1237.46,366.57,Consumer,Cash on Delivery
ORD03712,02-07-2024,West,Desk,Furniture,740.78,196.26,Home Office,UPI
ORD03713,05-09-2024,South,Desk,Furniture,529,137.62,Consumer,Credit Card
ORD03714,12-03-2023,West,Notebook,Office Supplies,1060.41,212.35,Consumer,Credit Card
ORD03715,08-05-2023,East,Keyboard,Technology,865.93,92.27,Corporate,UPI
ORD03716,16-01-2023,South,Printer,Technology,1446.19,361.55,Consumer,Prepaid
ORD03717,14-07-2022,West,File Folder,Office Supplies,1569.4,287.4,Home Office,Prepaid
ORD03718,16-04-2024,South,Table,Furniture,1710.53,356.38,Consumer,UPI
ORD03719,26-09-2022,West,Desk,Furniture,1681.14,493.14,Consumer,Credit Card
ORD03720,02-03-2024,East,Pen,Office Supplies,269.13,19.42,Consumer,UPI
ORD03721,02-10-2024,East,Cabinet,Furniture,736.25,49.62,Corporate,Credit Card
ORD03722,16-11-2024,East,Cabinet,Furniture,1222.61,139.86,Home Office,Cash on Delivery
ORD03723,03-07-2022,West,Table,Furniture,81.49,10.84,Consumer,Credit Card
ORD03724,15-09-2023,North,Chair,Furniture,1473.42,202.13,Corporate,Credit Card
ORD03725,17-10-2024,North,File Folder,Office Supplies,967.34,258.5,Corporate,UPI
ORD03726,20-10-2024,South,Bookshelf,Furniture,1400.59,200.76,Corporate,UPI
ORD03727,22-04-2024,South,Mouse,Technology,756.84,87.24,Consumer,Credit Card
ORD03728,08-12-2023,North,Pen,Office Supplies,1938.43,493.72,Home Office,Cash on Delivery
ORD03729,13-10-2023,South,Laptop,Technology,828.36,198.79,Consumer,Prepaid
ORD03730,01-02-2024,South,Bookshelf,Furniture,1476.62,293.14,Corporate,Prepaid
ORD03731,06-11-2022,East,Keyboard,Technology,1246.14,190.53,Consumer,Prepaid
ORD03732,10-02-2022,South,Mouse,Technology,1163.9,336.38,Home Office,UPI
ORD03733,29-12-2023,East,Desk,Furniture,1160.21,71.21,Consumer,Prepaid
ORD03734,25-03-2024,East,Laptop,Technology,1446.92,355.38,Home Office,Credit Card
ORD03735,21-03-2023,East,Pen,Office Supplies,932.61,150.02,Home Office,Credit Card
ORD03736,17-11-2024,East,Laptop,Technology,1232.63,255.1,Home Office,Prepaid
ORD03737,08-04-2022,South,Monitor,Technology,1043.24,112.18,Consumer,Cash on Delivery
ORD03738,16-08-2024,East,Printer,Technology,1443.75,210.09,Home Office,Prepaid
ORD03739,07-08-2023,West,Stapler,Office Supplies,1106.29,228.95,Home Office,Credit Card
ORD03740,08-07-2023,North,Mouse,Technology,1682.1,117.58,Home Office,Prepaid
ORD03741,18-09-2022,West,Stapler,Office Supplies,329.66,28.32,Corporate,Prepaid
ORD03742,08-07-2022,South,Table,Furniture,867.43,127.78,Corporate,Cash on Delivery
ORD03743,30-06-2024,South,Laptop,Technology,1241.12,62.92,Home Office,Credit Card
ORD03744,12-12-2022,South,Bookshelf,Furniture,1377.69,155.54,Corporate,Credit Card
ORD03745,12-11-2022,South,Monitor,Technology,486.18,60.09,Corporate,Prepaid
ORD03746,07-05-2023,East,Keyboard,Technology,1625.39,478.82,Corporate,Credit Card
ORD03747,19-05-2022,North,Keyboard,Technology,114.88,13.67,Consumer,Prepaid
ORD03748,15-03-2023,South,Desk,Furniture,801.97,112.71,Consumer,Credit Card
ORD03749,23-01-2022,North,Table,Furniture,204.24,32.74,Consumer,Cash on Delivery
ORD03750,13-05-2023,East,Mouse,Technology,1016.25,239.91,Consumer,Credit Card
ORD03751,15-02-2024,West,Chair,Furniture,579.91,128.8,Corporate,Credit Card
ORD03752,03-08-2024,North,Laptop,Technology,1299.47,214.52,Home Office,UPI
ORD03753,19-11-2023,West,Paper,Office Supplies,1892.29,288.83,Home Office,Prepaid
ORD03754,12-04-2024,East,Desk,Furniture,663.1,54.23,Home Office,Credit Card
ORD03755,04-09-2024,North,Desk,Furniture,1096.39,253.21,Home Office,Cash on Delivery
ORD03756,03-05-2023,North,Monitor,Technology,1365.95,346.43,Corporate,Credit Card
ORD03757,02-05-2022,West,Bookshelf,Furniture,1772.9,161.59,Consumer,Credit Card
ORD03758,23-09-2024,West,Paper,Office Supplies,1956.34,200.73,Corporate,Prepaid
ORD03759,03-06-2023,South,Chair,Furniture,300.64,60.85,Home Office,UPI
ORD03760,11-04-2024,South,Paper,Office Supplies,122.95,17.25,Corporate,Credit Card
ORD03761,04-09-2023,East,Table,Furniture,1837.47,262.85,Consumer,UPI
ORD03762,19-02-2023,West,Table,Furniture,487.38,81.25,Consumer,Cash on Delivery
ORD03763,15-01-2023,North,Printer,Technology,529.46,34.24,Consumer,Credit Card
ORD03764,02-07-2024,West,Mouse,Technology,389.24,24.23,Consumer,UPI
ORD03765,17-11-2022,North,Paper,Office Supplies,786.45,123.79,Corporate,Prepaid
ORD03766,26-04-2022,South,Pen,Office Supplies,1814.93,467.94,Corporate,Prepaid
ORD03767,21-12-2024,South,Printer,Technology,141.52,7.41,Home Office,Prepaid
ORD03768,07-05-2023,South,Keyboard,Technology,156.44,46.36,Home Office,Prepaid
ORD03769,06-02-2024,East,Notebook,Office Supplies,938.02,113.24,Consumer,Credit Card
ORD03770,07-12-2023,East,Notebook,Office Supplies,1599.16,174.19,Home Office,UPI
ORD03771,13-05-2022,North,Table,Furniture,153.03,25.42,Corporate,UPI
ORD03772,21-10-2022,North,Stapler,Office Supplies,920.27,142.47,Corporate,Cash on Delivery
ORD03773,31-08-2023,South,Chair,Furniture,450.72,49.4,Consumer,Cash on Delivery
ORD03774,21-01-2024,South,Bookshelf,Furniture,1282.26,289.18,Corporate,UPI
ORD03775,04-09-2023,West,Cabinet,Furniture,652.96,33.12,Consumer,Prepaid
ORD03776,03-12-2023,East,File Folder,Office Supplies,956.07,152.64,Corporate,Cash on Delivery
ORD03777,16-02-2024,South,Pen,Office Supplies,1650.89,189.42,Corporate,Prepaid
ORD03778,01-08-2022,South,Printer,Technology,1020.29,281.42,Home Office,Credit Card
ORD03779,26-10-2022,South,Paper,Office Supplies,1764.62,169.17,Consumer,UPI
ORD03780,23-08-2024,West,Bookshelf,Furniture,1295.77,377.33,Corporate,Cash on Delivery
ORD03781,28-01-2022,North,Chair,Furniture,726.05,164.92,Home Office,Cash on Delivery
ORD03782,25-07-2023,North,Printer,Technology,1426.78,217.9,Corporate,Prepaid
ORD03783,05-11-2022,East,Desk,Furniture,483.38,62.14,Consumer,Credit Card
ORD03784,04-04-2022,North,Monitor,Technology,1665.06,362.18,Consumer,UPI
ORD03785,24-07-2023,West,Mouse,Technology,1775.77,219.45,Consumer,Credit Card
ORD03786,05-05-2024,West,Printer,Technology,1992.27,159.86,Home Office,Cash on Delivery
ORD03787,26-08-2022,East,Stapler,Office Supplies,62.88,4.21,Corporate,Credit Card
ORD03788,01-11-2023,South,Chair,Furniture,627.79,86.3,Home Office,Prepaid
ORD03789,01-07-2022,South,Chair,Furniture,1113.09,117.61,Home Office,Cash on Delivery
ORD03790,21-09-2023,South,Bookshelf,Furniture,1172.55,204.48,Consumer,Cash on Delivery
ORD03791,07-09-2022,South,Table,Furniture,651.59,115.12,Corporate,Prepaid
ORD03792,06-03-2023,East,Stapler,Office Supplies,1468.45,312.7,Corporate,Credit Card
ORD03793,10-12-2022,South,Desk,Furniture,853.86,196.83,Consumer,UPI
ORD03794,23-11-2024,East,Printer,Technology,433.74,68.49,Home Office,Cash on Delivery
ORD03795,22-01-2023,West,Stapler,Office Supplies,1843.48,133.39,Corporate,Credit Card
ORD03796,26-03-2022,East,Paper,Office Supplies,606.87,156.43,Home Office,Credit Card
ORD03797,04-11-2024,West,Table,Furniture,833.28,193.48,Consumer,Credit Card
ORD03798,27-02-2022,North,Mouse,Technology,1722.92,229.47,Consumer,Prepaid
ORD03799,05-05-2023,South,Stapler,Office Supplies,1123.08,65.81,Consumer,Prepaid
ORD03800,15-05-2023,West,File Folder,Office Supplies,1448.9,98.55,Consumer,Credit Card
ORD03801,20-02-2022,South,Paper,Office Supplies,746.96,216.6,Consumer,Cash on Delivery
ORD03802,29-04-2024,East,Pen,Office Supplies,820.61,104.91,Home Office,Credit Card
ORD03803,24-05-2024,South,Cabinet,Furniture,362.16,66.35,Corporate,Credit Card
ORD03804,19-03-2022,South,Chair,Furniture,152.46,13.64,Home Office,UPI
ORD03805,26-10-2022,East,Cabinet,Furniture,88.88,23.13,Consumer,UPI
ORD03806,16-04-2023,West,Laptop,Technology,402.74,29.04,Consumer,Prepaid
ORD03807,06-06-2022,South,Mouse,Technology,1672.94,407.67,Corporate,UPI
ORD03808,21-11-2022,West,Printer,Technology,239.45,51.28,Consumer,Credit Card
ORD03809,14-05-2024,South,Printer,Technology,854.57,154.47,Corporate,Cash on Delivery
ORD03810,01-02-2023,North,Stapler,Office Supplies,267.85,76.99,Home Office,UPI
ORD03811,21-06-2022,South,Paper,Office Supplies,514.99,93.85,Consumer,Prepaid
ORD03812,26-04-2024,North,Paper,Office Supplies,1649.98,166.79,Home Office,Prepaid
ORD03813,02-12-2023,South,Laptop,Technology,1834.53,380.23,Corporate,Prepaid
ORD03814,30-05-2023,South,Printer,Technology,702.24,104.28,Consumer,Cash on Delivery
ORD03815,17-10-2022,North,File Folder,Office Supplies,1242.67,323.23,Corporate,Prepaid
ORD03816,18-07-2023,North,Notebook,Office Supplies,1309.66,234.81,Corporate,Credit Card
ORD03817,31-01-2023,North,Pen,Office Supplies,1117.1,108.1,Home Office,Prepaid
ORD03818,19-11-2024,East,Chair,Furniture,485.73,144.23,Home Office,UPI
ORD03819,30-07-2022,West,Laptop,Technology,1312.17,162.84,Home Office,UPI
ORD03820,14-05-2023,East,Printer,Technology,1008.85,267.51,Home Office,Credit Card
ORD03821,07-02-2023,South,Printer,Technology,1674.08,442.14,Corporate,Prepaid
ORD03822,15-08-2022,North,Chair,Furniture,1468.02,364.74,Consumer,UPI
ORD03823,15-06-2022,West,Monitor,Technology,607.45,159,Corporate,Cash on Delivery
ORD03824,10-04-2022,North,Bookshelf,Furniture,960.8,182.98,Home Office,Prepaid
ORD03825,16-01-2022,West,Printer,Technology,1292.78,89.87,Consumer,UPI
ORD03826,26-12-2023,South,File Folder,Office Supplies,1712.44,450.08,Home Office,Credit Card
ORD03827,21-12-2024,North,Pen,Office Supplies,1039.63,302.46,Home Office,Cash on Delivery
ORD03828,30-11-2023,East,Pen,Office Supplies,1046.13,124.85,Corporate,Cash on Delivery
ORD03829,14-12-2024,North,Keyboard,Technology,1644.26,395.71,Consumer,Prepaid
ORD03830,04-06-2023,South,Laptop,Technology,1129.8,283.26,Home Office,Prepaid
ORD03831,30-03-2024,East,Chair,Furniture,246.73,68.13,Consumer,Prepaid
ORD03832,08-08-2022,East,File Folder,Office Supplies,848.19,158.44,Consumer,Credit Card
ORD03833,22-09-2024,West,Bookshelf,Furniture,493.24,90.13,Consumer,Cash on Delivery
ORD03834,28-07-2023,South,Keyboard,Technology,621.29,86.09,Home Office,Credit Card
ORD03835,14-11-2022,South,Bookshelf,Furniture,1045.03,91.55,Home Office,Cash on Delivery
ORD03836,11-07-2024,South,Stapler,Office Supplies,504.61,67.69,Corporate,Cash on Delivery
ORD03837,31-01-2024,South,Pen,Office Supplies,1143.91,100.61,Consumer,Credit Card
ORD03838,10-11-2024,North,Cabinet,Furniture,137.75,33.16,Corporate,Prepaid
ORD03839,27-02-2023,West,Chair,Furniture,1983.97,504.49,Consumer,Credit Card
ORD03840,17-01-2024,South,Paper,Office Supplies,1756.01,439.25,Consumer,UPI
ORD03841,27-03-2023,North,Paper,Office Supplies,1924.14,164.26,Home Office,Cash on Delivery
ORD03842,13-01-2022,North,Monitor,Technology,348.45,26.6,Home Office,Prepaid
ORD03843,15-12-2022,West,Laptop,Technology,1281.54,362.78,Home Office,UPI
ORD03844,02-12-2023,North,Desk,Furniture,268.18,19.4,Consumer,Credit Card
ORD03845,13-11-2024,South,Laptop,Technology,1855.91,468.59,Consumer,UPI
ORD03846,19-10-2024,West,Table,Furniture,494.11,136.13,Consumer,Cash on Delivery
ORD03847,25-09-2022,South,Notebook,Office Supplies,1719.93,292.16,Home Office,Credit Card
ORD03848,05-08-2023,South,Notebook,Office Supplies,1234.25,125.78,Corporate,UPI
ORD03849,08-09-2023,West,Bookshelf,Furniture,384.73,36.09,Consumer,Prepaid
ORD03850,07-06-2023,East,Cabinet,Furniture,324.47,22.5,Consumer,Cash on Delivery
ORD03851,07-04-2024,West,File Folder,Office Supplies,198.89,20.69,Corporate,Prepaid
ORD03852,29-01-2024,East,Mouse,Technology,1684.08,286.83,Corporate,Prepaid
ORD03853,07-05-2022,East,Stapler,Office Supplies,1414.97,316.7,Consumer,Credit Card
ORD03854,05-02-2023,South,Paper,Office Supplies,1868.27,181.43,Home Office,Credit Card
ORD03855,30-09-2024,West,Bookshelf,Furniture,235.06,14.16,Corporate,Cash on Delivery
ORD03856,22-03-2024,East,Printer,Technology,1802.17,529.98,Home Office,Cash on Delivery
ORD03857,27-03-2022,West,Notebook,Office Supplies,1901.69,487.43,Consumer,Cash on Delivery
ORD03858,21-03-2024,South,Printer,Technology,1027.99,58.24,Home Office,Credit Card
ORD03859,01-02-2023,West,Keyboard,Technology,1892.01,261.19,Home Office,Prepaid
ORD03860,17-09-2023,West,Chair,Furniture,1489.09,285.67,Home Office,Cash on Delivery
ORD03861,31-05-2024,West,Table,Furniture,491.2,89.84,Home Office,Prepaid
ORD03862,17-07-2023,East,Laptop,Technology,1212.03,152.7,Corporate,UPI
ORD03863,07-03-2024,South,Desk,Furniture,1686.23,195.64,Corporate,UPI
ORD03864,22-08-2022,South,Laptop,Technology,1623.84,182.49,Consumer,Prepaid
ORD03865,12-10-2022,South,Chair,Furniture,431.76,42.95,Consumer,Credit Card
ORD03866,06-01-2023,East,Mouse,Technology,778.41,51.79,Consumer,Prepaid
ORD03867,19-02-2022,West,Pen,Office Supplies,1708.37,365.76,Home Office,Cash on Delivery
ORD03868,27-02-2024,East,Printer,Technology,1466.28,169.53,Consumer,UPI
ORD03869,02-05-2024,West,Printer,Technology,176.67,12.22,Home Office,UPI
ORD03870,02-08-2023,South,Mouse,Technology,1422.29,174.68,Consumer,Credit Card
ORD03871,25-10-2024,North,Cabinet,Furniture,529.23,142.77,Home Office,Prepaid
ORD03872,21-06-2024,South,Laptop,Technology,512.54,82.37,Home Office,Prepaid
ORD03873,16-02-2022,North,Chair,Furniture,1907.06,482.94,Corporate,Credit Card
ORD03874,19-12-2023,South,Stapler,Office Supplies,1209.01,102.32,Corporate,Prepaid
ORD03875,09-07-2022,South,Notebook,Office Supplies,1902.64,315.47,Home Office,UPI
ORD03876,28-01-2023,North,Keyboard,Technology,385.38,77.78,Home Office,Prepaid
ORD03877,22-01-2024,East,Pen,Office Supplies,1638.28,120.69,Home Office,UPI
ORD03878,02-11-2024,East,Monitor,Technology,1661.77,198.71,Consumer,Credit Card
ORD03879,21-01-2024,West,Monitor,Technology,64.67,15.73,Corporate,UPI
ORD03880,28-07-2022,South,Cabinet,Furniture,1362.6,262.41,Home Office,UPI
ORD03881,31-05-2024,West,Table,Furniture,1314.23,87.38,Corporate,UPI
ORD03882,19-12-2024,North,Monitor,Technology,1420.92,100.34,Home Office,UPI
ORD03883,28-03-2022,North,Keyboard,Technology,112.64,13.15,Corporate,Credit Card
ORD03884,17-11-2024,West,Keyboard,Technology,977.02,230.31,Corporate,UPI
ORD03885,23-11-2023,South,Mouse,Technology,909.52,206.93,Corporate,Prepaid
ORD03886,24-05-2022,West,Paper,Office Supplies,498.14,33.04,Corporate,Cash on Delivery
ORD03887,17-03-2023,North,Laptop,Technology,1420.07,400.64,Home Office,Credit Card
ORD03888,24-02-2023,East,Laptop,Technology,682.54,140.05,Home Office,Prepaid
ORD03889,21-09-2022,North,Chair,Furniture,1834.92,534.14,Home Office,UPI
ORD03890,27-06-2024,North,Mouse,Technology,770.36,51.88,Corporate,Prepaid
ORD03891,22-02-2022,East,Pen,Office Supplies,533.69,125.05,Consumer,Cash on Delivery
ORD03892,19-10-2023,South,Cabinet,Furniture,1568.42,166.77,Corporate,Credit Card
ORD03893,14-02-2022,West,Bookshelf,Furniture,773.03,153.11,Consumer,Credit Card
ORD03894,25-01-2023,West,Chair,Furniture,147.01,33.07,Home Office,Credit Card
ORD03895,05-05-2023,South,Monitor,Technology,1286.51,102.22,Home Office,Cash on Delivery
ORD03896,11-11-2024,East,File Folder,Office Supplies,305.08,67.22,Corporate,Credit Card
ORD03897,21-03-2024,North,Laptop,Technology,518.77,130.07,Home Office,UPI
ORD03898,23-09-2022,East,File Folder,Office Supplies,171.98,27.95,Consumer,UPI
ORD03899,03-11-2024,South,Laptop,Technology,748.81,152.6,Consumer,Credit Card
ORD03900,09-10-2024,North,Table,Furniture,1393.61,414.44,Home Office,Cash on Delivery
ORD03901,27-01-2022,North,Chair,Furniture,416,63.81,Home Office,UPI
ORD03902,20-08-2024,West,Mouse,Technology,211.14,47.45,Corporate,UPI
ORD03903,27-02-2023,West,Paper,Office Supplies,1970.69,332.06,Home Office,Credit Card
ORD03904,25-12-2024,West,Pen,Office Supplies,979.97,126.02,Home Office,Cash on Delivery
ORD03905,05-03-2022,West,Bookshelf,Furniture,1005.2,66.28,Consumer,Credit Card
ORD03906,23-09-2024,North,Printer,Technology,522.6,81.8,Corporate,Cash on Delivery
ORD03907,11-11-2023,North,Keyboard,Technology,1225.77,210.9,Consumer,UPI
ORD03908,10-03-2022,East,Desk,Furniture,405.31,43.57,Corporate,UPI
ORD03909,03-07-2024,West,Pen,Office Supplies,1884.09,445.29,Corporate,UPI
ORD03910,19-01-2024,West,Desk,Furniture,338.99,69.25,Home Office,Cash on Delivery
ORD03911,23-08-2023,West,Pen,Office Supplies,364.92,94.81,Corporate,UPI
ORD03912,22-04-2023,West,Mouse,Technology,1151.53,230.37,Home Office,Cash on Delivery
ORD03913,17-11-2022,East,Desk,Furniture,376.22,24.26,Home Office,Prepaid
ORD03914,11-07-2023,North,Chair,Furniture,1437.36,286.59,Consumer,UPI
ORD03915,28-06-2022,North,Bookshelf,Furniture,1364.76,302.97,Home Office,Credit Card
ORD03916,24-10-2024,West,File Folder,Office Supplies,1893.54,279.24,Corporate,Credit Card
ORD03917,26-03-2024,South,Notebook,Office Supplies,954.6,131.58,Corporate,UPI
ORD03918,02-01-2022,North,Desk,Furniture,1762.11,204.34,Corporate,UPI
ORD03919,04-02-2024,East,Cabinet,Furniture,784.62,53.04,Corporate,Cash on Delivery
ORD03920,20-09-2024,West,Laptop,Technology,1594.04,380.97,Corporate,Cash on Delivery
ORD03921,08-11-2023,West,Stapler,Office Supplies,1970.85,146.12,Home Office,UPI
ORD03922,10-11-2022,East,Desk,Furniture,1004.15,214.84,Home Office,Credit Card
ORD03923,31-12-2022,East,Desk,Furniture,948.6,227.03,Consumer,Prepaid
ORD03924,26-07-2022,East,Bookshelf,Furniture,577.16,58.13,Home Office,Credit Card
ORD03925,10-06-2022,South,Bookshelf,Furniture,1802.46,302.84,Consumer,Prepaid
ORD03926,16-02-2022,South,Monitor,Technology,242.38,14.72,Home Office,UPI
ORD03927,27-04-2024,South,File Folder,Office Supplies,1066.61,56.04,Home Office,Credit Card
ORD03928,05-08-2022,East,File Folder,Office Supplies,1457.93,74.59,Corporate,Credit Card
ORD03929,20-01-2024,South,Printer,Technology,1344.16,104.41,Consumer,UPI
ORD03930,06-08-2024,West,Chair,Furniture,1328.4,77.8,Corporate,Credit Card
ORD03931,26-01-2023,South,Monitor,Technology,591.07,54.86,Consumer,Credit Card
ORD03932,17-02-2024,South,Stapler,Office Supplies,473.86,89.06,Consumer,UPI
ORD03933,04-04-2023,West,Chair,Furniture,580.32,89.27,Consumer,Cash on Delivery
ORD03934,20-09-2023,North,Desk,Furniture,568.32,43.9,Consumer,Credit Card
ORD03935,30-03-2022,North,Notebook,Office Supplies,583.86,48.81,Corporate,Cash on Delivery
ORD03936,27-11-2022,North,Notebook,Office Supplies,1594.13,438.48,Home Office,Cash on Delivery
ORD03937,19-11-2024,East,Paper,Office Supplies,1212.41,295.63,Home Office,Credit Card
ORD03938,05-02-2024,West,Chair,Furniture,951.58,268.16,Home Office,Prepaid
ORD03939,27-03-2022,South,Mouse,Technology,1216.9,328.82,Home Office,Prepaid
ORD03940,14-12-2024,North,Printer,Technology,888.94,254.9,Consumer,Prepaid
ORD03941,01-09-2023,South,Stapler,Office Supplies,160.9,20.41,Home Office,Cash on Delivery
ORD03942,21-12-2023,South,File Folder,Office Supplies,866.93,221.41,Consumer,UPI
ORD03943,12-12-2024,West,Desk,Furniture,1091.14,122.47,Corporate,Prepaid
ORD03944,17-07-2024,North,Stapler,Office Supplies,834.71,174.92,Consumer,Credit Card
ORD03945,05-09-2024,South,Stapler,Office Supplies,1208.3,238.98,Home Office,Prepaid
ORD03946,29-07-2024,East,Stapler,Office Supplies,1780.93,206.16,Consumer,Cash on Delivery
ORD03947,27-05-2024,North,Cabinet,Furniture,569.12,50.27,Corporate,Cash on Delivery
ORD03948,07-06-2022,East,Table,Furniture,511.65,124.76,Home Office,Credit Card
ORD03949,02-03-2022,South,Printer,Technology,244.84,23.5,Consumer,Prepaid
ORD03950,13-03-2023,North,Desk,Furniture,404.02,78.87,Corporate,Credit Card
ORD03951,01-07-2023,East,Printer,Technology,904.99,166.93,Consumer,UPI
ORD03952,12-08-2024,West,Keyboard,Technology,242.71,14.06,Home Office,Credit Card
ORD03953,04-12-2023,South,Pen,Office Supplies,786.22,110.38,Corporate,Cash on Delivery
ORD03954,26-11-2024,North,Printer,Technology,1231.88,72.44,Consumer,Credit Card
ORD03955,09-10-2024,North,Cabinet,Furniture,432.61,46.16,Corporate,Credit Card
ORD03956,13-12-2024,East,Bookshelf,Furniture,607.29,155.85,Home Office,UPI
ORD03957,09-01-2024,South,File Folder,Office Supplies,280.93,70.99,Consumer,Credit Card
ORD03958,20-12-2022,West,Notebook,Office Supplies,464.17,65.75,Corporate,Credit Card
ORD03959,07-10-2024,East,File Folder,Office Supplies,541.41,153.49,Consumer,UPI
ORD03960,22-04-2024,North,Bookshelf,Furniture,1018.95,105.79,Consumer,Prepaid
ORD03961,29-11-2024,West,Desk,Furniture,1731.93,294.84,Consumer,Cash on Delivery
ORD03962,13-06-2024,East,Pen,Office Supplies,1129.18,320.52,Consumer,Cash on Delivery
ORD03963,01-05-2024,West,Notebook,Office Supplies,758.64,55.72,Home Office,Prepaid
ORD03964,17-03-2022,South,Desk,Furniture,164.35,26.76,Home Office,UPI
ORD03965,06-01-2024,South,Desk,Furniture,392.17,104.36,Home Office,Credit Card
ORD03966,24-06-2023,North,Laptop,Technology,266.33,70.85,Corporate,UPI
ORD03967,24-06-2023,North,Pen,Office Supplies,1813.58,344.35,Corporate,Credit Card
ORD03968,24-10-2023,North,Notebook,Office Supplies,1665.68,90.13,Home Office,Prepaid
ORD03969,13-08-2023,South,Notebook,Office Supplies,994.57,202.45,Home Office,Prepaid
ORD03970,17-06-2023,East,File Folder,Office Supplies,1780.66,338.41,Consumer,Credit Card
ORD03971,07-03-2024,West,Monitor,Technology,509.72,57,Home Office,Credit Card
ORD03972,17-06-2024,West,Cabinet,Furniture,378.58,72.04,Consumer,Prepaid
ORD03973,06-04-2023,North,File Folder,Office Supplies,1832.27,355.19,Consumer,UPI
ORD03974,01-08-2022,West,Notebook,Office Supplies,902.27,62.96,Consumer,Prepaid
ORD03975,29-07-2023,West,Mouse,Technology,1553.86,309.32,Home Office,Cash on Delivery
ORD03976,11-09-2024,East,Table,Furniture,1860.06,522.91,Consumer,Credit Card
ORD03977,20-06-2023,North,Keyboard,Technology,1642.29,109.12,Corporate,Credit Card
ORD03978,14-11-2022,North,Monitor,Technology,242.72,41.44,Home Office,UPI
ORD03979,17-02-2024,East,Cabinet,Furniture,1923.87,116.58,Home Office,Prepaid
ORD03980,17-02-2022,West,Chair,Furniture,774.87,170.04,Corporate,Prepaid
ORD03981,30-11-2022,East,Bookshelf,Furniture,85.75,10.82,Corporate,Prepaid
ORD03982,19-02-2022,East,Desk,Furniture,492.13,31.93,Consumer,Cash on Delivery
ORD03983,20-04-2023,West,File Folder,Office Supplies,219.88,51.92,Corporate,UPI
ORD03984,23-07-2023,South,Notebook,Office Supplies,203.95,33.91,Consumer,Cash on Delivery
ORD03985,29-11-2022,East,Bookshelf,Furniture,1517.39,232.14,Consumer,Credit Card
ORD03986,19-05-2024,North,Keyboard,Technology,1311.63,365.44,Corporate,Credit Card
ORD03987,02-10-2022,South,Laptop,Technology,817.12,89.4,Corporate,Prepaid
ORD03988,08-09-2022,South,Bookshelf,Furniture,668.66,168.66,Corporate,Prepaid
ORD03989,01-10-2022,South,Monitor,Technology,939.8,69.65,Consumer,Cash on Delivery
ORD03990,20-02-2023,South,Bookshelf,Furniture,422.48,45.17,Corporate,Prepaid
ORD03991,04-07-2024,North,Paper,Office Supplies,664.6,131.74,Corporate,Prepaid
ORD03992,09-07-2024,West,Printer,Technology,882.2,226.05,Home Office,UPI
ORD03993,22-09-2024,West,Table,Furniture,246.49,50.36,Home Office,Prepaid
ORD03994,24-01-2023,West,Monitor,Technology,969.84,164.82,Corporate,Prepaid
ORD03995,03-08-2023,North,Stapler,Office Supplies,1161.84,130.59,Corporate,Credit Card
ORD03996,23-06-2022,South,Printer,Technology,1227.09,223.35,Home Office,Prepaid
ORD03997,27-12-2022,East,Keyboard,Technology,1750.06,371.04,Consumer,Cash on Delivery
ORD03998,29-12-2023,West,Stapler,Office Supplies,944.22,86.48,Corporate,UPI
ORD03999,28-07-2023,West,Keyboard,Technology,1559.42,95.29,Consumer,Credit Card
ORD04000,23-08-2023,West,Bookshelf,Furniture,1998.09,255.59,Home Office,Credit Card
ORD04001,02-01-2023,West,Stapler,Office Supplies,1190.49,122.35,Consumer,Credit Card
ORD04002,30-07-2023,South,Cabinet,Furniture,94.84,12.34,Corporate,Prepaid
ORD04003,31-10-2024,North,Stapler,Office Supplies,101.03,28.73,Consumer,UPI
ORD04004,28-07-2024,East,Mouse,Technology,1214.71,162.53,Corporate,Prepaid
ORD04005,18-06-2022,South,Bookshelf,Furniture,595.99,146.31,Consumer,Cash on Delivery
ORD04006,19-12-2023,South,Bookshelf,Furniture,327.95,52.62,Corporate,UPI
ORD04007,18-02-2024,North,Laptop,Technology,1624.21,315.55,Home Office,Cash on Delivery
ORD04008,03-11-2023,South,Chair,Furniture,780.34,84.27,Consumer,Credit Card
ORD04009,17-06-2022,East,Cabinet,Furniture,120.61,22.83,Consumer,UPI
ORD04010,03-06-2024,West,Mouse,Technology,1182.65,140.48,Consumer,Credit Card
ORD04011,24-10-2024,South,Stapler,Office Supplies,760.58,160.02,Consumer,Cash on Delivery
ORD04012,06-07-2024,East,Printer,Technology,1441.8,430.06,Corporate,Credit Card
ORD04013,25-10-2024,North,Bookshelf,Furniture,665.45,173.47,Corporate,Prepaid
ORD04014,01-04-2024,West,Monitor,Technology,898.12,246.03,Consumer,Credit Card
ORD04015,24-06-2024,North,Stapler,Office Supplies,1099.65,246.17,Corporate,Cash on Delivery
ORD04016,14-10-2023,West,Stapler,Office Supplies,1864.25,532.46,Home Office,Cash on Delivery
ORD04017,28-06-2024,East,Monitor,Technology,1107.86,63.97,Home Office,UPI
ORD04018,22-07-2023,East,Mouse,Technology,259.96,29.64,Consumer,Cash on Delivery
ORD04019,21-12-2023,West,Desk,Furniture,322.42,43.24,Corporate,Cash on Delivery
ORD04020,19-12-2024,North,File Folder,Office Supplies,1198.77,73.51,Home Office,Prepaid
ORD04021,29-10-2024,West,Keyboard,Technology,1572,308.98,Consumer,Cash on Delivery
ORD04022,19-04-2022,East,Mouse,Technology,958.02,263.58,Corporate,Credit Card
ORD04023,05-01-2023,North,Printer,Technology,986.83,230.04,Corporate,Credit Card
ORD04024,07-02-2024,West,Table,Furniture,944.76,121.18,Consumer,Credit Card
ORD04025,15-07-2023,West,Pen,Office Supplies,1572.03,221.33,Consumer,Credit Card
ORD04026,02-05-2024,North,Chair,Furniture,688.38,48.28,Consumer,UPI
ORD04027,15-12-2023,West,File Folder,Office Supplies,1606.01,458.05,Corporate,UPI
ORD04028,01-02-2022,West,Pen,Office Supplies,1129.24,99.48,Home Office,UPI
ORD04029,14-07-2023,East,File Folder,Office Supplies,444.07,28.69,Home Office,Prepaid
ORD04030,06-11-2024,North,Chair,Furniture,209.57,22.23,Corporate,Cash on Delivery
ORD04031,15-05-2023,East,Keyboard,Technology,221.29,19.81,Corporate,Credit Card
ORD04032,12-12-2023,East,Notebook,Office Supplies,1137.95,150.4,Home Office,Cash on Delivery
ORD04033,30-08-2023,East,Cabinet,Furniture,1801.19,181.3,Home Office,Credit Card
ORD04034,06-02-2023,West,Laptop,Technology,1419.66,149.04,Corporate,Cash on Delivery
ORD04035,31-05-2023,West,Monitor,Technology,219.51,56.04,Corporate,Credit Card
ORD04036,17-02-2022,South,Cabinet,Furniture,600.96,43.75,Home Office,UPI
ORD04037,27-03-2023,West,Pen,Office Supplies,156.24,12.22,Consumer,Credit Card
ORD04038,16-06-2024,East,Printer,Technology,1761.56,447.84,Corporate,Prepaid
ORD04039,08-02-2023,East,Laptop,Technology,1877.18,194.26,Consumer,Prepaid
ORD04040,14-04-2023,West,Printer,Technology,152.09,9.01,Home Office,Cash on Delivery
ORD04041,10-05-2022,South,Cabinet,Furniture,1335.26,111.01,Corporate,UPI
ORD04042,15-07-2024,East,Chair,Furniture,272.07,46.5,Home Office,UPI
ORD04043,25-02-2023,North,Cabinet,Furniture,1410.08,80.99,Corporate,Cash on Delivery
ORD04044,24-06-2023,West,Paper,Office Supplies,260.89,27.61,Home Office,Prepaid
ORD04045,02-03-2024,North,Table,Furniture,190.13,36.2,Consumer,Prepaid
ORD04046,25-05-2023,North,Chair,Furniture,788.72,103.74,Corporate,Credit Card
ORD04047,05-07-2022,East,Table,Furniture,371.86,36.05,Corporate,Cash on Delivery
ORD04048,20-01-2023,North,Paper,Office Supplies,320.74,49.8,Corporate,Credit Card
ORD04049,06-09-2022,East,Bookshelf,Furniture,1253.3,167.68,Home Office,Cash on Delivery
ORD04050,06-07-2024,South,Monitor,Technology,1947.67,404.77,Consumer,Cash on Delivery
ORD04051,11-06-2022,South,Mouse,Technology,922.67,95.92,Corporate,Credit Card
ORD04052,20-05-2022,South,Notebook,Office Supplies,262.87,77.6,Home Office,Cash on Delivery
ORD04053,10-11-2024,North,Bookshelf,Furniture,756.06,58.59,Home Office,Credit Card
ORD04054,10-11-2024,North,Printer,Technology,1672.27,278.38,Corporate,UPI
ORD04055,17-04-2022,East,Paper,Office Supplies,1234.62,288.73,Corporate,UPI
ORD04056,13-11-2022,East,Desk,Furniture,51.15,5.75,Home Office,UPI
ORD04057,05-08-2024,South,Keyboard,Technology,1132.66,242.8,Corporate,Credit Card
ORD04058,21-04-2022,East,Table,Furniture,64.01,4.69,Consumer,UPI
ORD04059,14-01-2022,South,Chair,Furniture,310.98,29.16,Consumer,Credit Card
ORD04060,04-05-2024,North,Desk,Furniture,1516.81,289.86,Home Office,UPI
ORD04061,21-02-2023,East,Monitor,Technology,257.55,31.18,Corporate,Cash on Delivery
ORD04062,26-06-2022,North,Notebook,Office Supplies,1665.98,223.46,Home Office,UPI
ORD04063,22-09-2022,North,Mouse,Technology,1384.55,279.34,Home Office,Credit Card
ORD04064,15-03-2024,East,Stapler,Office Supplies,94.29,11.4,Corporate,Credit Card
ORD04065,19-01-2024,South,Pen,Office Supplies,1359.61,274.28,Corporate,Cash on Delivery
ORD04066,27-07-2023,South,Chair,Furniture,1053.17,292.07,Consumer,Credit Card
ORD04067,12-11-2022,West,Notebook,Office Supplies,792.19,231.51,Home Office,Cash on Delivery
ORD04068,05-05-2023,North,Monitor,Technology,713.18,103.57,Home Office,Credit Card
ORD04069,31-10-2022,West,Stapler,Office Supplies,915.77,55.35,Corporate,UPI
ORD04070,07-01-2023,North,Stapler,Office Supplies,1443.76,150.22,Home Office,UPI
ORD04071,11-05-2023,North,Mouse,Technology,1362.12,74.11,Corporate,UPI
ORD04072,07-05-2023,East,Keyboard,Technology,1893.5,561.31,Home Office,UPI
ORD04073,16-01-2023,East,Pen,Office Supplies,1557.49,213.13,Consumer,UPI
ORD04074,18-04-2023,East,File Folder,Office Supplies,1458.27,374.83,Corporate,Prepaid
ORD04075,30-07-2022,West,Printer,Technology,1948.02,253.18,Corporate,UPI
ORD04076,08-06-2024,East,Paper,Office Supplies,165.6,35.85,Consumer,UPI
ORD04077,23-10-2024,East,Printer,Technology,1280.58,306.98,Corporate,UPI
ORD04078,09-11-2023,North,Keyboard,Technology,1305.32,123.54,Home Office,UPI
ORD04079,30-09-2024,South,Notebook,Office Supplies,967.81,140,Consumer,Cash on Delivery
ORD04080,02-01-2022,West,Laptop,Technology,81.31,13.28,Home Office,UPI
ORD04081,24-04-2024,East,Keyboard,Technology,1205.61,90.86,Home Office,UPI
ORD04082,04-05-2022,South,Desk,Furniture,1047.71,178.86,Consumer,Cash on Delivery
ORD04083,02-09-2024,West,Notebook,Office Supplies,1515.15,235.56,Consumer,Cash on Delivery
ORD04084,28-10-2024,North,Paper,Office Supplies,1670.23,255.64,Home Office,Cash on Delivery
ORD04085,28-10-2024,South,Laptop,Technology,1722.76,368.53,Consumer,UPI
ORD04086,23-03-2023,East,Paper,Office Supplies,211.49,22.96,Corporate,Cash on Delivery
ORD04087,09-09-2024,East,Bookshelf,Furniture,773.57,191.25,Corporate,Cash on Delivery
ORD04088,12-09-2023,East,Laptop,Technology,141.66,9.13,Corporate,Prepaid
ORD04089,04-06-2024,South,Notebook,Office Supplies,695.92,208.07,Corporate,Prepaid
ORD04090,12-09-2022,West,Cabinet,Furniture,1842.14,279.04,Corporate,UPI
ORD04091,04-03-2023,South,Cabinet,Furniture,1279.03,90.03,Consumer,Prepaid
ORD04092,23-04-2023,West,Pen,Office Supplies,1415.67,370.51,Consumer,Prepaid
ORD04093,12-04-2022,North,Paper,Office Supplies,1176.22,267.21,Home Office,Cash on Delivery
ORD04094,09-02-2024,North,Table,Furniture,1243.53,362.85,Consumer,Credit Card
ORD04095,01-12-2023,North,Monitor,Technology,1336.81,196.93,Home Office,Prepaid
ORD04096,03-12-2024,West,Stapler,Office Supplies,356.28,98.08,Corporate,Prepaid
ORD04097,27-09-2022,South,Notebook,Office Supplies,1222.73,133.96,Consumer,Credit Card
ORD04098,23-05-2023,West,Mouse,Technology,101.47,24.31,Corporate,Cash on Delivery
ORD04099,17-11-2023,North,Bookshelf,Furniture,787.04,147.44,Consumer,Cash on Delivery
ORD04100,10-07-2023,West,Chair,Furniture,577.73,37.68,Consumer,Prepaid
ORD04101,05-07-2022,North,Table,Furniture,682.83,41.14,Consumer,UPI
ORD04102,20-01-2022,North,Monitor,Technology,1084.63,54.35,Consumer,UPI
ORD04103,03-06-2023,West,Printer,Technology,744.03,95.22,Corporate,Prepaid
ORD04104,14-10-2024,South,Notebook,Office Supplies,1105.06,251.77,Corporate,UPI
ORD04105,14-06-2022,North,Printer,Technology,1338.75,239.14,Corporate,UPI
ORD04106,23-08-2022,North,Bookshelf,Furniture,199.36,25.51,Corporate,Credit Card
ORD04107,24-10-2024,West,Pen,Office Supplies,1746.12,394.36,Consumer,Cash on Delivery
ORD04108,30-08-2023,South,File Folder,Office Supplies,405.17,27.27,Consumer,Credit Card
ORD04109,10-07-2023,East,Paper,Office Supplies,582.42,120.8,Consumer,Prepaid
ORD04110,11-04-2023,South,Laptop,Technology,1439.26,422.7,Corporate,Credit Card
ORD04111,21-02-2022,North,File Folder,Office Supplies,1622.78,383.54,Corporate,Prepaid
ORD04112,04-09-2023,East,Keyboard,Technology,714.33,149.99,Consumer,Cash on Delivery
ORD04113,07-05-2023,North,Table,Furniture,1134.41,114.01,Consumer,UPI
ORD04114,25-08-2024,West,Monitor,Technology,1197.55,297.68,Consumer,Prepaid
ORD04115,15-02-2022,North,File Folder,Office Supplies,1932.49,271.67,Corporate,UPI
ORD04116,05-06-2023,West,Pen,Office Supplies,1646.38,310.11,Corporate,Credit Card
ORD04117,01-01-2024,South,Stapler,Office Supplies,1803,194.11,Consumer,Cash on Delivery
ORD04118,03-11-2022,East,Stapler,Office Supplies,711.03,135.32,Corporate,Credit Card
ORD04119,06-03-2022,South,Desk,Furniture,1428.51,100.78,Home Office,Prepaid
ORD04120,02-08-2022,West,Printer,Technology,1147.55,255.06,Corporate,Cash on Delivery
ORD04121,11-07-2023,South,Printer,Technology,1823.59,111.93,Consumer,Prepaid
ORD04122,01-08-2022,East,Keyboard,Technology,507.71,28.21,Corporate,UPI
ORD04123,15-08-2024,South,Desk,Furniture,1390.51,396.35,Consumer,UPI
ORD04124,26-04-2023,West,Chair,Furniture,700.6,59.99,Home Office,Credit Card
ORD04125,16-10-2023,West,Paper,Office Supplies,826.64,162.24,Consumer,Credit Card
ORD04126,29-09-2022,North,Monitor,Technology,1969.18,397.69,Home Office,Credit Card
ORD04127,14-09-2023,South,Mouse,Technology,636.09,48.32,Consumer,Cash on Delivery
ORD04128,11-09-2022,West,Stapler,Office Supplies,1686.83,472.23,Consumer,Cash on Delivery
ORD04129,02-05-2024,North,File Folder,Office Supplies,1795.88,245.84,Corporate,Cash on Delivery
ORD04130,20-02-2022,North,Laptop,Technology,126.28,7.67,Consumer,UPI
ORD04131,27-11-2023,East,File Folder,Office Supplies,1822.65,346.22,Consumer,UPI
ORD04132,11-07-2023,East,Cabinet,Furniture,981.65,142.11,Consumer,Credit Card
ORD04133,20-05-2023,South,Printer,Technology,1046.65,180.48,Corporate,Cash on Delivery
ORD04134,22-12-2024,East,Pen,Office Supplies,1242.42,192.34,Corporate,Prepaid
ORD04135,08-01-2022,West,Bookshelf,Furniture,1329.81,234.9,Consumer,Credit Card
ORD04136,26-12-2023,North,Table,Furniture,1773.9,370.9,Corporate,Credit Card
ORD04137,12-05-2024,North,Mouse,Technology,259.05,65.64,Consumer,Credit Card
ORD04138,03-05-2023,West,Chair,Furniture,1379.81,369.11,Consumer,Cash on Delivery
ORD04139,28-11-2023,East,Notebook,Office Supplies,269.66,28.49,Home Office,Credit Card
ORD04140,08-06-2024,South,Printer,Technology,1149.24,183.62,Consumer,Prepaid
ORD04141,07-06-2024,North,File Folder,Office Supplies,1638.19,422.64,Corporate,Cash on Delivery
ORD04142,08-08-2023,South,Stapler,Office Supplies,467.71,114.55,Corporate,UPI
ORD04143,08-03-2023,West,File Folder,Office Supplies,1285.46,187.64,Home Office,Credit Card
ORD04144,21-06-2024,South,Pen,Office Supplies,1255.41,365.91,Corporate,Prepaid
ORD04145,09-02-2024,South,Paper,Office Supplies,1346.19,177.87,Corporate,Credit Card
ORD04146,16-12-2023,West,Mouse,Technology,1287.94,197.96,Corporate,Prepaid
ORD04147,20-11-2023,North,Laptop,Technology,1829.6,319.63,Home Office,Cash on Delivery
ORD04148,24-03-2022,West,Paper,Office Supplies,1790.01,503.05,Home Office,UPI
ORD04149,17-12-2023,West,Desk,Furniture,1550.09,436.39,Consumer,Prepaid
ORD04150,10-10-2024,South,Paper,Office Supplies,1564.28,199.03,Corporate,Prepaid
ORD04151,19-04-2024,East,Keyboard,Technology,1446.28,375.75,Corporate,UPI
ORD04152,31-10-2022,North,Desk,Furniture,122.48,20.82,Corporate,Prepaid
ORD04153,15-07-2023,South,Notebook,Office Supplies,311.58,86.39,Consumer,UPI
ORD04154,16-09-2022,East,Paper,Office Supplies,1695.62,475.53,Corporate,UPI
ORD04155,13-05-2022,North,Notebook,Office Supplies,1198.6,242.75,Corporate,UPI
ORD04156,29-06-2023,North,Bookshelf,Furniture,1465.73,120.92,Corporate,Prepaid
ORD04157,21-01-2022,North,Paper,Office Supplies,1000.44,249.92,Home Office,UPI
ORD04158,24-12-2024,North,Mouse,Technology,618.14,57.33,Home Office,UPI
ORD04159,17-02-2024,East,File Folder,Office Supplies,1168.79,66.13,Home Office,Prepaid
ORD04160,17-08-2024,South,File Folder,Office Supplies,1538.39,429.77,Home Office,Credit Card
ORD04161,19-11-2022,West,File Folder,Office Supplies,180.35,24.54,Corporate,UPI
ORD04162,08-04-2023,West,Notebook,Office Supplies,565.28,135.87,Home Office,UPI
ORD04163,20-06-2024,West,Mouse,Technology,1400.91,180.29,Consumer,Cash on Delivery
ORD04164,23-05-2023,East,Pen,Office Supplies,1232.11,347.29,Consumer,Cash on Delivery
ORD04165,20-04-2024,East,Notebook,Office Supplies,98.45,19.88,Home Office,UPI
ORD04166,02-06-2023,East,Table,Furniture,1878.88,176.55,Corporate,Credit Card
ORD04167,27-10-2022,South,Printer,Technology,840.44,101.23,Corporate,Cash on Delivery
ORD04168,28-10-2022,West,Mouse,Technology,1445.48,399.95,Corporate,Cash on Delivery
ORD04169,22-11-2022,West,Monitor,Technology,844.06,175.74,Corporate,Prepaid
ORD04170,24-05-2024,East,Laptop,Technology,1982.42,582.68,Home Office,UPI
ORD04171,17-05-2023,South,Stapler,Office Supplies,901.11,89.13,Corporate,Credit Card
ORD04172,02-06-2024,East,File Folder,Office Supplies,869.76,210.25,Home Office,Prepaid
ORD04173,06-04-2023,East,Monitor,Technology,1659.6,159.96,Home Office,Prepaid
ORD04174,24-04-2023,East,Stapler,Office Supplies,359.47,23.6,Home Office,Credit Card
ORD04175,19-04-2023,East,Cabinet,Furniture,1701.27,188.21,Consumer,Prepaid
ORD04176,29-12-2023,North,Pen,Office Supplies,943,97.68,Home Office,Credit Card
ORD04177,11-01-2022,South,Printer,Technology,1103.07,155.38,Consumer,Credit Card
ORD04178,10-06-2022,South,Mouse,Technology,1484.79,337.97,Home Office,UPI
ORD04179,13-05-2024,North,Paper,Office Supplies,679.74,153.59,Home Office,Credit Card
ORD04180,02-01-2024,East,Paper,Office Supplies,1107.5,192.8,Home Office,Credit Card
ORD04181,08-02-2024,South,Desk,Furniture,1103.03,290.81,Consumer,Credit Card
ORD04182,08-10-2022,East,Cabinet,Furniture,1699.63,253.89,Consumer,Cash on Delivery
ORD04183,15-01-2024,East,Chair,Furniture,1848.52,442.79,Corporate,Credit Card
ORD04184,30-12-2023,West,Printer,Technology,481.69,47.07,Corporate,UPI
ORD04185,23-12-2024,South,Pen,Office Supplies,308.7,42.5,Home Office,UPI
ORD04186,25-11-2023,West,Stapler,Office Supplies,1982.6,328.07,Home Office,Cash on Delivery
ORD04187,24-04-2023,North,Chair,Furniture,1598.12,403.59,Corporate,Credit Card
ORD04188,16-07-2022,West,Chair,Furniture,1509.91,387.29,Consumer,UPI
ORD04189,13-03-2022,West,Monitor,Technology,135.63,13.44,Corporate,Cash on Delivery
ORD04190,20-09-2023,East,Cabinet,Furniture,1432.32,129.83,Consumer,Prepaid
ORD04191,04-06-2024,North,Printer,Technology,1450.06,170.39,Consumer,Cash on Delivery
ORD04192,04-03-2022,North,Printer,Technology,1167.26,301.9,Consumer,Credit Card
ORD04193,29-04-2024,South,Keyboard,Technology,1996.34,229.78,Consumer,Cash on Delivery
ORD04194,08-02-2022,East,Desk,Furniture,1229.54,339.91,Corporate,Prepaid
ORD04195,11-05-2022,North,Keyboard,Technology,919.2,235.52,Home Office,Prepaid
ORD04196,21-03-2024,West,Cabinet,Furniture,1794.13,290.77,Corporate,UPI
ORD04197,13-01-2023,South,Paper,Office Supplies,1386.01,124.72,Corporate,Credit Card
ORD04198,03-03-2023,East,Stapler,Office Supplies,1619.7,201.1,Home Office,Credit Card
ORD04199,04-12-2023,West,Pen,Office Supplies,1831.12,125.24,Home Office,Prepaid
ORD04200,06-05-2022,East,Desk,Furniture,267.54,27.17,Home Office,Cash on Delivery
ORD04201,11-10-2024,South,Mouse,Technology,1436.86,82.24,Corporate,Cash on Delivery
ORD04202,22-09-2022,East,Keyboard,Technology,1907.09,241.05,Home Office,Credit Card
ORD04203,23-07-2022,North,Laptop,Technology,1741.25,243.14,Home Office,UPI
ORD04204,28-01-2022,North,Keyboard,Technology,1277.87,284.32,Home Office,UPI
ORD04205,05-09-2022,North,Printer,Technology,656.37,75.93,Home Office,Cash on Delivery
ORD04206,30-08-2023,East,Keyboard,Technology,936.53,188.38,Home Office,Credit Card
ORD04207,03-12-2023,West,Desk,Furniture,841.63,196.41,Home Office,Credit Card
ORD04208,29-04-2023,East,Keyboard,Technology,133.64,34.62,Consumer,UPI
ORD04209,24-05-2022,South,Pen,Office Supplies,657.27,71.23,Home Office,Credit Card
ORD04210,14-09-2023,West,Notebook,Office Supplies,384.91,72.55,Consumer,Prepaid
ORD04211,20-08-2024,North,Laptop,Technology,254.38,22.91,Corporate,Cash on Delivery
ORD04212,12-10-2023,East,File Folder,Office Supplies,947.22,115.02,Home Office,Cash on Delivery
ORD04213,05-04-2022,South,Stapler,Office Supplies,920.18,247.45,Home Office,Cash on Delivery
ORD04214,18-10-2024,North,Desk,Furniture,968.78,158.19,Corporate,Credit Card
ORD04215,17-04-2022,West,Paper,Office Supplies,366.19,99.94,Consumer,Prepaid
ORD04216,08-09-2022,West,Monitor,Technology,1415.03,295.69,Consumer,Cash on Delivery
ORD04217,08-11-2024,North,Desk,Furniture,894.65,245.58,Consumer,Cash on Delivery
ORD04218,08-01-2024,East,Pen,Office Supplies,1659.2,186.41,Corporate,Prepaid
ORD04219,22-01-2024,South,Cabinet,Furniture,592.1,47.16,Consumer,Credit Card
ORD04220,19-10-2022,South,Paper,Office Supplies,1266.16,102.32,Consumer,Credit Card
ORD04221,12-03-2022,West,Mouse,Technology,859.15,189.94,Corporate,Credit Card
ORD04222,13-03-2023,South,Table,Furniture,1532.57,138.23,Corporate,UPI
ORD04223,12-02-2023,South,Chair,Furniture,1583.66,332.96,Corporate,Prepaid
ORD04224,26-12-2023,South,Bookshelf,Furniture,605.18,167.94,Consumer,Cash on Delivery
ORD04225,01-09-2022,South,Printer,Technology,316.99,55.18,Home Office,UPI
ORD04226,16-08-2023,North,Desk,Furniture,1439.41,217.36,Consumer,Cash on Delivery
ORD04227,18-01-2022,North,Monitor,Technology,1730.01,420.1,Home Office,UPI
ORD04228,28-07-2024,North,File Folder,Office Supplies,1276.09,255.21,Home Office,Credit Card
ORD04229,03-11-2023,East,Keyboard,Technology,335.61,24.26,Consumer,Cash on Delivery
ORD04230,18-04-2024,North,Notebook,Office Supplies,1210.63,337.4,Consumer,Credit Card
ORD04231,19-10-2022,North,Paper,Office Supplies,939.99,140.15,Home Office,Prepaid
ORD04232,20-03-2023,East,Laptop,Technology,776.67,174.07,Home Office,Credit Card
ORD04233,27-11-2022,West,File Folder,Office Supplies,1915.74,182.47,Corporate,UPI
ORD04234,23-08-2023,North,File Folder,Office Supplies,1199.52,158.84,Corporate,Cash on Delivery
ORD04235,05-09-2022,East,Paper,Office Supplies,772.85,104.64,Corporate,Cash on Delivery
ORD04236,14-06-2023,North,Monitor,Technology,1620.94,104.06,Consumer,UPI
ORD04237,08-03-2023,East,Cabinet,Furniture,1189.74,344.26,Consumer,Prepaid
ORD04238,27-09-2023,South,Paper,Office Supplies,1182.81,177.48,Corporate,Prepaid
ORD04239,09-12-2024,East,Table,Furniture,1695.95,255.42,Consumer,Cash on Delivery
ORD04240,25-08-2024,West,Bookshelf,Furniture,1051.85,185.03,Home Office,Credit Card
ORD04241,10-03-2022,South,Table,Furniture,1281.38,148.61,Home Office,Cash on Delivery
ORD04242,16-08-2022,West,Cabinet,Furniture,1264.8,97.07,Consumer,Cash on Delivery
ORD04243,10-08-2023,East,Paper,Office Supplies,1582.47,405.74,Consumer,UPI
ORD04244,13-02-2022,South,Chair,Furniture,1557.48,144.44,Corporate,Credit Card
ORD04245,11-01-2022,West,Chair,Furniture,270.13,21.63,Corporate,UPI
ORD04246,03-07-2022,West,Notebook,Office Supplies,801.55,40.53,Corporate,Cash on Delivery
ORD04247,20-07-2023,North,Cabinet,Furniture,1542.91,335.38,Home Office,Credit Card
ORD04248,20-07-2022,East,File Folder,Office Supplies,151.41,33.68,Consumer,Credit Card
ORD04249,07-05-2024,South,Mouse,Technology,1721.38,489.31,Home Office,Cash on Delivery
ORD04250,16-06-2022,South,File Folder,Office Supplies,803.85,144.12,Corporate,Prepaid
ORD04251,29-04-2024,West,Bookshelf,Furniture,1815.45,129.32,Corporate,Prepaid
ORD04252,03-07-2024,East,Stapler,Office Supplies,1911.09,123.58,Corporate,Prepaid
ORD04253,12-07-2023,North,Paper,Office Supplies,491.67,29.75,Home Office,Cash on Delivery
ORD04254,31-03-2022,East,Pen,Office Supplies,1668.1,397.53,Consumer,UPI
ORD04255,13-05-2023,North,Chair,Furniture,933.26,244.97,Home Office,Credit Card
ORD04256,08-12-2023,East,Chair,Furniture,377.17,88.16,Consumer,Cash on Delivery
ORD04257,08-07-2024,North,Cabinet,Furniture,1764.78,380.95,Consumer,UPI
ORD04258,28-05-2024,North,Notebook,Office Supplies,809.28,236.88,Consumer,UPI
ORD04259,24-08-2022,South,Desk,Furniture,573.22,85.65,Home Office,Credit Card
ORD04260,02-07-2024,North,Desk,Furniture,1700.68,203.37,Home Office,Prepaid
ORD04261,16-12-2023,South,Table,Furniture,1068.83,260.31,Home Office,Prepaid
ORD04262,30-08-2024,South,Bookshelf,Furniture,1565.57,348.18,Home Office,Cash on Delivery
ORD04263,17-04-2023,East,File Folder,Office Supplies,1335.97,221.23,Home Office,Credit Card
ORD04264,21-07-2023,East,Paper,Office Supplies,904.44,137.61,Home Office,UPI
ORD04265,25-04-2024,West,Monitor,Technology,1040.14,146.28,Corporate,UPI
ORD04266,29-09-2022,West,Paper,Office Supplies,1793.43,113.08,Home Office,UPI
ORD04267,14-11-2022,North,Cabinet,Furniture,1749.99,135.5,Home Office,UPI
ORD04268,18-08-2022,East,Laptop,Technology,428.39,63.69,Corporate,Cash on Delivery
ORD04269,19-10-2023,West,Stapler,Office Supplies,1995.87,544.45,Corporate,UPI
ORD04270,18-10-2024,South,Bookshelf,Furniture,849.91,176.58,Home Office,Cash on Delivery
ORD04271,25-08-2024,West,Paper,Office Supplies,171.22,23.18,Consumer,UPI
ORD04272,10-12-2024,West,Stapler,Office Supplies,1754.85,439.68,Corporate,UPI
ORD04273,22-07-2022,North,Paper,Office Supplies,619.51,77.09,Consumer,Cash on Delivery
ORD04274,29-06-2024,East,Chair,Furniture,124.38,15.76,Corporate,Credit Card
ORD04275,19-04-2023,South,Cabinet,Furniture,1813.54,138.72,Consumer,Prepaid
ORD04276,24-10-2022,West,Bookshelf,Furniture,1566.52,292.06,Corporate,Credit Card
ORD04277,21-01-2024,South,Monitor,Technology,1248.14,321.52,Home Office,Prepaid
ORD04278,08-11-2022,South,Chair,Furniture,337.55,27.8,Consumer,Cash on Delivery
ORD04279,07-01-2022,South,Pen,Office Supplies,530.89,46.19,Corporate,Credit Card
ORD04280,13-02-2024,North,File Folder,Office Supplies,305.93,19.71,Home Office,Credit Card
ORD04281,03-05-2023,South,Bookshelf,Furniture,603.76,125.21,Home Office,Cash on Delivery
ORD04282,27-02-2024,South,Desk,Furniture,988.49,141.54,Corporate,UPI
ORD04283,18-05-2024,East,Table,Furniture,325.6,83.52,Corporate,Cash on Delivery
ORD04284,09-11-2024,East,Paper,Office Supplies,1773.48,305.18,Corporate,Cash on Delivery
ORD04285,13-04-2023,North,Paper,Office Supplies,776.51,101.15,Consumer,UPI
ORD04286,25-03-2022,East,Chair,Furniture,940.43,223.09,Corporate,Credit Card
ORD04287,03-12-2024,West,Keyboard,Technology,1662.68,384.09,Home Office,Prepaid
ORD04288,26-08-2022,South,Table,Furniture,825.27,146.11,Consumer,UPI
ORD04289,13-10-2022,West,Chair,Furniture,382.75,105.98,Corporate,UPI
ORD04290,09-07-2023,East,Pen,Office Supplies,247.37,28.84,Corporate,Prepaid
ORD04291,23-04-2024,North,Laptop,Technology,1256.88,197.62,Corporate,UPI
ORD04292,30-03-2023,North,Chair,Furniture,1466.48,134.23,Consumer,Credit Card
ORD04293,02-03-2023,East,Pen,Office Supplies,1718.72,511.03,Home Office,Credit Card
ORD04294,29-05-2024,South,Stapler,Office Supplies,1802.65,285.01,Home Office,Prepaid
ORD04295,10-03-2024,East,Chair,Furniture,1171.89,334.13,Home Office,Prepaid
ORD04296,26-01-2024,South,Keyboard,Technology,939.16,64.83,Home Office,Prepaid
ORD04297,23-01-2023,South,Keyboard,Technology,598.21,142.67,Consumer,Prepaid
ORD04298,27-07-2022,East,Pen,Office Supplies,1795.21,109.56,Corporate,Credit Card
ORD04299,09-03-2022,West,Bookshelf,Furniture,431.78,28.6,Home Office,Prepaid
ORD04300,20-12-2023,South,Paper,Office Supplies,1036.72,116.52,Home Office,Prepaid
ORD04301,04-03-2022,East,Bookshelf,Furniture,126.41,32.62,Consumer,Cash on Delivery
ORD04302,05-11-2024,West,Printer,Technology,1694.09,353.79,Home Office,Credit Card
ORD04303,28-02-2023,North,Monitor,Technology,1494.63,421.48,Home Office,Credit Card
ORD04304,29-09-2023,South,Keyboard,Technology,1428.12,203.39,Home Office,Cash on Delivery
ORD04305,01-03-2024,North,Mouse,Technology,852.21,84.1,Home Office,Credit Card
ORD04306,18-01-2023,South,Keyboard,Technology,1943.92,527.83,Consumer,UPI
ORD04307,16-03-2022,East,Stapler,Office Supplies,320.82,16.91,Corporate,UPI
ORD04308,27-06-2023,West,Bookshelf,Furniture,605.77,32.66,Corporate,Prepaid
ORD04309,05-11-2024,East,Printer,Technology,1418.71,338.49,Consumer,UPI
ORD04310,09-06-2024,West,Cabinet,Furniture,603.51,92.97,Consumer,Cash on Delivery
ORD04311,17-02-2022,South,Monitor,Technology,371.72,55.2,Corporate,Cash on Delivery
ORD04312,05-08-2023,North,Cabinet,Furniture,1062.62,66.28,Corporate,Prepaid
ORD04313,20-03-2024,East,Laptop,Technology,1204.23,356.1,Consumer,Credit Card
ORD04314,05-09-2023,East,Mouse,Technology,221.3,33.47,Corporate,UPI
ORD04315,28-07-2023,South,Chair,Furniture,827.74,128.11,Consumer,Prepaid
ORD04316,25-12-2024,South,Table,Furniture,1261.45,156.46,Home Office,Prepaid
ORD04317,02-07-2023,North,Printer,Technology,704.33,101.81,Corporate,Cash on Delivery
ORD04318,27-08-2024,West,Paper,Office Supplies,1500.09,244.21,Consumer,Cash on Delivery
ORD04319,28-04-2023,West,Monitor,Technology,476.46,53.29,Consumer,Cash on Delivery
ORD04320,07-01-2022,South,Pen,Office Supplies,619.43,153.03,Corporate,Prepaid
ORD04321,02-02-2024,South,Cabinet,Furniture,1732.94,491.79,Home Office,Credit Card
ORD04322,13-10-2022,South,Notebook,Office Supplies,1794.8,182.56,Consumer,UPI
ORD04323,28-12-2023,South,Printer,Technology,1327.76,67.62,Corporate,Cash on Delivery
ORD04324,15-09-2022,East,Monitor,Technology,797.76,139.06,Home Office,Prepaid
ORD04325,19-10-2022,South,Bookshelf,Furniture,1500.12,234.73,Corporate,Cash on Delivery
ORD04326,03-08-2024,East,Pen,Office Supplies,1663.67,174.46,Consumer,Credit Card
ORD04327,01-10-2023,South,Laptop,Technology,1799.36,516.09,Consumer,UPI
ORD04328,18-08-2023,East,Keyboard,Technology,1189.43,123.39,Consumer,Cash on Delivery
ORD04329,31-01-2023,North,Bookshelf,Furniture,1795.43,516.45,Consumer,Cash on Delivery
ORD04330,21-05-2023,North,Keyboard,Technology,1351.92,399.08,Home Office,UPI
ORD04331,21-01-2022,East,File Folder,Office Supplies,1692.22,353.41,Corporate,UPI
ORD04332,12-10-2024,South,File Folder,Office Supplies,885.78,161.99,Consumer,Credit Card
ORD04333,04-06-2024,West,File Folder,Office Supplies,481.56,55.1,Consumer,Cash on Delivery
ORD04334,26-02-2022,West,Bookshelf,Furniture,1575.43,407.62,Home Office,UPI
ORD04335,28-07-2024,South,Mouse,Technology,288.8,56.83,Home Office,Credit Card
ORD04336,28-09-2022,South,Notebook,Office Supplies,1655.19,184.24,Corporate,Prepaid
ORD04337,12-08-2022,East,Keyboard,Technology,139.64,10.41,Corporate,Cash on Delivery
ORD04338,02-07-2023,West,Keyboard,Technology,1832.79,217.21,Corporate,UPI
ORD04339,17-09-2022,North,Chair,Furniture,88.13,22.89,Corporate,Credit Card
ORD04340,07-10-2022,North,Keyboard,Technology,1554.36,123.65,Corporate,Cash on Delivery
ORD04341,11-01-2024,South,Table,Furniture,1596.07,455.53,Corporate,Credit Card
ORD04342,16-11-2024,North,Monitor,Technology,751.22,55.03,Corporate,Credit Card
ORD04343,01-11-2024,North,Monitor,Technology,1452.63,350.23,Home Office,Prepaid
ORD04344,02-01-2023,South,Cabinet,Furniture,1814.61,375.68,Corporate,Prepaid
ORD04345,15-01-2022,West,Monitor,Technology,802.41,165.58,Consumer,UPI
ORD04346,03-09-2022,East,Desk,Furniture,355.06,39.02,Corporate,Prepaid
ORD04347,05-05-2023,West,Laptop,Technology,484.03,63.06,Home Office,UPI
ORD04348,07-10-2023,West,Printer,Technology,1472.95,337,Home Office,UPI
ORD04349,01-06-2022,North,Printer,Technology,424.04,89.16,Consumer,UPI
ORD04350,29-07-2023,South,Table,Furniture,879.52,227.02,Consumer,Credit Card
ORD04351,12-12-2024,North,Bookshelf,Furniture,411.27,40.98,Consumer,Cash on Delivery
ORD04352,30-12-2022,West,Cabinet,Furniture,1567.7,153.61,Home Office,Credit Card
ORD04353,07-11-2023,South,Cabinet,Furniture,1981.85,196.3,Home Office,Credit Card
ORD04354,06-06-2023,East,Paper,Office Supplies,936.13,94.43,Consumer,UPI
ORD04355,14-03-2023,East,Cabinet,Furniture,1698.39,201.51,Corporate,UPI
ORD04356,06-10-2024,South,Laptop,Technology,711.85,195.68,Corporate,UPI
ORD04357,04-06-2022,East,Paper,Office Supplies,444.68,73.38,Home Office,Credit Card
ORD04358,20-02-2023,South,Stapler,Office Supplies,537.91,160.68,Home Office,Credit Card
ORD04359,04-01-2024,East,Pen,Office Supplies,295.73,43.85,Consumer,UPI
ORD04360,16-05-2022,South,Printer,Technology,189.98,10.67,Consumer,Prepaid
ORD04361,26-10-2023,East,Mouse,Technology,429.71,115.9,Home Office,Prepaid
ORD04362,10-11-2024,South,Keyboard,Technology,417.49,119.47,Corporate,Prepaid
ORD04363,10-02-2024,South,Mouse,Technology,1243.24,369.87,Consumer,Prepaid
ORD04364,02-09-2022,South,Cabinet,Furniture,1256.79,345.52,Consumer,Credit Card
ORD04365,04-07-2022,North,Paper,Office Supplies,1673.81,306.79,Consumer,Credit Card
ORD04366,30-04-2022,North,Chair,Furniture,1818.36,161.75,Consumer,Credit Card
ORD04367,08-04-2023,North,Table,Furniture,738.54,194.55,Corporate,UPI
ORD04368,02-03-2023,North,Mouse,Technology,134.95,11.49,Corporate,Credit Card
ORD04369,27-04-2023,South,Mouse,Technology,339.23,53.57,Consumer,Credit Card
ORD04370,10-05-2024,North,Desk,Furniture,308.98,22.65,Home Office,Cash on Delivery
ORD04371,24-10-2022,South,Keyboard,Technology,327.36,39.69,Home Office,Credit Card
ORD04372,19-10-2022,East,Monitor,Technology,1912.47,553.55,Consumer,Credit Card
ORD04373,29-07-2022,East,Bookshelf,Furniture,363.89,108.74,Home Office,Prepaid
ORD04374,01-09-2022,East,Notebook,Office Supplies,1449.41,331.57,Corporate,Cash on Delivery
ORD04375,25-05-2023,North,Notebook,Office Supplies,1794.28,249.05,Corporate,UPI
ORD04376,06-05-2023,North,Keyboard,Technology,1321.18,266.96,Home Office,Prepaid
ORD04377,29-11-2024,South,Paper,Office Supplies,1428.85,331.98,Corporate,Credit Card
ORD04378,21-04-2023,East,Chair,Furniture,808.45,225.06,Corporate,UPI
ORD04379,26-11-2024,North,Keyboard,Technology,375.06,37.46,Corporate,Credit Card
ORD04380,05-08-2023,South,Chair,Furniture,366.83,73.11,Consumer,Cash on Delivery
ORD04381,16-07-2023,North,Printer,Technology,1509.99,231.36,Corporate,Cash on Delivery
ORD04382,26-03-2022,East,Laptop,Technology,518.11,70.48,Home Office,UPI
ORD04383,23-08-2023,South,Monitor,Technology,1831.19,470.85,Consumer,Cash on Delivery
ORD04384,12-11-2024,South,Pen,Office Supplies,618.83,83.34,Home Office,UPI
ORD04385,18-12-2022,North,Laptop,Technology,221.46,63.93,Consumer,Cash on Delivery
ORD04386,03-04-2022,South,Printer,Technology,460.3,62.97,Home Office,Prepaid
ORD04387,19-10-2023,North,Mouse,Technology,848.16,164.72,Consumer,Credit Card
ORD04388,07-12-2023,West,Chair,Furniture,558.08,104.79,Home Office,Prepaid
ORD04389,06-09-2023,East,Pen,Office Supplies,1990.64,371.25,Home Office,UPI
ORD04390,22-10-2023,South,Mouse,Technology,183.09,51.51,Corporate,Cash on Delivery
ORD04391,21-07-2022,West,Monitor,Technology,909.47,154.3,Consumer,Cash on Delivery
ORD04392,11-07-2024,East,Paper,Office Supplies,224.05,63.46,Corporate,Credit Card
ORD04393,03-01-2023,South,Bookshelf,Furniture,259.78,69.41,Corporate,Cash on Delivery
ORD04394,17-06-2022,North,Chair,Furniture,136.74,25.83,Consumer,Credit Card
ORD04395,07-11-2022,North,Cabinet,Furniture,1209.15,91.28,Corporate,Credit Card
ORD04396,04-09-2024,North,Table,Furniture,104.67,22.86,Corporate,Prepaid
ORD04397,19-09-2022,East,Keyboard,Technology,515.2,35.75,Corporate,Credit Card
ORD04398,15-01-2022,West,Bookshelf,Furniture,544.09,142.69,Consumer,Cash on Delivery
ORD04399,09-04-2023,East,Laptop,Technology,1645.19,186.77,Consumer,UPI
ORD04400,09-04-2023,East,Laptop,Technology,758.59,83.15,Home Office,Cash on Delivery
ORD04401,07-05-2022,South,Monitor,Technology,1808.74,490.02,Consumer,Cash on Delivery
ORD04402,28-11-2022,West,Bookshelf,Furniture,1117.18,82.65,Home Office,Credit Card
ORD04403,28-04-2023,South,Laptop,Technology,737.51,210.16,Consumer,Credit Card
ORD04404,13-06-2023,East,Notebook,Office Supplies,461.45,129.72,Corporate,Prepaid
ORD04405,16-08-2022,East,Notebook,Office Supplies,328.43,33.07,Home Office,Prepaid
ORD04406,17-10-2024,North,Paper,Office Supplies,792.02,68.39,Home Office,Prepaid
ORD04407,29-09-2024,North,Table,Furniture,282.33,78.3,Home Office,Cash on Delivery
ORD04408,14-02-2023,South,Monitor,Technology,1542.5,334.33,Home Office,Credit Card
ORD04409,08-03-2023,North,Stapler,Office Supplies,637.05,62.59,Consumer,UPI
ORD04410,02-07-2023,East,Bookshelf,Furniture,1729.21,384.07,Home Office,Cash on Delivery
ORD04411,08-06-2023,West,Bookshelf,Furniture,1344.56,281.7,Consumer,Prepaid
ORD04412,01-04-2022,West,Monitor,Technology,753.76,179.9,Corporate,Prepaid
ORD04413,29-12-2023,North,Cabinet,Furniture,257.81,62.53,Home Office,Credit Card
ORD04414,21-07-2023,West,Desk,Furniture,1892.68,543.2,Consumer,Credit Card
ORD04415,23-03-2023,West,Bookshelf,Furniture,1264.46,264.54,Home Office,Cash on Delivery
ORD04416,24-08-2022,North,Mouse,Technology,1477.33,150.08,Consumer,Prepaid
ORD04417,21-06-2022,South,Stapler,Office Supplies,412.15,67.78,Consumer,Cash on Delivery
ORD04418,04-12-2024,East,File Folder,Office Supplies,719.96,39.87,Home Office,UPI
ORD04419,17-11-2024,North,Keyboard,Technology,550.23,128.98,Consumer,UPI
ORD04420,23-06-2024,West,Notebook,Office Supplies,183.9,10.73,Corporate,Credit Card
ORD04421,11-12-2024,South,Cabinet,Furniture,1096.56,57.93,Corporate,Credit Card
ORD04422,04-08-2022,North,Table,Furniture,1940.49,121.27,Corporate,Cash on Delivery
ORD04423,30-01-2024,East,Desk,Furniture,1695.91,254.14,Corporate,Credit Card
ORD04424,26-06-2024,South,Cabinet,Furniture,101.11,20.18,Corporate,Cash on Delivery
ORD04425,28-01-2022,South,Stapler,Office Supplies,1184.42,159.43,Corporate,Credit Card
ORD04426,18-08-2024,West,Notebook,Office Supplies,1818.18,495.25,Corporate,Cash on Delivery
ORD04427,24-06-2022,North,Printer,Technology,1834.55,535.34,Home Office,Cash on Delivery
ORD04428,24-08-2023,East,Chair,Furniture,585.62,160.84,Corporate,Cash on Delivery
ORD04429,03-06-2022,North,Mouse,Technology,574.29,107.32,Home Office,Cash on Delivery
ORD04430,26-05-2022,East,Desk,Furniture,809.99,89.13,Corporate,Credit Card
ORD04431,02-06-2022,North,Laptop,Technology,98.31,9.92,Corporate,Prepaid
ORD04432,25-01-2023,West,Bookshelf,Furniture,114.82,12.13,Home Office,UPI
ORD04433,27-01-2023,North,File Folder,Office Supplies,668.91,86.53,Home Office,Cash on Delivery
ORD04434,07-04-2022,South,Keyboard,Technology,650.94,96.56,Consumer,Cash on Delivery
ORD04435,28-10-2022,North,Desk,Furniture,887.89,101.48,Home Office,UPI
ORD04436,22-07-2024,West,Stapler,Office Supplies,790.46,209.79,Consumer,Credit Card
ORD04437,01-08-2024,North,Keyboard,Technology,1874.66,406.69,Home Office,UPI
ORD04438,23-07-2022,East,Table,Furniture,928.41,206.24,Consumer,Prepaid
ORD04439,09-02-2023,South,Keyboard,Technology,1992.46,479.8,Home Office,Credit Card
ORD04440,28-06-2023,South,Stapler,Office Supplies,1839.28,206.91,Consumer,Credit Card
ORD04441,11-02-2022,South,Chair,Furniture,1920.56,328.12,Home Office,Credit Card
ORD04442,29-02-2024,West,Notebook,Office Supplies,856.47,46.06,Consumer,UPI
ORD04443,05-12-2024,East,Notebook,Office Supplies,322.32,70.22,Home Office,Prepaid
ORD04444,01-12-2024,North,Bookshelf,Furniture,1113.92,87.11,Corporate,Credit Card
ORD04445,03-01-2022,West,Pen,Office Supplies,1799.38,389.53,Corporate,Cash on Delivery
ORD04446,30-01-2022,North,Table,Furniture,1848.94,204.74,Corporate,Credit Card
ORD04447,21-08-2024,South,Bookshelf,Furniture,737.84,216.22,Home Office,Cash on Delivery
ORD04448,13-01-2024,North,Desk,Furniture,1394.77,347.02,Consumer,Credit Card
ORD04449,21-08-2022,East,Chair,Furniture,578.22,73.33,Corporate,Cash on Delivery
ORD04450,16-09-2023,East,Desk,Furniture,918.07,203.16,Corporate,Cash on Delivery
ORD04451,15-05-2023,East,Table,Furniture,794.77,129.34,Home Office,Credit Card
ORD04452,08-01-2022,North,Keyboard,Technology,1592.68,389.63,Corporate,Prepaid
ORD04453,09-09-2024,East,Mouse,Technology,637.75,124.05,Consumer,Credit Card
ORD04454,05-03-2024,West,Paper,Office Supplies,1388.28,187.61,Home Office,Prepaid
ORD04455,06-04-2024,East,Pen,Office Supplies,1278.31,292.12,Home Office,Prepaid
ORD04456,20-04-2024,East,Bookshelf,Furniture,1223.12,146.87,Consumer,Credit Card
ORD04457,25-10-2024,South,Keyboard,Technology,1499.07,105.44,Home Office,Cash on Delivery
ORD04458,07-02-2023,North,Bookshelf,Furniture,318.38,64.23,Corporate,Cash on Delivery
ORD04459,05-10-2024,East,Paper,Office Supplies,616.59,184.4,Home Office,Prepaid
ORD04460,23-02-2022,North,Chair,Furniture,663.45,91.91,Home Office,Prepaid
ORD04461,23-05-2023,West,Printer,Technology,442.44,23.21,Consumer,Credit Card
ORD04462,08-09-2022,West,Notebook,Office Supplies,1108.47,146.47,Consumer,Cash on Delivery
ORD04463,24-08-2024,North,Pen,Office Supplies,1836.71,255.82,Consumer,Credit Card
ORD04464,28-07-2024,West,Keyboard,Technology,1773.07,339.96,Home Office,Prepaid
ORD04465,24-05-2022,North,Pen,Office Supplies,1242.09,346.5,Corporate,UPI
ORD04466,20-02-2024,South,Paper,Office Supplies,59.02,13.08,Corporate,Cash on Delivery
ORD04467,02-07-2023,East,Desk,Furniture,1297.66,371.38,Corporate,Prepaid
ORD04468,23-12-2023,West,Chair,Furniture,539.7,53.15,Corporate,Prepaid
ORD04469,15-10-2024,North,Stapler,Office Supplies,1517.53,213.56,Home Office,Prepaid
ORD04470,05-06-2022,East,Notebook,Office Supplies,1497.16,136.82,Consumer,Prepaid
ORD04471,18-02-2024,East,File Folder,Office Supplies,1734.13,376.47,Home Office,Cash on Delivery
ORD04472,05-10-2024,East,Laptop,Technology,1883.62,420.32,Corporate,Cash on Delivery
ORD04473,28-07-2022,West,Mouse,Technology,1331.21,68.6,Home Office,Prepaid
ORD04474,17-05-2022,East,Laptop,Technology,1455.94,104.58,Corporate,Credit Card
ORD04475,30-05-2022,West,Laptop,Technology,852.79,105.64,Consumer,Credit Card
ORD04476,30-03-2023,South,File Folder,Office Supplies,1983.05,363.34,Corporate,UPI
ORD04477,10-11-2023,East,Pen,Office Supplies,1563.28,163.53,Home Office,Cash on Delivery
ORD04478,25-01-2023,West,Bookshelf,Furniture,460.09,114.21,Home Office,Prepaid
ORD04479,04-12-2023,North,Paper,Office Supplies,1783.8,191.62,Corporate,Credit Card
ORD04480,22-04-2024,South,File Folder,Office Supplies,1738.75,92.95,Corporate,Cash on Delivery
ORD04481,07-06-2023,West,Stapler,Office Supplies,1917.86,508.53,Home Office,Cash on Delivery
ORD04482,30-07-2024,North,Paper,Office Supplies,1797.45,195.7,Consumer,UPI
ORD04483,25-05-2022,West,Printer,Technology,1033.47,226.08,Home Office,UPI
ORD04484,27-05-2023,West,Printer,Technology,754.47,87.53,Consumer,Cash on Delivery
ORD04485,31-12-2024,North,Stapler,Office Supplies,341.96,42.49,Corporate,Credit Card
ORD04486,18-08-2024,South,Paper,Office Supplies,1104.94,243.99,Corporate,Cash on Delivery
ORD04487,08-07-2023,North,Desk,Furniture,603.29,39.44,Home Office,Cash on Delivery
ORD04488,20-01-2024,North,Notebook,Office Supplies,1692.37,406.11,Consumer,Credit Card
ORD04489,04-12-2022,West,Monitor,Technology,154.25,28.51,Corporate,Cash on Delivery
ORD04490,08-08-2023,North,Desk,Furniture,1158.86,80.05,Corporate,Prepaid
ORD04491,29-04-2024,West,Chair,Furniture,1965.32,555.77,Consumer,Prepaid
ORD04492,27-10-2022,South,Table,Furniture,1848.21,524.49,Consumer,Credit Card
ORD04493,05-07-2022,West,Desk,Furniture,234.38,42.95,Home Office,Prepaid
ORD04494,15-12-2022,East,Desk,Furniture,596.82,51.06,Consumer,Credit Card
ORD04495,17-08-2022,West,Monitor,Technology,972.83,212.08,Home Office,Credit Card
ORD04496,24-02-2023,West,Cabinet,Furniture,1265.13,67.98,Corporate,Prepaid
ORD04497,12-08-2023,East,Table,Furniture,1934.1,138.87,Consumer,Prepaid
ORD04498,08-03-2024,East,Keyboard,Technology,1369.57,336.44,Consumer,Cash on Delivery
ORD04499,30-06-2023,East,Pen,Office Supplies,1573.95,452.52,Home Office,Prepaid
ORD04500,21-10-2023,South,Desk,Furniture,911.23,247.59,Consumer,Credit Card
ORD04501,14-07-2024,East,Table,Furniture,511.66,111.78,Corporate,UPI
ORD04502,23-03-2024,South,Pen,Office Supplies,404,94.04,Corporate,UPI
ORD04503,05-05-2022,West,Mouse,Technology,460.59,45.34,Consumer,Prepaid
ORD04504,28-11-2024,West,Cabinet,Furniture,349.94,33.53,Home Office,UPI
ORD04505,21-04-2023,North,Bookshelf,Furniture,300.87,45.33,Consumer,Credit Card
ORD04506,26-07-2024,East,Stapler,Office Supplies,1219.2,279.47,Home Office,Cash on Delivery
ORD04507,18-12-2023,North,Desk,Furniture,1078.99,243.82,Corporate,Prepaid
ORD04508,24-03-2023,West,Desk,Furniture,582.3,70.94,Corporate,UPI
ORD04509,01-09-2024,North,Stapler,Office Supplies,1443.07,169.17,Corporate,Credit Card
ORD04510,12-07-2022,East,Pen,Office Supplies,254.82,50.45,Home Office,UPI
ORD04511,13-11-2024,South,Laptop,Technology,474.35,84.52,Corporate,UPI
ORD04512,11-09-2023,East,Cabinet,Furniture,660.77,154.77,Consumer,Prepaid
ORD04513,15-05-2023,West,Laptop,Technology,1628.04,470.5,Consumer,UPI
ORD04514,19-12-2022,North,Table,Furniture,1665.09,402.25,Home Office,Prepaid
ORD04515,27-10-2024,North,Pen,Office Supplies,934.13,147.21,Consumer,Prepaid
ORD04516,28-08-2023,East,Paper,Office Supplies,397.13,110.64,Home Office,Prepaid
ORD04517,14-05-2023,East,Pen,Office Supplies,1987.04,414.82,Home Office,Cash on Delivery
ORD04518,30-11-2022,West,Desk,Furniture,1952.18,420.59,Consumer,UPI
ORD04519,18-10-2022,South,Keyboard,Technology,1465.61,332.32,Corporate,Cash on Delivery
ORD04520,30-08-2023,East,Mouse,Technology,86.12,9.13,Consumer,Cash on Delivery
ORD04521,18-12-2024,South,Table,Furniture,680.18,67.97,Corporate,Cash on Delivery
ORD04522,12-08-2024,South,Bookshelf,Furniture,1937.59,495.93,Consumer,Cash on Delivery
ORD04523,24-10-2022,West,Bookshelf,Furniture,1231.53,176.33,Consumer,UPI
ORD04524,04-01-2023,West,Keyboard,Technology,413.92,72.77,Consumer,Cash on Delivery
ORD04525,12-10-2022,West,Table,Furniture,905.2,99.36,Corporate,Credit Card
ORD04526,08-06-2022,West,Mouse,Technology,1290.03,325.57,Corporate,Credit Card
ORD04527,17-05-2023,East,Laptop,Technology,765.65,63.39,Consumer,Prepaid
ORD04528,06-11-2022,East,File Folder,Office Supplies,382.87,58.28,Home Office,Cash on Delivery
ORD04529,30-08-2023,South,Printer,Technology,450.58,42.11,Home Office,Prepaid
ORD04530,19-09-2023,East,Printer,Technology,1691.54,163.84,Corporate,UPI
ORD04531,13-11-2024,East,Printer,Technology,637.44,51.66,Consumer,Credit Card
ORD04532,04-06-2022,South,Keyboard,Technology,853.52,124.38,Consumer,Credit Card
ORD04533,23-01-2022,South,Notebook,Office Supplies,201.38,56.6,Consumer,Cash on Delivery
ORD04534,11-02-2023,North,Monitor,Technology,355.48,40.68,Corporate,Credit Card
ORD04535,14-02-2022,West,Desk,Furniture,1193.88,63.15,Consumer,Prepaid
ORD04536,04-02-2022,North,Printer,Technology,1396.23,145.85,Home Office,Prepaid
ORD04537,15-05-2022,East,Chair,Furniture,1535.29,340.45,Corporate,Credit Card
ORD04538,12-02-2024,East,Table,Furniture,1466.53,402.61,Consumer,UPI
ORD04539,11-10-2022,East,Keyboard,Technology,1838.56,144.57,Corporate,Prepaid
ORD04540,09-07-2024,West,Desk,Furniture,394.33,21.62,Consumer,Credit Card
ORD04541,18-08-2024,South,Paper,Office Supplies,1543.35,275.48,Corporate,UPI
ORD04542,25-04-2022,North,Paper,Office Supplies,67.59,16.47,Corporate,UPI
ORD04543,16-04-2024,East,File Folder,Office Supplies,973.4,253.46,Consumer,Credit Card
ORD04544,03-03-2023,South,Printer,Technology,373.33,99.51,Corporate,Prepaid
ORD04545,28-06-2022,South,Desk,Furniture,202.05,51.82,Consumer,UPI
ORD04546,29-08-2022,West,Mouse,Technology,1459.24,433.87,Home Office,Prepaid
ORD04547,27-03-2024,North,Notebook,Office Supplies,673.25,86.39,Home Office,Credit Card
ORD04548,22-06-2022,West,Monitor,Technology,1697.9,235.4,Home Office,Cash on Delivery
ORD04549,03-08-2022,South,Laptop,Technology,160.1,19.93,Corporate,Cash on Delivery
ORD04550,11-11-2024,South,Printer,Technology,1082.72,190.6,Home Office,UPI
ORD04551,22-09-2024,North,Desk,Furniture,1613.23,81.33,Consumer,UPI
ORD04552,29-09-2024,West,File Folder,Office Supplies,1850.08,503.87,Corporate,UPI
ORD04553,19-05-2024,North,Cabinet,Furniture,1328.2,86.83,Home Office,UPI
ORD04554,08-10-2022,West,Mouse,Technology,264.69,58.93,Consumer,Credit Card
ORD04555,30-11-2022,East,Laptop,Technology,1652.33,297.81,Corporate,Credit Card
ORD04556,08-07-2022,West,Bookshelf,Furniture,1698.1,271.67,Home Office,UPI
ORD04557,22-12-2024,South,Mouse,Technology,1938.6,238.56,Consumer,Prepaid
ORD04558,12-01-2022,West,File Folder,Office Supplies,1606.49,116.78,Corporate,Credit Card
ORD04559,18-07-2022,East,Desk,Furniture,757.2,187.12,Home Office,Credit Card
ORD04560,19-08-2022,North,Notebook,Office Supplies,1395.99,325.75,Corporate,Prepaid
ORD04561,14-04-2023,East,Printer,Technology,1783.34,218.71,Consumer,Credit Card
ORD04562,16-08-2023,East,Printer,Technology,533.84,52.53,Corporate,Prepaid
ORD04563,10-04-2024,South,Paper,Office Supplies,290.48,40.79,Corporate,Credit Card
ORD04564,26-03-2024,West,Laptop,Technology,1396.55,203.48,Consumer,Prepaid
ORD04565,15-08-2022,North,Chair,Furniture,330.2,65.1,Consumer,Credit Card
ORD04566,30-05-2024,North,Stapler,Office Supplies,1505.52,311.63,Consumer,Cash on Delivery
ORD04567,11-11-2024,East,Mouse,Technology,1665.19,485.07,Home Office,Credit Card
ORD04568,03-09-2022,East,Stapler,Office Supplies,1335.67,75.68,Corporate,Prepaid
ORD04569,02-10-2023,North,Paper,Office Supplies,931.06,112.61,Home Office,Prepaid
ORD04570,23-07-2022,North,Paper,Office Supplies,1871.91,147.63,Home Office,Cash on Delivery
ORD04571,19-05-2024,East,Cabinet,Furniture,1607.85,368.37,Home Office,UPI
ORD04572,26-04-2024,East,Desk,Furniture,1173.51,129.33,Consumer,Prepaid
ORD04573,13-02-2022,South,Notebook,Office Supplies,637.98,49.79,Corporate,Cash on Delivery
ORD04574,21-08-2022,South,Bookshelf,Furniture,1950.43,292.66,Corporate,Cash on Delivery
ORD04575,23-12-2023,North,File Folder,Office Supplies,70.98,13.02,Home Office,Cash on Delivery
ORD04576,31-07-2023,South,Cabinet,Furniture,1813.93,298.8,Home Office,Cash on Delivery
ORD04577,05-06-2022,South,Desk,Furniture,400.29,49.43,Home Office,Cash on Delivery
ORD04578,17-12-2023,South,Chair,Furniture,111.27,16.07,Home Office,UPI
ORD04579,03-03-2022,East,Keyboard,Technology,1815.37,319.21,Home Office,Cash on Delivery
ORD04580,16-09-2024,East,Monitor,Technology,297.8,19.26,Corporate,Prepaid
ORD04581,10-10-2024,South,Paper,Office Supplies,1746.32,179.5,Home Office,Cash on Delivery
ORD04582,31-08-2023,North,Printer,Technology,696.6,157.9,Home Office,Cash on Delivery
ORD04583,31-10-2023,West,Bookshelf,Furniture,1964.41,201.96,Corporate,Credit Card
ORD04584,04-10-2023,South,Paper,Office Supplies,1817.96,218.02,Corporate,Prepaid
ORD04585,25-02-2022,West,Notebook,Office Supplies,729.41,50.16,Corporate,UPI
ORD04586,13-04-2024,North,Monitor,Technology,1279.46,147.72,Home Office,Cash on Delivery
ORD04587,27-04-2024,West,Chair,Furniture,1998.4,276.86,Home Office,Cash on Delivery
ORD04588,20-09-2023,South,Pen,Office Supplies,1769.23,107.15,Corporate,Cash on Delivery
ORD04589,10-06-2023,East,Bookshelf,Furniture,1818.02,416.54,Home Office,Cash on Delivery
ORD04590,30-12-2023,South,Paper,Office Supplies,428.06,90.27,Home Office,Prepaid
ORD04591,05-04-2022,East,Laptop,Technology,1044.35,209.55,Corporate,Credit Card
ORD04592,21-11-2022,North,Bookshelf,Furniture,813.82,206.01,Home Office,UPI
ORD04593,20-05-2023,East,Desk,Furniture,1733.24,98.09,Home Office,UPI
ORD04594,09-01-2023,East,Printer,Technology,1650.42,183.06,Corporate,Cash on Delivery
ORD04595,26-06-2022,East,Bookshelf,Furniture,1783.11,289.31,Home Office,Prepaid
ORD04596,08-12-2024,South,Keyboard,Technology,476.36,82.51,Consumer,Prepaid
ORD04597,18-02-2022,South,Cabinet,Furniture,677.27,48.77,Consumer,Credit Card
ORD04598,16-01-2024,East,Chair,Furniture,1712.7,340.03,Consumer,Cash on Delivery
ORD04599,15-05-2023,South,Mouse,Technology,239.19,34.18,Corporate,UPI
ORD04600,13-03-2022,South,File Folder,Office Supplies,1456.32,280.98,Consumer,Prepaid
ORD04601,05-05-2022,East,Pen,Office Supplies,586.18,162.08,Consumer,Cash on Delivery
ORD04602,07-01-2024,North,Table,Furniture,449.49,127.34,Home Office,UPI
ORD04603,19-01-2022,North,Laptop,Technology,1268.32,378.86,Corporate,Credit Card
ORD04604,08-02-2024,West,Table,Furniture,1201.19,67.03,Consumer,Cash on Delivery
ORD04605,04-04-2023,South,Mouse,Technology,1443.31,226.71,Home Office,Prepaid
ORD04606,06-04-2022,South,Monitor,Technology,300.11,60.88,Consumer,Cash on Delivery
ORD04607,15-03-2022,East,Stapler,Office Supplies,690.43,160.4,Home Office,Prepaid
ORD04608,16-03-2024,South,Printer,Technology,1160.76,347.21,Consumer,Prepaid
ORD04609,06-04-2022,West,File Folder,Office Supplies,152.3,44.83,Home Office,UPI
ORD04610,03-02-2023,South,Paper,Office Supplies,1575.86,243.51,Home Office,Cash on Delivery
ORD04611,28-07-2023,West,Pen,Office Supplies,1077.95,185.24,Consumer,Credit Card
ORD04612,10-03-2023,East,Desk,Furniture,981.28,216.66,Consumer,Cash on Delivery
ORD04613,12-05-2022,East,File Folder,Office Supplies,870.44,97.2,Consumer,Cash on Delivery
ORD04614,09-04-2023,South,Desk,Furniture,1788.54,135.31,Home Office,Prepaid
ORD04615,29-03-2023,South,Printer,Technology,1907.2,159.96,Home Office,Cash on Delivery
ORD04616,26-09-2024,North,Pen,Office Supplies,1122.92,251.6,Consumer,Prepaid
ORD04617,06-07-2022,East,Keyboard,Technology,1093.04,289.03,Consumer,UPI
ORD04618,06-08-2023,West,Paper,Office Supplies,448.37,121.77,Consumer,Prepaid
ORD04619,30-04-2024,South,Keyboard,Technology,742.8,39.45,Home Office,Credit Card
ORD04620,01-10-2023,West,Desk,Furniture,942.83,209.55,Consumer,UPI
ORD04621,13-01-2024,North,Cabinet,Furniture,171.83,37.35,Corporate,Prepaid
ORD04622,21-01-2022,West,Mouse,Technology,271.79,63.32,Home Office,Cash on Delivery
ORD04623,26-02-2023,West,Mouse,Technology,1688.1,460.82,Consumer,Credit Card
ORD04624,17-03-2024,South,Monitor,Technology,1096.33,212.22,Consumer,UPI
ORD04625,13-09-2022,South,Table,Furniture,344.69,61.29,Consumer,Prepaid
ORD04626,06-11-2024,East,Cabinet,Furniture,1268.15,127.1,Home Office,Cash on Delivery
ORD04627,02-05-2023,North,Pen,Office Supplies,1939.01,441.76,Home Office,Credit Card
ORD04628,23-12-2024,South,Paper,Office Supplies,1162.31,263.2,Home Office,Prepaid
ORD04629,31-03-2022,North,Bookshelf,Furniture,549.88,164.04,Consumer,Cash on Delivery
ORD04630,06-09-2023,West,Chair,Furniture,1141.85,176.55,Consumer,Prepaid
ORD04631,22-06-2024,West,Notebook,Office Supplies,1506.4,175.3,Corporate,Prepaid
ORD04632,29-04-2024,East,Table,Furniture,1643.69,447.75,Corporate,Prepaid
ORD04633,05-06-2023,East,Monitor,Technology,558.17,29.94,Consumer,UPI
ORD04634,25-07-2024,North,Laptop,Technology,1322.67,106.66,Home Office,UPI
ORD04635,26-08-2024,North,Notebook,Office Supplies,465.78,29.25,Home Office,Cash on Delivery
ORD04636,10-01-2022,West,File Folder,Office Supplies,504.68,132.59,Home Office,Prepaid
ORD04637,27-07-2024,South,Printer,Technology,278.11,43.06,Consumer,UPI
ORD04638,18-01-2024,East,Keyboard,Technology,1062.94,277.22,Corporate,UPI
ORD04639,30-10-2023,West,Table,Furniture,87.47,18.77,Corporate,UPI
ORD04640,22-05-2023,West,Laptop,Technology,1052.97,240.25,Corporate,Cash on Delivery
ORD04641,21-09-2024,West,Desk,Furniture,1174.21,225.43,Consumer,UPI
ORD04642,27-08-2023,East,Bookshelf,Furniture,434.52,93.61,Corporate,Credit Card
ORD04643,21-12-2023,North,Keyboard,Technology,699.07,161.74,Corporate,Credit Card
ORD04644,29-10-2022,West,Pen,Office Supplies,1066.52,124.83,Consumer,Prepaid
ORD04645,12-01-2024,South,Keyboard,Technology,1421.92,204.24,Consumer,Prepaid
ORD04646,04-03-2024,South,Monitor,Technology,473.09,128.13,Corporate,Cash on Delivery
ORD04647,21-01-2022,East,Notebook,Office Supplies,1965.32,464.72,Corporate,UPI
ORD04648,08-08-2023,North,Pen,Office Supplies,1998.28,578.69,Corporate,UPI
ORD04649,03-12-2023,North,File Folder,Office Supplies,1987.88,447.95,Home Office,Prepaid
ORD04650,14-05-2023,North,Mouse,Technology,1617.94,321.25,Home Office,Cash on Delivery
ORD04651,24-07-2023,North,Printer,Technology,1983.52,346.85,Home Office,UPI
ORD04652,12-05-2023,West,Pen,Office Supplies,1873.26,123.14,Home Office,Credit Card
ORD04653,05-05-2023,West,Desk,Furniture,281.08,14.92,Home Office,Cash on Delivery
ORD04654,01-03-2023,South,File Folder,Office Supplies,556.78,64.54,Corporate,Cash on Delivery
ORD04655,24-07-2023,West,Bookshelf,Furniture,468.43,119.99,Consumer,Prepaid
ORD04656,11-05-2022,South,File Folder,Office Supplies,1715.43,302.31,Corporate,Prepaid
ORD04657,22-10-2024,West,Mouse,Technology,752.53,108.08,Consumer,UPI
ORD04658,08-03-2024,West,Chair,Furniture,127.77,31,Corporate,Cash on Delivery
ORD04659,04-12-2022,East,Mouse,Technology,696.6,196.82,Consumer,Cash on Delivery
ORD04660,15-08-2022,North,Chair,Furniture,479.44,35.17,Home Office,Cash on Delivery
ORD04661,03-05-2023,East,Pen,Office Supplies,822.48,138.54,Home Office,Cash on Delivery
ORD04662,28-01-2024,West,Keyboard,Technology,797.87,203.42,Consumer,Credit Card
ORD04663,07-03-2022,West,Stapler,Office Supplies,1559.74,146.33,Consumer,UPI
ORD04664,02-06-2024,West,File Folder,Office Supplies,1854.09,359.89,Consumer,Cash on Delivery
ORD04665,24-09-2024,East,Pen,Office Supplies,408.82,61.33,Corporate,UPI
ORD04666,08-03-2024,South,Laptop,Technology,419.52,104.49,Consumer,Credit Card
ORD04667,17-03-2022,East,Stapler,Office Supplies,1112.28,94.1,Corporate,Prepaid
ORD04668,18-07-2022,South,Chair,Furniture,901.03,249.93,Corporate,Prepaid
ORD04669,30-03-2023,South,Mouse,Technology,1724.62,326.78,Consumer,Credit Card
ORD04670,05-11-2022,South,Bookshelf,Furniture,1690.59,321.68,Home Office,Credit Card
ORD04671,02-04-2024,North,Table,Furniture,1270.34,263.68,Home Office,Prepaid
ORD04672,13-11-2024,South,Bookshelf,Furniture,1220.74,143.49,Home Office,UPI
ORD04673,18-12-2022,North,Monitor,Technology,1633.39,233.91,Corporate,Cash on Delivery
ORD04674,03-06-2024,East,Bookshelf,Furniture,1638.39,426.63,Home Office,UPI
ORD04675,08-12-2024,North,Mouse,Technology,100.85,27.99,Home Office,Credit Card
ORD04676,25-11-2023,North,Pen,Office Supplies,79.15,11.78,Corporate,Credit Card
ORD04677,02-07-2024,West,Paper,Office Supplies,897.01,236.95,Home Office,Credit Card
ORD04678,14-03-2023,East,Notebook,Office Supplies,494,28.83,Corporate,UPI
ORD04679,17-05-2024,North,Laptop,Technology,1798.05,383.35,Corporate,Credit Card
ORD04680,12-12-2024,South,Laptop,Technology,1841.78,307.14,Home Office,UPI
ORD04681,07-03-2022,South,Monitor,Technology,240.07,16.37,Consumer,UPI
ORD04682,01-02-2022,North,Mouse,Technology,453.18,119.72,Consumer,UPI
ORD04683,30-08-2022,West,Bookshelf,Furniture,369.61,22.13,Home Office,Prepaid
ORD04684,17-07-2023,South,Table,Furniture,1925.2,265.95,Consumer,Prepaid
ORD04685,30-03-2023,West,Bookshelf,Furniture,640.36,185.09,Consumer,UPI
ORD04686,28-05-2023,West,Cabinet,Furniture,1533.43,86.24,Home Office,UPI
ORD04687,10-04-2024,South,Desk,Furniture,579.99,70.88,Corporate,Credit Card
ORD04688,12-11-2022,North,Desk,Furniture,743.09,71.64,Home Office,Credit Card
ORD04689,29-07-2022,South,Desk,Furniture,1748.75,164.3,Corporate,Credit Card
ORD04690,14-01-2022,South,Mouse,Technology,1216.81,339.12,Home Office,Credit Card
ORD04691,26-01-2023,West,Printer,Technology,1753.09,454.02,Consumer,Credit Card
ORD04692,16-12-2022,South,Bookshelf,Furniture,580.51,100.72,Home Office,Cash on Delivery
ORD04693,28-03-2023,South,Table,Furniture,144.31,18.2,Home Office,Cash on Delivery
ORD04694,19-06-2022,East,Desk,Furniture,1502.17,85.97,Home Office,Prepaid
ORD04695,31-10-2024,South,Notebook,Office Supplies,656.52,100.6,Consumer,Cash on Delivery
ORD04696,04-04-2023,East,Mouse,Technology,266.31,23.12,Home Office,Credit Card
ORD04697,10-06-2022,West,Pen,Office Supplies,1447.37,322.18,Home Office,Credit Card
ORD04698,28-07-2022,South,Bookshelf,Furniture,622.15,99.75,Home Office,Cash on Delivery
ORD04699,10-06-2023,South,Laptop,Technology,496.54,85.83,Consumer,UPI
ORD04700,28-07-2023,West,Bookshelf,Furniture,727.44,167.69,Corporate,Credit Card
ORD04701,10-04-2022,West,Pen,Office Supplies,655.03,119.98,Corporate,Prepaid
ORD04702,30-05-2022,North,Pen,Office Supplies,1964.7,225.3,Home Office,UPI
ORD04703,04-08-2023,South,Mouse,Technology,1108.98,99.88,Corporate,Prepaid
ORD04704,30-05-2023,West,Mouse,Technology,1036.33,272.27,Corporate,UPI
ORD04705,22-01-2024,West,Cabinet,Furniture,1296.1,328.37,Consumer,Credit Card
ORD04706,01-09-2023,East,Paper,Office Supplies,699.88,171.62,Consumer,Prepaid
ORD04707,10-08-2024,West,Stapler,Office Supplies,1105.2,201.84,Corporate,Cash on Delivery
ORD04708,25-02-2023,North,Cabinet,Furniture,1242.09,142.91,Home Office,Credit Card
ORD04709,15-02-2023,East,Notebook,Office Supplies,846.28,148.89,Corporate,UPI
ORD04710,16-01-2024,East,Mouse,Technology,1528.76,282.42,Consumer,Credit Card
ORD04711,06-10-2023,North,Stapler,Office Supplies,281.07,47.81,Home Office,Credit Card
ORD04712,26-09-2024,West,Bookshelf,Furniture,917.72,206.41,Home Office,Prepaid
ORD04713,27-08-2022,East,Stapler,Office Supplies,1794.38,399.62,Home Office,Credit Card
ORD04714,08-01-2022,East,Pen,Office Supplies,596.55,52.67,Corporate,Prepaid
ORD04715,01-01-2024,South,Notebook,Office Supplies,564.64,110.87,Home Office,UPI
ORD04716,19-10-2024,North,Bookshelf,Furniture,1572.48,113.02,Corporate,Prepaid
ORD04717,04-03-2023,East,Monitor,Technology,1328,286.63,Corporate,UPI
ORD04718,11-12-2023,South,Laptop,Technology,424.64,73.05,Corporate,Cash on Delivery
ORD04719,20-12-2023,East,Mouse,Technology,765.83,157.97,Home Office,Prepaid
ORD04720,16-11-2023,West,Notebook,Office Supplies,292.01,43.07,Consumer,Credit Card
ORD04721,03-03-2024,South,Table,Furniture,814.33,176.1,Home Office,Cash on Delivery
ORD04722,22-07-2024,West,Notebook,Office Supplies,1658.77,257.59,Home Office,UPI
ORD04723,28-12-2022,East,Paper,Office Supplies,1854.37,348.58,Home Office,Cash on Delivery
ORD04724,30-11-2022,North,Bookshelf,Furniture,245.08,35.15,Corporate,Credit Card
ORD04725,22-08-2024,West,Laptop,Technology,613.79,81.83,Corporate,UPI
ORD04726,25-01-2023,East,Pen,Office Supplies,153.43,19.63,Consumer,Prepaid
ORD04727,08-12-2022,North,Desk,Furniture,1535.13,114.64,Corporate,UPI
ORD04728,20-04-2024,North,Bookshelf,Furniture,1818.88,513.96,Home Office,Cash on Delivery
ORD04729,05-07-2022,West,Stapler,Office Supplies,616.18,121.56,Home Office,Prepaid
ORD04730,14-08-2023,West,Pen,Office Supplies,848.84,50.73,Corporate,UPI
ORD04731,04-10-2023,East,Monitor,Technology,256.06,37.79,Home Office,UPI
ORD04732,25-01-2022,North,Paper,Office Supplies,1585.56,126.82,Home Office,Cash on Delivery
ORD04733,30-10-2022,North,Printer,Technology,128.36,26.02,Corporate,Prepaid
ORD04734,04-12-2023,West,Cabinet,Furniture,1329.25,245.21,Corporate,Cash on Delivery
ORD04735,18-12-2022,North,Pen,Office Supplies,1526.81,280.55,Corporate,UPI
ORD04736,08-04-2024,West,Notebook,Office Supplies,1744.45,463.19,Home Office,UPI
ORD04737,13-01-2024,East,Pen,Office Supplies,1223.15,262.25,Home Office,Credit Card
ORD04738,01-03-2023,North,Chair,Furniture,886.55,154.16,Home Office,UPI
ORD04739,30-11-2022,West,Bookshelf,Furniture,1876.16,370.83,Home Office,Credit Card
ORD04740,01-04-2024,South,Stapler,Office Supplies,721.26,90.3,Consumer,Credit Card
ORD04741,26-03-2023,West,Notebook,Office Supplies,905.38,222.98,Home Office,Cash on Delivery
ORD04742,26-03-2022,South,Printer,Technology,1274.76,106.02,Consumer,Cash on Delivery
ORD04743,05-09-2024,East,Printer,Technology,440.61,91.16,Corporate,UPI
ORD04744,25-01-2024,North,Pen,Office Supplies,961.31,251.91,Corporate,Prepaid
ORD04745,22-01-2022,West,Laptop,Technology,1424.67,294.58,Consumer,Cash on Delivery
ORD04746,13-01-2024,South,File Folder,Office Supplies,159.38,9.21,Consumer,Prepaid
ORD04747,11-03-2024,West,Pen,Office Supplies,446.18,33.58,Home Office,Prepaid
ORD04748,22-01-2023,North,Mouse,Technology,1260.11,253.48,Corporate,Prepaid
ORD04749,19-10-2022,North,File Folder,Office Supplies,1586.83,390.48,Consumer,Credit Card
ORD04750,06-01-2024,South,Pen,Office Supplies,660.83,148.49,Corporate,Prepaid
ORD04751,31-01-2023,East,Paper,Office Supplies,948.94,123.49,Consumer,Cash on Delivery
ORD04752,15-12-2022,North,Notebook,Office Supplies,827.46,160.4,Home Office,Cash on Delivery
ORD04753,05-10-2022,North,File Folder,Office Supplies,1112.38,325.01,Home Office,Credit Card
ORD04754,01-01-2022,West,Notebook,Office Supplies,215.73,16.43,Corporate,Credit Card
ORD04755,09-08-2024,South,Stapler,Office Supplies,444.93,73.93,Corporate,Prepaid
ORD04756,23-08-2023,East,Laptop,Technology,644.36,93.86,Home Office,Cash on Delivery
ORD04757,14-08-2024,West,Bookshelf,Furniture,1233.67,80.15,Consumer,UPI
ORD04758,06-06-2022,North,Monitor,Technology,836.08,75.97,Home Office,Credit Card
ORD04759,14-05-2024,East,Stapler,Office Supplies,570.83,154.38,Corporate,Prepaid
ORD04760,26-04-2024,West,Table,Furniture,1606.79,472.19,Corporate,Credit Card
ORD04761,03-12-2023,South,Keyboard,Technology,798.06,218.52,Corporate,Prepaid
ORD04762,18-12-2023,West,Bookshelf,Furniture,1916.68,515.24,Consumer,Prepaid
ORD04763,14-05-2024,West,Pen,Office Supplies,186.84,18.61,Home Office,Credit Card
ORD04764,12-06-2022,North,Chair,Furniture,900.01,105.41,Corporate,UPI
ORD04765,25-02-2022,West,Monitor,Technology,1295.69,210.06,Home Office,Cash on Delivery
ORD04766,04-09-2024,East,Desk,Furniture,1854.61,387.24,Consumer,Credit Card
ORD04767,18-04-2024,South,Keyboard,Technology,602.85,130.13,Home Office,UPI
ORD04768,24-03-2023,West,Desk,Furniture,423.46,84.5,Home Office,Prepaid
ORD04769,13-01-2023,West,Notebook,Office Supplies,894.59,173.55,Home Office,Prepaid
ORD04770,28-06-2024,North,Table,Furniture,392.08,47.39,Consumer,UPI
ORD04771,09-12-2023,North,File Folder,Office Supplies,913.41,189.11,Consumer,Cash on Delivery
ORD04772,19-04-2024,North,Notebook,Office Supplies,1525.62,265.98,Consumer,UPI
ORD04773,30-08-2023,East,Bookshelf,Furniture,1829.11,471.17,Consumer,UPI
ORD04774,05-03-2024,West,Paper,Office Supplies,679.8,124.26,Home Office,Cash on Delivery
ORD04775,17-11-2023,West,Printer,Technology,1044.7,206.32,Corporate,UPI
ORD04776,13-08-2024,South,Desk,Furniture,417.72,122.54,Corporate,UPI
ORD04777,09-07-2024,East,Cabinet,Furniture,1077.61,94.51,Home Office,UPI
ORD04778,27-06-2024,East,Table,Furniture,1862.86,378.99,Home Office,Credit Card
ORD04779,01-01-2024,East,Monitor,Technology,1941.49,574.2,Consumer,UPI
ORD04780,23-10-2023,North,Paper,Office Supplies,290.58,78.68,Corporate,UPI
ORD04781,02-07-2023,North,Pen,Office Supplies,714.1,49.94,Home Office,UPI
ORD04782,06-03-2024,North,Paper,Office Supplies,173.04,15.1,Consumer,Prepaid
ORD04783,09-03-2023,North,Chair,Furniture,1962.48,311.28,Home Office,Credit Card
ORD04784,05-07-2023,East,Laptop,Technology,1224.98,80.86,Corporate,Cash on Delivery
ORD04785,02-09-2023,East,Printer,Technology,305.8,78.92,Corporate,Cash on Delivery
ORD04786,24-07-2023,West,Cabinet,Furniture,1141.43,195.06,Corporate,Prepaid
ORD04787,21-11-2023,North,Chair,Furniture,1931.28,386.82,Consumer,Prepaid
ORD04788,28-01-2023,West,Chair,Furniture,1231.75,296.15,Consumer,UPI
ORD04789,18-02-2022,South,Desk,Furniture,174.66,28.3,Corporate,Prepaid
ORD04790,23-12-2022,West,Laptop,Technology,297.05,67.34,Home Office,Credit Card
ORD04791,22-09-2022,East,Printer,Technology,682.87,149.88,Home Office,Prepaid
ORD04792,12-02-2022,East,Printer,Technology,366.21,78.89,Home Office,Cash on Delivery
ORD04793,12-11-2023,West,Monitor,Technology,1167.71,210.88,Corporate,UPI
ORD04794,13-11-2023,North,Table,Furniture,1324.58,95.34,Consumer,Credit Card
ORD04795,30-11-2023,West,Printer,Technology,1546.18,151.39,Corporate,Credit Card
ORD04796,29-04-2024,South,Cabinet,Furniture,1494.45,327.01,Consumer,Prepaid
ORD04797,23-06-2024,South,Bookshelf,Furniture,631.03,62.55,Corporate,Cash on Delivery
ORD04798,24-05-2024,South,File Folder,Office Supplies,1357.93,210.66,Consumer,Prepaid
ORD04799,23-05-2022,East,Stapler,Office Supplies,213.82,49.84,Home Office,Credit Card
ORD04800,19-12-2023,West,Mouse,Technology,1733.51,394.21,Corporate,Credit Card
ORD04801,03-08-2022,West,File Folder,Office Supplies,766.11,228.3,Home Office,UPI
ORD04802,06-12-2023,West,Mouse,Technology,1920.06,387.51,Corporate,Prepaid
ORD04803,10-05-2024,East,Printer,Technology,1613.49,310.36,Consumer,Prepaid
ORD04804,11-05-2022,North,Bookshelf,Furniture,1638.32,193.96,Corporate,UPI
ORD04805,29-06-2023,East,Monitor,Technology,1419.3,270.05,Corporate,Cash on Delivery
ORD04806,15-01-2023,South,Cabinet,Furniture,1512.98,140.17,Consumer,Credit Card
ORD04807,24-11-2022,East,Stapler,Office Supplies,355.11,27.88,Consumer,Cash on Delivery
ORD04808,16-10-2022,South,File Folder,Office Supplies,338.45,23.35,Consumer,UPI
ORD04809,28-07-2024,West,File Folder,Office Supplies,1540.78,90.57,Corporate,Cash on Delivery
ORD04810,04-07-2024,West,Mouse,Technology,1940.44,276.28,Consumer,Cash on Delivery
ORD04811,06-10-2022,West,Cabinet,Furniture,560.33,100.87,Consumer,Prepaid
ORD04812,17-11-2022,North,Cabinet,Furniture,1475.35,301.32,Home Office,UPI
ORD04813,24-01-2023,South,Monitor,Technology,1261.98,230.97,Corporate,Credit Card
ORD04814,08-05-2024,South,Mouse,Technology,1218.74,136.19,Consumer,Cash on Delivery
ORD04815,24-02-2024,East,Chair,Furniture,613.98,136.88,Home Office,Prepaid
ORD04816,21-08-2022,South,Paper,Office Supplies,1746.21,434.37,Corporate,Prepaid
ORD04817,18-07-2023,North,Monitor,Technology,467.53,33.22,Corporate,UPI
ORD04818,25-05-2024,North,Paper,Office Supplies,1672.02,470.1,Home Office,Credit Card
ORD04819,22-10-2022,West,Pen,Office Supplies,358.63,90.46,Home Office,Cash on Delivery
ORD04820,26-11-2023,South,Paper,Office Supplies,1133.17,171.22,Consumer,Cash on Delivery
ORD04821,26-06-2024,West,Keyboard,Technology,1325.77,132.46,Consumer,UPI
ORD04822,10-05-2022,East,Printer,Technology,609.05,108.58,Consumer,UPI
ORD04823,22-01-2024,West,Keyboard,Technology,1163.79,127.23,Consumer,Prepaid
ORD04824,30-09-2022,West,Pen,Office Supplies,1125.46,171.92,Consumer,Cash on Delivery
ORD04825,28-09-2022,South,File Folder,Office Supplies,1965.88,342.62,Home Office,Cash on Delivery
ORD04826,19-10-2023,South,Cabinet,Furniture,1646.69,187.49,Corporate,Credit Card
ORD04827,10-02-2023,North,Mouse,Technology,854.76,137.75,Consumer,Prepaid
ORD04828,28-11-2023,South,Paper,Office Supplies,1082.59,58.68,Consumer,UPI
ORD04829,29-04-2024,North,Table,Furniture,384.37,66.59,Home Office,Prepaid
ORD04830,31-03-2023,South,Printer,Technology,1361.62,404.63,Consumer,Prepaid
ORD04831,13-11-2024,South,Bookshelf,Furniture,1663.49,251.1,Corporate,Credit Card
ORD04832,21-05-2023,North,Monitor,Technology,154.86,38.47,Corporate,UPI
ORD04833,20-11-2022,North,Printer,Technology,274.62,67.08,Consumer,Cash on Delivery
ORD04834,22-07-2024,East,Cabinet,Furniture,82.81,15.61,Consumer,Credit Card
ORD04835,08-01-2022,West,Pen,Office Supplies,1066.47,308.25,Consumer,Credit Card
ORD04836,27-03-2023,East,Stapler,Office Supplies,247,17.67,Corporate,Prepaid
ORD04837,24-07-2024,West,Cabinet,Furniture,1724.95,219.56,Consumer,UPI
ORD04838,01-05-2022,East,Cabinet,Furniture,1295.89,306.95,Corporate,Prepaid
ORD04839,18-03-2023,East,Desk,Furniture,921.94,238.24,Home Office,Cash on Delivery
ORD04840,05-11-2024,South,Desk,Furniture,218.65,20.58,Consumer,UPI
ORD04841,24-11-2024,North,Cabinet,Furniture,778.24,119.6,Home Office,Cash on Delivery
ORD04842,02-06-2024,East,Desk,Furniture,1685.77,407.05,Consumer,Cash on Delivery
ORD04843,17-11-2023,West,Notebook,Office Supplies,1165.91,98.24,Home Office,UPI
ORD04844,01-03-2023,South,Monitor,Technology,1990.97,324.96,Consumer,UPI
ORD04845,31-07-2023,East,Mouse,Technology,1551.3,444.27,Consumer,Prepaid
ORD04846,20-06-2024,North,Monitor,Technology,368.92,26.32,Home Office,Cash on Delivery
ORD04847,26-09-2022,West,Mouse,Technology,134.18,29.13,Corporate,Credit Card
ORD04848,14-02-2022,North,File Folder,Office Supplies,864.29,74.88,Consumer,UPI
ORD04849,01-05-2022,East,Pen,Office Supplies,1470.11,301.42,Corporate,Credit Card
ORD04850,03-05-2023,South,Mouse,Technology,102.21,6.05,Consumer,Prepaid
ORD04851,20-08-2024,North,Cabinet,Furniture,125.16,19.09,Consumer,Cash on Delivery
ORD04852,09-12-2023,South,Laptop,Technology,1242.16,73.64,Home Office,Credit Card
ORD04853,13-03-2024,South,Desk,Furniture,120.44,15.81,Consumer,Cash on Delivery
ORD04854,20-11-2023,West,Printer,Technology,1459.34,424.38,Home Office,Prepaid
ORD04855,26-08-2024,South,Table,Furniture,1925.27,442.46,Home Office,Prepaid
ORD04856,05-09-2023,West,Paper,Office Supplies,1129.71,99.44,Corporate,UPI
ORD04857,24-10-2022,South,File Folder,Office Supplies,1113.72,98.71,Home Office,Cash on Delivery
ORD04858,25-11-2024,South,Keyboard,Technology,1392.16,276.85,Home Office,Prepaid
ORD04859,31-03-2024,West,Stapler,Office Supplies,996.65,60.8,Corporate,Credit Card
ORD04860,05-01-2023,East,Table,Furniture,1249.51,351.99,Home Office,UPI
ORD04861,30-06-2024,South,Paper,Office Supplies,1897.76,342.73,Consumer,Cash on Delivery
ORD04862,16-06-2022,East,Keyboard,Technology,671.44,89.36,Consumer,Prepaid
ORD04863,26-01-2023,South,Keyboard,Technology,188.5,10.94,Home Office,Credit Card
ORD04864,02-05-2024,East,Laptop,Technology,311.92,64.64,Home Office,Credit Card
ORD04865,26-04-2022,West,Notebook,Office Supplies,1014.4,78.14,Home Office,Prepaid
ORD04866,17-10-2023,East,Notebook,Office Supplies,1517.24,145.36,Consumer,UPI
ORD04867,13-11-2023,East,File Folder,Office Supplies,839.14,140.32,Consumer,Cash on Delivery
ORD04868,21-11-2022,North,Laptop,Technology,1909.89,159.25,Consumer,Prepaid
ORD04869,05-12-2024,East,Desk,Furniture,1308.63,211.78,Home Office,Cash on Delivery
ORD04870,11-08-2024,West,Notebook,Office Supplies,1058.05,310.06,Consumer,UPI
ORD04871,25-01-2022,East,Keyboard,Technology,670.05,130.92,Home Office,Cash on Delivery
ORD04872,15-02-2022,North,File Folder,Office Supplies,1908.08,538.34,Consumer,UPI
ORD04873,13-10-2024,East,Mouse,Technology,1784.61,523.72,Home Office,Prepaid
ORD04874,14-05-2023,North,Mouse,Technology,1796.58,102.57,Home Office,Credit Card
ORD04875,27-11-2024,East,Chair,Furniture,268.36,61.37,Home Office,UPI
ORD04876,08-10-2022,East,Laptop,Technology,1855.66,241.02,Corporate,Cash on Delivery
ORD04877,08-10-2024,West,Stapler,Office Supplies,380.18,31.74,Home Office,Prepaid
ORD04878,18-05-2024,East,Paper,Office Supplies,1579.73,192.9,Corporate,Credit Card
ORD04879,16-05-2023,South,Notebook,Office Supplies,1792.79,527.64,Consumer,Credit Card
ORD04880,06-01-2023,South,Pen,Office Supplies,1904.53,519.47,Corporate,UPI
ORD04881,30-12-2024,East,Printer,Technology,1170.95,281.15,Consumer,Prepaid
ORD04882,10-02-2023,East,Laptop,Technology,196.56,10.84,Home Office,Cash on Delivery
ORD04883,27-09-2024,West,Bookshelf,Furniture,1988.03,565.9,Consumer,Cash on Delivery
ORD04884,22-08-2024,West,Keyboard,Technology,889.36,82.5,Home Office,Prepaid
ORD04885,11-09-2022,South,Printer,Technology,317.64,73.82,Home Office,Prepaid
ORD04886,16-07-2023,East,Keyboard,Technology,736.39,72.05,Consumer,Credit Card
ORD04887,22-05-2023,West,Keyboard,Technology,247.32,62.36,Corporate,UPI
ORD04888,14-11-2022,South,Chair,Furniture,503.11,79.45,Consumer,UPI
ORD04889,13-08-2022,South,Pen,Office Supplies,441.67,129.61,Corporate,Cash on Delivery
ORD04890,21-06-2024,West,Table,Furniture,1820.61,197.44,Corporate,Prepaid
ORD04891,17-07-2023,North,File Folder,Office Supplies,1244.28,328.65,Consumer,Cash on Delivery
ORD04892,26-01-2024,East,Table,Furniture,1810.27,405.32,Corporate,Cash on Delivery
ORD04893,11-01-2024,West,Laptop,Technology,1730.16,115.35,Consumer,UPI
ORD04894,12-10-2024,North,Stapler,Office Supplies,965.31,58.71,Home Office,Credit Card
ORD04895,19-10-2024,East,Notebook,Office Supplies,874.35,97.63,Consumer,UPI
ORD04896,04-09-2022,West,Paper,Office Supplies,231.99,22.11,Corporate,Credit Card
ORD04897,20-11-2023,North,Mouse,Technology,1630.92,396.33,Home Office,Prepaid
ORD04898,30-12-2024,East,Chair,Furniture,1561.21,142.74,Home Office,Cash on Delivery
ORD04899,24-05-2023,North,Bookshelf,Furniture,1470.73,241.36,Consumer,Prepaid
ORD04900,04-01-2022,North,Chair,Furniture,776.37,100.34,Consumer,Prepaid
ORD04901,30-07-2024,South,Table,Furniture,628.67,118.74,Corporate,UPI
ORD04902,31-01-2024,North,Bookshelf,Furniture,1041.86,208.85,Home Office,UPI
ORD04903,06-11-2023,South,Printer,Technology,1342.72,376.5,Consumer,UPI
ORD04904,02-08-2022,South,Paper,Office Supplies,1702.69,255.83,Consumer,Credit Card
ORD04905,18-10-2022,West,Stapler,Office Supplies,1382.28,170.02,Corporate,Cash on Delivery
ORD04906,18-05-2024,South,Bookshelf,Furniture,772.45,179.71,Consumer,Credit Card
ORD04907,23-04-2024,South,File Folder,Office Supplies,118.07,24.44,Consumer,Prepaid
ORD04908,08-02-2023,West,Pen,Office Supplies,107.11,30.44,Consumer,Credit Card
ORD04909,14-10-2022,North,Mouse,Technology,174,47.75,Consumer,Cash on Delivery
ORD04910,27-09-2022,North,Mouse,Technology,1898.75,148.57,Home Office,Prepaid
ORD04911,24-05-2022,West,Bookshelf,Furniture,185.17,21.5,Consumer,Cash on Delivery
ORD04912,09-01-2023,North,Bookshelf,Furniture,1562.95,162.13,Consumer,Cash on Delivery
ORD04913,30-12-2024,East,Monitor,Technology,90.22,5.63,Consumer,Cash on Delivery
ORD04914,21-09-2024,West,Paper,Office Supplies,797.13,40.25,Corporate,Credit Card
ORD04915,24-01-2024,East,Laptop,Technology,998.39,145.5,Home Office,Credit Card
ORD04916,07-02-2023,South,Keyboard,Technology,1891.9,523.91,Home Office,Prepaid
ORD04917,03-05-2022,South,Chair,Furniture,382.86,74.5,Home Office,Cash on Delivery
ORD04918,25-11-2024,East,Mouse,Technology,134.72,39.72,Corporate,UPI
ORD04919,21-02-2024,South,Notebook,Office Supplies,1480.41,264.98,Consumer,Prepaid
ORD04920,14-10-2024,West,Pen,Office Supplies,1328.74,303.38,Consumer,Prepaid
ORD04921,13-03-2024,North,Notebook,Office Supplies,942.57,57.96,Home Office,Prepaid
ORD04922,13-02-2022,South,Pen,Office Supplies,352.25,41.52,Corporate,Cash on Delivery
ORD04923,28-05-2022,North,Notebook,Office Supplies,858.69,159.48,Corporate,UPI
ORD04924,09-03-2024,South,Desk,Furniture,957.09,248.17,Home Office,Cash on Delivery
ORD04925,13-08-2023,South,Bookshelf,Furniture,1041.53,148.38,Consumer,UPI
ORD04926,08-07-2023,West,Bookshelf,Furniture,68.15,9.23,Consumer,Prepaid
ORD04927,07-05-2022,North,Cabinet,Furniture,335.45,33.56,Corporate,Prepaid
ORD04928,30-07-2022,West,Notebook,Office Supplies,1306.37,261.63,Consumer,Prepaid
ORD04929,18-11-2022,East,Notebook,Office Supplies,270.46,70.9,Consumer,UPI
ORD04930,26-05-2023,West,Notebook,Office Supplies,706.41,202.7,Corporate,Credit Card
ORD04931,29-10-2022,North,Paper,Office Supplies,696.38,119.33,Consumer,Credit Card
ORD04932,09-07-2022,West,Keyboard,Technology,1481.04,146.73,Home Office,Credit Card
ORD04933,17-04-2024,East,Keyboard,Technology,1401.37,389.21,Home Office,Credit Card
ORD04934,12-08-2023,South,Bookshelf,Furniture,1696.13,290.1,Consumer,Credit Card
ORD04935,29-12-2022,South,Keyboard,Technology,1468.97,288.62,Home Office,Prepaid
ORD04936,19-10-2022,East,Table,Furniture,581.57,87.53,Corporate,UPI
ORD04937,01-05-2023,North,Chair,Furniture,1790.2,240.97,Corporate,Cash on Delivery
ORD04938,26-11-2022,South,Stapler,Office Supplies,892.86,254.5,Corporate,Credit Card
ORD04939,23-08-2022,South,Chair,Furniture,1125.65,250.06,Corporate,Credit Card
ORD04940,16-08-2023,West,Desk,Furniture,1015.04,148.48,Consumer,UPI
ORD04941,11-07-2024,North,Bookshelf,Furniture,1109.48,135.73,Home Office,Prepaid
ORD04942,22-02-2023,South,Mouse,Technology,1457.2,148.43,Corporate,Cash on Delivery
ORD04943,15-11-2023,West,Keyboard,Technology,1456.43,137.93,Consumer,UPI
ORD04944,03-09-2023,West,Chair,Furniture,576.9,135.44,Consumer,Credit Card
ORD04945,29-10-2023,East,Keyboard,Technology,164.25,33.04,Corporate,Prepaid
ORD04946,08-07-2024,West,Mouse,Technology,498.93,99.62,Home Office,Prepaid
ORD04947,22-10-2023,South,Pen,Office Supplies,1604.4,98.57,Corporate,Cash on Delivery
ORD04948,03-04-2022,East,File Folder,Office Supplies,877.29,228,Corporate,Cash on Delivery
ORD04949,01-12-2024,North,Cabinet,Furniture,475.86,44.57,Home Office,UPI
ORD04950,11-11-2023,East,Laptop,Technology,1427.93,412.2,Corporate,Cash on Delivery
ORD04951,05-07-2022,South,Pen,Office Supplies,1590.08,259.66,Consumer,Prepaid
ORD04952,10-05-2022,North,Cabinet,Furniture,1000.38,160.46,Corporate,Credit Card
ORD04953,29-06-2024,North,Table,Furniture,1006.29,176.64,Home Office,UPI
ORD04954,31-01-2024,West,Mouse,Technology,1411.24,415.75,Consumer,UPI
ORD04955,11-11-2024,North,Notebook,Office Supplies,1827.92,318.75,Corporate,Prepaid
ORD04956,07-02-2024,North,Keyboard,Technology,519.8,128.86,Corporate,UPI
ORD04957,07-06-2022,South,Keyboard,Technology,1999.75,455.73,Home Office,Prepaid
ORD04958,09-09-2024,West,Chair,Furniture,1420.04,156.13,Consumer,UPI
ORD04959,11-09-2024,East,Paper,Office Supplies,1837.63,284.94,Home Office,Credit Card
ORD04960,02-02-2023,West,Notebook,Office Supplies,494.23,75.45,Corporate,Credit Card
ORD04961,02-01-2023,South,Chair,Furniture,1913.56,489.99,Consumer,UPI
ORD04962,21-08-2024,West,Table,Furniture,655.53,101.79,Corporate,Prepaid
ORD04963,03-09-2022,East,Printer,Technology,1860.05,122.4,Consumer,Prepaid
ORD04964,07-05-2022,South,Bookshelf,Furniture,109.35,17.81,Home Office,UPI
ORD04965,15-10-2023,West,Mouse,Technology,1727.72,370.04,Home Office,Cash on Delivery
ORD04966,09-02-2022,West,Paper,Office Supplies,154.29,15.99,Consumer,Prepaid
ORD04967,26-02-2022,West,Monitor,Technology,152.28,14.92,Corporate,Credit Card
ORD04968,05-01-2024,North,Printer,Technology,1979.05,269.44,Home Office,Prepaid
ORD04969,31-01-2022,South,Cabinet,Furniture,973.6,170.72,Corporate,UPI
ORD04970,28-06-2022,North,Chair,Furniture,725.58,200.61,Consumer,Cash on Delivery
ORD04971,01-08-2023,North,Pen,Office Supplies,1033.76,173.65,Consumer,UPI
ORD04972,16-02-2023,South,Paper,Office Supplies,1722.01,237.21,Corporate,Credit Card
ORD04973,03-08-2024,East,Paper,Office Supplies,130.69,11.74,Home Office,Prepaid
ORD04974,09-09-2024,West,Chair,Furniture,628.1,130.89,Corporate,Credit Card
ORD04975,07-03-2024,West,Keyboard,Technology,718.67,112.67,Consumer,Prepaid
ORD04976,11-05-2023,West,Bookshelf,Furniture,1028.96,250.15,Corporate,Credit Card
ORD04977,05-08-2023,East,Chair,Furniture,1698.25,111.09,Home Office,Cash on Delivery
ORD04978,09-08-2022,West,Chair,Furniture,1397.49,97.65,Consumer,Credit Card
ORD04979,27-12-2023,South,Keyboard,Technology,696.58,199.88,Consumer,Cash on Delivery
ORD04980,28-10-2023,West,Mouse,Technology,748,103.56,Corporate,Credit Card
ORD04981,26-02-2022,South,Desk,Furniture,994.07,51.2,Consumer,Credit Card
ORD04982,11-01-2022,West,Monitor,Technology,959.88,235.85,Corporate,Cash on Delivery
ORD04983,27-05-2024,East,Bookshelf,Furniture,1098.45,196.03,Home Office,Credit Card
ORD04984,27-05-2024,South,Keyboard,Technology,1895.96,260.98,Consumer,Prepaid
ORD04985,06-06-2024,North,Printer,Technology,160.34,30.94,Corporate,Credit Card
ORD04986,02-05-2023,East,Stapler,Office Supplies,460.6,122.6,Corporate,Cash on Delivery
ORD04987,18-03-2022,North,Keyboard,Technology,465.51,75.73,Corporate,Prepaid
ORD04988,15-09-2022,North,Laptop,Technology,1887.15,311.46,Home Office,Credit Card
ORD04989,28-09-2024,South,Table,Furniture,1659.26,277.16,Consumer,Credit Card
ORD04990,02-05-2023,East,Notebook,Office Supplies,1974.83,523.75,Corporate,Credit Card
ORD04991,24-03-2022,South,Pen,Office Supplies,1906.25,331.22,Home Office,Cash on Delivery
ORD04992,12-01-2024,East,Cabinet,Furniture,577.07,51.43,Corporate,Cash on Delivery
ORD04993,18-11-2022,West,Mouse,Technology,1633.88,384.58,Corporate,Credit Card
ORD04994,05-11-2022,East,Desk,Furniture,1197.24,327.23,Consumer,UPI
ORD04995,04-02-2022,North,Cabinet,Furniture,1116.86,256.93,Home Office,Prepaid
ORD04996,17-04-2023,East,Chair,Furniture,992.51,278.19,Corporate,Prepaid
ORD04997,14-07-2024,North,Cabinet,Furniture,1093.32,274.58,Consumer,Credit Card
ORD04998,01-06-2023,West,Paper,Office Supplies,359.33,31.18,Consumer,Credit Card
ORD04999,26-03-2023,West,File Folder,Office Supplies,1184.46,339.53,Corporate,UPI
ORD05000,22-06-2023,West,Keyboard,Technology,1008.3,78.41,Home Office,UPI
